[1m[91merror[]8;;https://docs.astral.sh/ruff/rules/unused-function-argument\ARG001]8;;\][0m: [1mUnused function argument: `request`[0m
  [1m[94m-->[0m src/tracertm/api/handlers/chat.py:8:5
   [1m[94m|[0m
[1m[94m 7 |[0m async def simple_chat(
[1m[94m 8 |[0m     request: Request,
   [1m[94m|[0m     [1m[91m^^^^^^^[0m
[1m[94m 9 |[0m     message: str,
[1m[94m10 |[0m     context: dict[str, Any] | None = None,
   [1m[94m|[0m

[1m[91merror[]8;;https://docs.astral.sh/ruff/rules/unused-function-argument\ARG001]8;;\][0m: [1mUnused function argument: `request`[0m
  [1m[94m-->[0m src/tracertm/api/handlers/chat.py:20:5
   [1m[94m|[0m
[1m[94m19 |[0m async def stream_chat(
[1m[94m20 |[0m     request: Request,
   [1m[94m|[0m     [1m[91m^^^^^^^[0m
[1m[94m21 |[0m     message: str,
[1m[94m22 |[0m     context: dict[str, Any] | None = None,
   [1m[94m|[0m

[1m[91merror[]8;;https://docs.astral.sh/ruff/rules/unused-function-argument\ARG001]8;;\][0m: [1mUnused function argument: `context`[0m
  [1m[94m-->[0m src/tracertm/api/handlers/chat.py:22:5
   [1m[94m|[0m
[1m[94m20 |[0m     request: Request,
[1m[94m21 |[0m     message: str,
[1m[94m22 |[0m     context: dict[str, Any] | None = None,
   [1m[94m|[0m     [1m[91m^^^^^^^[0m
[1m[94m23 |[0m ):
[1m[94m24 |[0m     """Stream chat handler for compatibility."""
   [1m[94m|[0m

[1m[91merror[]8;;https://docs.astral.sh/ruff/rules/unused-import\F401]8;;\][0m[[1m[96m*[0m]: [1m`fastapi.middleware.cors.CORSMiddleware` imported but unused[0m
  [1m[94m-->[0m src/tracertm/api/main.py:40:37
   [1m[94m|[0m
[1m[94m39 |[0m from fastapi import Depends, FastAPI, HTTPException, Request
[1m[94m40 |[0m from fastapi.middleware.cors import CORSMiddleware
   [1m[94m|[0m                                     [1m[91m^^^^^^^^^^^^^^[0m
[1m[94m41 |[0m from fastapi.responses import JSONResponse
[1m[94m42 |[0m from sqlalchemy.ext.asyncio import AsyncSession
   [1m[94m|[0m
[1m[96mhelp[0m: [1mRemove unused import: `fastapi.middleware.cors.CORSMiddleware`[0m
[1m[94m37[0m [1m[94m|[0m from datetime import UTC
[1m[94m38[0m [1m[94m|[0m 
[1m[94m39[0m [1m[94m|[0m from fastapi import Depends, FastAPI, HTTPException, Request
[1m[94m  [0m [1m[31m-[0m [31mfrom fastapi.middleware.cors import CORSMiddleware
[0m[1m[94m40[0m [1m[94m|[0m from fastapi.responses import JSONResponse
[1m[94m41[0m [1m[94m|[0m from sqlalchemy.ext.asyncio import AsyncSession
[1m[94m42[0m [1m[94m|[0m 

[1m[91merror[]8;;https://docs.astral.sh/ruff/rules/unsorted-imports\I001]8;;\][0m[[1m[96m*[0m]: [1mImport block is un-sorted or un-formatted[0m
   [1m[94m-->[0m src/tracertm/api/main.py:352:1
    [1m[94m|[0m
[1m[94m350 |[0m # CORS must be outermost so preflight OPTIONS requests are handled before auth.
[1m[94m351 |[0m # Add last so it wraps everything else.
[1m[94m352 |[0m from tracertm.api.middleware.cors import setup_cors  # noqa: E402
    [1m[94m|[0m [1m[91m^^^^^^^^^^^^^^^^^^^^^^^^^^^^^^^^^^^^^^^^^^^^^^^^^^^[0m
[1m[94m353 |[0m setup_cors(app)
    [1m[94m|[0m
[1m[96mhelp[0m: [1mOrganize imports[0m
[1m[94m350[0m [1m[94m|[0m # CORS must be outermost so preflight OPTIONS requests are handled before auth.
[1m[94m351[0m [1m[94m|[0m # Add last so it wraps everything else.
[1m[94m352[0m [1m[94m|[0m from tracertm.api.middleware.cors import setup_cors  # noqa: E402
[1m[94m353[0m [1m[32m+[0m [32m
[0m[1m[94m354[0m [1m[94m|[0m setup_cors(app)
[1m[94m355[0m [1m[94m|[0m 
[1m[94m356[0m [1m[94m|[0m 

[1m[91merror[]8;;https://docs.astral.sh/ruff/rules/unused-noqa\RUF100]8;;\][0m[[1m[96m*[0m]: [1mUnused `noqa` directive (non-enabled: `E402`)[0m
   [1m[94m-->[0m src/tracertm/api/main.py:352:54
    [1m[94m|[0m
[1m[94m350 |[0m # CORS must be outermost so preflight OPTIONS requests are handled before auth.
[1m[94m351 |[0m # Add last so it wraps everything else.
[1m[94m352 |[0m from tracertm.api.middleware.cors import setup_cors  # noqa: E402
    [1m[94m|[0m                                                      [1m[91m^^^^^^^^^^^^[0m
[1m[94m353 |[0m setup_cors(app)
    [1m[94m|[0m
[1m[96mhelp[0m: [1mRemove unused `noqa` directive[0m
[1m[94m349[0m [1m[94m|[0m 
[1m[94m350[0m [1m[94m|[0m # CORS must be outermost so preflight OPTIONS requests are handled before auth.
[1m[94m351[0m [1m[94m|[0m # Add last so it wraps everything else.
[1m[94m   [0m [1m[31m-[0m [31mfrom tracertm.api.middleware.cors import setup_cors[0m[1m[31m  # noqa: E402[0m[0m[31m
[0m[1m[94m352[0m [1m[32m+[0m [32mfrom tracertm.api.middleware.cors import setup_cors[0m[32m
[0m[1m[94m353[0m [1m[94m|[0m setup_cors(app)
[1m[94m354[0m [1m[94m|[0m 
[1m[94m355[0m [1m[94m|[0m 

[1m[91merror[]8;;https://docs.astral.sh/ruff/rules/non-lowercase-variable-in-function\N806]8;;\][0m: [1mVariable `_MAP` in function should be lowercase[0m
  [1m[94m-->[0m src/tracertm/api/routers/code_trace.py:44:5
   [1m[94m|[0m
[1m[94m42 |[0m def _confidence_for_link(link_type: str) -> float:
[1m[94m43 |[0m     """Map link type to a confidence score."""
[1m[94m44 |[0m     _MAP: dict[str, float] = {
   [1m[94m|[0m     [1m[91m^^^^[0m
[1m[94m45 |[0m         "implements": 0.95,
[1m[94m46 |[0m         "satisfies": 0.95,
   [1m[94m|[0m

[1m[91merror[]8;;https://docs.astral.sh/ruff/rules/used-dummy-variable\RUF052]8;;\][0m: [1mLocal dummy variable `_MAP` is accessed[0m
  [1m[94m-->[0m src/tracertm/api/routers/code_trace.py:44:5
   [1m[94m|[0m
[1m[94m42 |[0m def _confidence_for_link(link_type: str) -> float:
[1m[94m43 |[0m     """Map link type to a confidence score."""
[1m[94m44 |[0m     _MAP: dict[str, float] = {
   [1m[94m|[0m     [1m[91m^^^^[0m
[1m[94m45 |[0m         "implements": 0.95,
[1m[94m46 |[0m         "satisfies": 0.95,
   [1m[94m|[0m
[1m[96mhelp[0m: [1mRemove leading underscores[0m

[1m[91merror[]8;;https://docs.astral.sh/ruff/rules/non-lowercase-variable-in-function\N806]8;;\][0m: [1mVariable `_MAP` in function should be lowercase[0m
  [1m[94m-->[0m src/tracertm/api/routers/code_trace.py:58:5
   [1m[94m|[0m
[1m[94m56 |[0m def _strategy_for_link(link_type: str) -> str:
[1m[94m57 |[0m     """Map link type to an equivalence strategy label."""
[1m[94m58 |[0m     _MAP: dict[str, str] = {
   [1m[94m|[0m     [1m[91m^^^^[0m
[1m[94m59 |[0m         "implements": "explicit_annotation",
[1m[94m60 |[0m         "satisfies": "explicit_annotation",
   [1m[94m|[0m

[1m[91merror[]8;;https://docs.astral.sh/ruff/rules/used-dummy-variable\RUF052]8;;\][0m: [1mLocal dummy variable `_MAP` is accessed[0m
  [1m[94m-->[0m src/tracertm/api/routers/code_trace.py:58:5
   [1m[94m|[0m
[1m[94m56 |[0m def _strategy_for_link(link_type: str) -> str:
[1m[94m57 |[0m     """Map link type to an equivalence strategy label."""
[1m[94m58 |[0m     _MAP: dict[str, str] = {
   [1m[94m|[0m     [1m[91m^^^^[0m
[1m[94m59 |[0m         "implements": "explicit_annotation",
[1m[94m60 |[0m         "satisfies": "explicit_annotation",
   [1m[94m|[0m
[1m[96mhelp[0m: [1mRemove leading underscores[0m

[1m[91merror[]8;;https://docs.astral.sh/ruff/rules/implicit-optional\RUF013]8;;\][0m: [1mPEP 484 prohibits implicit `Optional`[0m
   [1m[94m-->[0m src/tracertm/api/routers/code_trace.py:117:23
    [1m[94m|[0m
[1m[94m115 |[0m     component_id: str,
[1m[94m116 |[0m     project_id: str | None = None,
[1m[94m117 |[0m     claims: Annotated[dict[str, Any], Depends(auth_guard)] = None,
    [1m[94m|[0m                       [1m[91m^^^^^^^^^^^^^^[0m
[1m[94m118 |[0m     db: Annotated[AsyncSession, Depends(get_db)] = None,
[1m[94m119 |[0m ) -> dict[str, Any]:
    [1m[94m|[0m
[1m[96mhelp[0m: [1mConvert to `T | None`[0m

[1m[91merror[]8;;https://docs.astral.sh/ruff/rules/non-lowercase-variable-in-function\N806]8;;\][0m: [1mVariable `_TYPE_ORDER` in function should be lowercase[0m
   [1m[94m-->[0m src/tracertm/api/routers/code_trace.py:174:5
    [1m[94m|[0m
[1m[94m173 |[0m     # Sort by trace type priority: ui → code → requirement → concept
[1m[94m174 |[0m     _TYPE_ORDER = {"ui": 0, "code": 1, "requirement": 2, "concept": 3}
    [1m[94m|[0m     [1m[91m^^^^^^^^^^^[0m
[1m[94m175 |[0m     levels.sort(key=lambda lvl: _TYPE_ORDER.get(lvl["type"], 99))
    [1m[94m|[0m

[1m[91merror[]8;;https://docs.astral.sh/ruff/rules/used-dummy-variable\RUF052]8;;\][0m: [1mLocal dummy variable `_TYPE_ORDER` is accessed[0m
   [1m[94m-->[0m src/tracertm/api/routers/code_trace.py:174:5
    [1m[94m|[0m
[1m[94m173 |[0m     # Sort by trace type priority: ui → code → requirement → concept
[1m[94m174 |[0m     _TYPE_ORDER = {"ui": 0, "code": 1, "requirement": 2, "concept": 3}
    [1m[94m|[0m     [1m[91m^^^^^^^^^^^[0m
[1m[94m175 |[0m     levels.sort(key=lambda lvl: _TYPE_ORDER.get(lvl["type"], 99))
    [1m[94m|[0m
[1m[96mhelp[0m: [1mRemove leading underscores[0m

[1m[91merror[]8;;https://docs.astral.sh/ruff/rules/typing-only-standard-library-import\TC003]8;;\][0m: [1mMove standard library import `datetime.datetime` into a type-checking block[0m
  [1m[94m-->[0m src/tracertm/api/routers/comments.py:11:22
   [1m[94m|[0m
[1m[94m10 |[0m import logging
[1m[94m11 |[0m from datetime import datetime
   [1m[94m|[0m                      [1m[91m^^^^^^^^[0m
[1m[94m12 |[0m from typing import Annotated, Any
   [1m[94m|[0m
[1m[96mhelp[0m: [1mMove into type-checking block[0m

[1m[91merror[]8;;https://docs.astral.sh/ruff/rules/typing-only-third-party-import\TC002]8;;\][0m: [1mMove third-party import `sqlalchemy.ext.asyncio.AsyncSession` into a type-checking block[0m
  [1m[94m-->[0m src/tracertm/api/routers/comments.py:17:36
   [1m[94m|[0m
[1m[94m15 |[0m from pydantic import BaseModel, ConfigDict, Field
[1m[94m16 |[0m from sqlalchemy import select, text
[1m[94m17 |[0m from sqlalchemy.ext.asyncio import AsyncSession
   [1m[94m|[0m                                    [1m[91m^^^^^^^^^^^^[0m
[1m[94m18 |[0m
[1m[94m19 |[0m from tracertm.api.deps import auth_guard, get_db
   [1m[94m|[0m
[1m[96mhelp[0m: [1mMove into type-checking block[0m

[1m[91merror[]8;;https://docs.astral.sh/ruff/rules/quoted-annotation\UP037]8;;\][0m[[1m[96m*[0m]: [1mRemove quotes from type annotation[0m
  [1m[94m-->[0m src/tracertm/api/routers/comments.py:46:48
   [1m[94m|[0m
[1m[94m45 |[0m     @classmethod
[1m[94m46 |[0m     def from_orm_row(cls, row: ItemComment) -> "CommentResponse":
   [1m[94m|[0m                                                [1m[91m^^^^^^^^^^^^^^^^^[0m
[1m[94m47 |[0m         """Map ORM row to response schema."""
[1m[94m48 |[0m         return cls(
   [1m[94m|[0m
[1m[96mhelp[0m: [1mRemove quotes[0m
[1m[94m43[0m [1m[94m|[0m     model_config = ConfigDict(from_attributes=True)
[1m[94m44[0m [1m[94m|[0m 
[1m[94m45[0m [1m[94m|[0m     @classmethod
[1m[94m  [0m [1m[31m-[0m [31m    def from_orm_row(cls, row: ItemComment) -> [0m[1m[31m"CommentResponse":[0m[0m[31m
[0m[1m[94m46[0m [1m[32m+[0m [32m    def from_orm_row(cls, row: ItemComment) -> [0m[1m[32mCommentResponse:[0m[0m[32m
[0m[1m[94m47[0m [1m[94m|[0m         """Map ORM row to response schema."""
[1m[94m48[0m [1m[94m|[0m         return cls(
[1m[94m49[0m [1m[94m|[0m             id=row.id,

[1m[91merror[]8;;https://docs.astral.sh/ruff/rules/unused-function-argument\ARG001]8;;\][0m: [1mUnused function argument: `claims`[0m
  [1m[94m-->[0m src/tracertm/api/routers/comments.py:93:5
   [1m[94m|[0m
[1m[94m91 |[0m async def list_comments(
[1m[94m92 |[0m     item_id: str,
[1m[94m93 |[0m     claims: Annotated[dict[str, object], Depends(auth_guard)],
   [1m[94m|[0m     [1m[91m^^^^^^[0m
[1m[94m94 |[0m     db: Annotated[AsyncSession, Depends(get_db)],
[1m[94m95 |[0m ) -> list[Any]:
   [1m[94m|[0m

[1m[91merror[]8;;https://docs.astral.sh/ruff/rules/unused-noqa\RUF100]8;;\][0m[[1m[96m*[0m]: [1mUnused `noqa` directive (non-enabled: `A002`)[0m
  [1m[94m-->[0m src/tracertm/api/routers/coverage_matrix.py:88:47
   [1m[94m|[0m
[1m[94m86 |[0m     body: MatrixRequest,
[1m[94m87 |[0m     _claims: Annotated[dict[str, Any], Depends(auth_guard)],
[1m[94m88 |[0m     format: Literal["csv", "json"] = "json",  # noqa: A002  # query param name matches FR spec
   [1m[94m|[0m                                               [1m[91m^^^^^^^^^^^^[0m
[1m[94m89 |[0m ) -> Response:
[1m[94m90 |[0m     """Export a requirement coverage matrix in CSV or JSON format.
   [1m[94m|[0m
[1m[96mhelp[0m: [1mRemove unused `noqa` directive[0m
[1m[94m85[0m [1m[94m|[0m async def get_coverage_matrix(
[1m[94m86[0m [1m[94m|[0m     body: MatrixRequest,
[1m[94m87[0m [1m[94m|[0m     _claims: Annotated[dict[str, Any], Depends(auth_guard)],
[1m[94m  [0m [1m[31m-[0m [31m    format: Literal["csv", "json"] = "json",  # [0m[1m[31mnoqa: A002  # [0m[0m[31mquery param name matches FR spec
[0m[1m[94m88[0m [1m[32m+[0m [32m    format: Literal["csv", "json"] = "json",  # [0m[32mquery param name matches FR spec
[0m[1m[94m89[0m [1m[94m|[0m ) -> Response:
[1m[94m90[0m [1m[94m|[0m     """Export a requirement coverage matrix in CSV or JSON format.
[1m[94m91[0m [1m[94m|[0m 

[1m[91merror[]8;;https://docs.astral.sh/ruff/rules/missing-section-name-colon\D416]8;;\][0m[[1m[96m*[0m]: [1mSection name should end with a colon ("Returns")[0m
   [1m[94m-->[0m src/tracertm/api/routers/coverage_matrix.py:99:5
    [1m[94m|[0m
[1m[94m 97 |[0m     format : ``"csv"`` | ``"json"`` (default ``"json"``)
[1m[94m 98 |[0m
[1m[94m 99 |[0m     Returns
    [1m[94m|[0m     [1m[91m^^^^^^^[0m
[1m[94m100 |[0m     -------
[1m[94m101 |[0m     * ``format=json`` — ``application/json`` body with ``meta`` summary and
    [1m[94m|[0m
[1m[96mhelp[0m: [1mAdd colon to "Returns"[0m
[1m[94m96 [0m [1m[94m|[0m     ----------------
[1m[94m97 [0m [1m[94m|[0m     format : ``"csv"`` | ``"json"`` (default ``"json"``)
[1m[94m98 [0m [1m[94m|[0m 
[1m[94m   [0m [1m[31m-[0m [31m    [0m[1m[31mReturns[0m[0m[31m
[0m[1m[94m99 [0m [1m[32m+[0m [32m    [0m[1m[32mReturns:[0m[0m[32m
[0m[1m[94m100[0m [1m[94m|[0m     -------
[1m[94m101[0m [1m[94m|[0m     * ``format=json`` — ``application/json`` body with ``meta`` summary and
[1m[94m102[0m [1m[94m|[0m       ``rows`` array.

[1m[91merror[]8;;https://docs.astral.sh/ruff/rules/commented-out-code\ERA001]8;;\][0m: [1mFound commented-out code[0m
   [1m[94m-->[0m src/tracertm/api/routers/coverage_matrix.py:145:5
    [1m[94m|[0m
[1m[94m143 |[0m         )
[1m[94m144 |[0m
[1m[94m145 |[0m     # default: json
    [1m[94m|[0m     [1m[91m^^^^^^^^^^^^^^^[0m
[1m[94m146 |[0m     json_text = export_json(report)
[1m[94m147 |[0m     return Response(content=json_text, media_type="application/json")
    [1m[94m|[0m
[1m[96mhelp[0m: [1mRemove commented-out code[0m

[1m[91merror[]8;;https://docs.astral.sh/ruff/rules/unused-import\F401]8;;\][0m[[1m[96m*[0m]: [1m`tracertm.services.blast_radius_service.BlastRadiusResult` imported but unused[0m
  [1m[94m-->[0m src/tracertm/api/routers/impact.py:32:52
   [1m[94m|[0m
[1m[94m30 |[0m     query_reverse_impact,
[1m[94m31 |[0m )
[1m[94m32 |[0m from tracertm.services.blast_radius_service import BlastRadiusResult, compute_blast_radius
   [1m[94m|[0m                                                    [1m[91m^^^^^^^^^^^^^^^^^[0m
[1m[94m33 |[0m
[1m[94m34 |[0m router = APIRouter(prefix="/impact", tags=["impact"])
   [1m[94m|[0m
[1m[96mhelp[0m: [1mRemove unused import: `tracertm.services.blast_radius_service.BlastRadiusResult`[0m
[1m[94m29[0m [1m[94m|[0m     query_forward_impact,
[1m[94m30[0m [1m[94m|[0m     query_reverse_impact,
[1m[94m31[0m [1m[94m|[0m )
[1m[94m  [0m [1m[31m-[0m [31mfrom tracertm.services.blast_radius_service import [0m[1m[31mBlastRadiusResult, [0m[0m[31mcompute_blast_radius
[0m[1m[94m32[0m [1m[32m+[0m [32mfrom tracertm.services.blast_radius_service import [0m[32mcompute_blast_radius
[0m[1m[94m33[0m [1m[94m|[0m 
[1m[94m34[0m [1m[94m|[0m router = APIRouter(prefix="/impact", tags=["impact"])
[1m[94m35[0m [1m[94m|[0m 

[1m[91merror[]8;;https://docs.astral.sh/ruff/rules/undocumented-param\D417]8;;\][0m: [1mMissing argument descriptions in the docstring for `forward_impact`: `claims`, `driver`[0m
  [1m[94m-->[0m src/tracertm/api/routers/impact.py:38:11
   [1m[94m|[0m
[1m[94m37 |[0m @router.get("/forward/{artifact_id}", summary="Forward impact of an artifact")
[1m[94m38 |[0m async def forward_impact(
   [1m[94m|[0m           [1m[91m^^^^^^^^^^^^^^[0m
[1m[94m39 |[0m     artifact_id: str,
[1m[94m40 |[0m     claims: Annotated[dict[str, Any], Depends(auth_guard)],
   [1m[94m|[0m

[1m[91merror[]8;;https://docs.astral.sh/ruff/rules/unused-function-argument\ARG001]8;;\][0m: [1mUnused function argument: `claims`[0m
  [1m[94m-->[0m src/tracertm/api/routers/impact.py:40:5
   [1m[94m|[0m
[1m[94m38 |[0m async def forward_impact(
[1m[94m39 |[0m     artifact_id: str,
[1m[94m40 |[0m     claims: Annotated[dict[str, Any], Depends(auth_guard)],
   [1m[94m|[0m     [1m[91m^^^^^^[0m
[1m[94m41 |[0m     driver: Annotated[Any, Depends(get_neo4j_driver)],
[1m[94m42 |[0m ) -> dict[str, Any]:
   [1m[94m|[0m

[1m[91merror[]8;;https://docs.astral.sh/ruff/rules/undocumented-param\D417]8;;\][0m: [1mMissing argument descriptions in the docstring for `reverse_impact`: `claims`, `driver`[0m
  [1m[94m-->[0m src/tracertm/api/routers/impact.py:66:11
   [1m[94m|[0m
[1m[94m65 |[0m @router.get("/reverse/{artifact_id}", summary="Reverse impact on an artifact")
[1m[94m66 |[0m async def reverse_impact(
   [1m[94m|[0m           [1m[91m^^^^^^^^^^^^^^[0m
[1m[94m67 |[0m     artifact_id: str,
[1m[94m68 |[0m     claims: Annotated[dict[str, Any], Depends(auth_guard)],
   [1m[94m|[0m

[1m[91merror[]8;;https://docs.astral.sh/ruff/rules/unused-function-argument\ARG001]8;;\][0m: [1mUnused function argument: `claims`[0m
  [1m[94m-->[0m src/tracertm/api/routers/impact.py:68:5
   [1m[94m|[0m
[1m[94m66 |[0m async def reverse_impact(
[1m[94m67 |[0m     artifact_id: str,
[1m[94m68 |[0m     claims: Annotated[dict[str, Any], Depends(auth_guard)],
   [1m[94m|[0m     [1m[91m^^^^^^[0m
[1m[94m69 |[0m     driver: Annotated[Any, Depends(get_neo4j_driver)],
[1m[94m70 |[0m ) -> dict[str, Any]:
   [1m[94m|[0m

[1m[91merror[]8;;https://docs.astral.sh/ruff/rules/undocumented-param\D417]8;;\][0m: [1mMissing argument descriptions in the docstring for `blast_radius`: `claims`, `driver`[0m
   [1m[94m-->[0m src/tracertm/api/routers/impact.py:98:11
    [1m[94m|[0m
[1m[94m 96 |[0m     response_model=None,
[1m[94m 97 |[0m )
[1m[94m 98 |[0m async def blast_radius(
    [1m[94m|[0m           [1m[91m^^^^^^^^^^^^[0m
[1m[94m 99 |[0m     artifact_id: str,
[1m[94m100 |[0m     claims: Annotated[dict[str, Any], Depends(auth_guard)],
    [1m[94m|[0m

[1m[91merror[]8;;https://docs.astral.sh/ruff/rules/unused-function-argument\ARG001]8;;\][0m: [1mUnused function argument: `claims`[0m
   [1m[94m-->[0m src/tracertm/api/routers/impact.py:100:5
    [1m[94m|[0m
[1m[94m 98 |[0m async def blast_radius(
[1m[94m 99 |[0m     artifact_id: str,
[1m[94m100 |[0m     claims: Annotated[dict[str, Any], Depends(auth_guard)],
    [1m[94m|[0m     [1m[91m^^^^^^[0m
[1m[94m101 |[0m     driver: Annotated[Any, Depends(get_neo4j_driver)],
[1m[94m102 |[0m     depth: int = Query(default=5, ge=1, le=20, description="Maximum traversal depth"),
    [1m[94m|[0m

[1m[91merror[]8;;https://docs.astral.sh/ruff/rules/ambiguous-unicode-character-docstring\RUF002]8;;\][0m: [1mDocstring contains ambiguous `–` (EN DASH). Did you mean `-` (HYPHEN-MINUS)?[0m
   [1m[94m-->[0m src/tracertm/api/routers/impact.py:108:66
    [1m[94m|[0m
[1m[94m106 |[0m     Uses the forward impact traversal (Neo4j trace-link graph) to determine
[1m[94m107 |[0m     the reachable downstream artifact set, then applies per-ArtifactKind risk
[1m[94m108 |[0m     weights and link-confidence factors to produce a normalised 0–100 score.
    [1m[94m|[0m                                                                  [1m[91m^[0m
[1m[94m109 |[0m
[1m[94m110 |[0m     A ``CRITICAL`` score (≥ 75) means changes to this artifact risk cascading
    [1m[94m|[0m

[1m[91merror[]8;;https://docs.astral.sh/ruff/rules/ambiguous-unicode-character-docstring\RUF002]8;;\][0m: [1mDocstring contains ambiguous `–` (EN DASH). Did you mean `-` (HYPHEN-MINUS)?[0m
   [1m[94m-->[0m src/tracertm/api/routers/impact.py:118:66
    [1m[94m|[0m
[1m[94m117 |[0m     Returns:
[1m[94m118 |[0m         JSON body with ``artifact_id``, ``blast_radius_score`` (0–100),
    [1m[94m|[0m                                                                  [1m[91m^[0m
[1m[94m119 |[0m         ``risk_level`` (LOW/MEDIUM/HIGH/CRITICAL), ``affected_count``,
[1m[94m120 |[0m         ``affected_artifacts``, and ``critical_path``.
    [1m[94m|[0m

[1m[91merror[]8;;https://docs.astral.sh/ruff/rules/unsorted-imports\I001]8;;\][0m[[1m[96m*[0m]: [1mImport block is un-sorted or un-formatted[0m
   [1m[94m-->[0m src/tracertm/api/routers/impact.py:122:5
    [1m[94m|[0m
[1m[94m120 |[0m           ``affected_artifacts``, and ``critical_path``.
[1m[94m121 |[0m       """
[1m[94m122 |[0m [1m[91m/[0m     import uuid as _uuid
[1m[94m123 |[0m [1m[91m|[0m
[1m[94m124 |[0m [1m[91m|[0m     from tracertm.models.trace_link import Artifact as _Artifact, ArtifactKind as _ArtifactKind, TraceLink as _TraceLink, TraceLinkType as _TraceLinkType
    [1m[94m|[0m [1m[91m|_________________________________________________________________________________________________________________________________________________________^[0m
[1m[94m125 |[0m
[1m[94m126 |[0m       # Retrieve the forward impact set from Neo4j.
    [1m[94m|[0m
[1m[96mhelp[0m: [1mOrganize imports[0m
[1m[94m121[0m [1m[94m|[0m     """
[1m[94m122[0m [1m[94m|[0m     import uuid as _uuid
[1m[94m123[0m [1m[94m|[0m 
[1m[94m   [0m [1m[31m-[0m [31m    from tracertm.models.trace_link import Artifact as _Artifact, ArtifactKind as _ArtifactKind, TraceLink as _TraceLink, TraceLinkType as _TraceLinkType
[0m[1m[94m124[0m [1m[32m+[0m [32m    from tracertm.models.trace_link import Artifact as _Artifact
[0m[1m[94m125[0m [1m[32m+[0m [32m    from tracertm.models.trace_link import ArtifactKind as _ArtifactKind
[0m[1m[94m126[0m [1m[32m+[0m [32m    from tracertm.models.trace_link import TraceLink as _TraceLink
[0m[1m[94m127[0m [1m[32m+[0m [32m    from tracertm.models.trace_link import TraceLinkType as _TraceLinkType
[0m[1m[94m128[0m [1m[94m|[0m 
[1m[94m129[0m [1m[94m|[0m     # Retrieve the forward impact set from Neo4j.
[1m[94m130[0m [1m[94m|[0m     affected_rows = await query_forward_impact(driver, artifact_id)

[1m[91merror[]8;;https://docs.astral.sh/ruff/rules/used-dummy-variable\RUF052]8;;\][0m: [1mLocal dummy variable `_proj_id` is accessed[0m
   [1m[94m-->[0m src/tracertm/api/routers/impact.py:133:5
    [1m[94m|[0m
[1m[94m131 |[0m     # IMPLEMENTS link from artifact_id to each direct descendant so the
[1m[94m132 |[0m     # risk-weighting accounts for ArtifactKind differences.
[1m[94m133 |[0m     _proj_id = _uuid.uuid4()
    [1m[94m|[0m     [1m[91m^^^^^^^^[0m
[1m[94m134 |[0m
[1m[94m135 |[0m     def _make_artifact(row: dict[str, Any]) -> _Artifact:
    [1m[94m|[0m
[1m[96mhelp[0m: [1mRemove leading underscores[0m

[1m[91merror[]8;;https://docs.astral.sh/ruff/rules/typing-only-first-party-import\TC001]8;;\][0m: [1mMove application import `tracertm.models.trace_link.Artifact` into a type-checking block[0m
  [1m[94m-->[0m src/tracertm/api/routers/impact_scoring.py:15:40
   [1m[94m|[0m
[1m[94m14 |[0m from tracertm.api.deps import auth_guard
[1m[94m15 |[0m from tracertm.models.trace_link import Artifact, TraceLink
   [1m[94m|[0m                                        [1m[91m^^^^^^^^[0m
[1m[94m16 |[0m from tracertm.services.blast_radius_service import BlastRadiusResult, compute_blast_radius
   [1m[94m|[0m
[1m[96mhelp[0m: [1mMove into type-checking block[0m

[1m[91merror[]8;;https://docs.astral.sh/ruff/rules/typing-only-first-party-import\TC001]8;;\][0m: [1mMove application import `tracertm.models.trace_link.TraceLink` into a type-checking block[0m
  [1m[94m-->[0m src/tracertm/api/routers/impact_scoring.py:15:50
   [1m[94m|[0m
[1m[94m14 |[0m from tracertm.api.deps import auth_guard
[1m[94m15 |[0m from tracertm.models.trace_link import Artifact, TraceLink
   [1m[94m|[0m                                                  [1m[91m^^^^^^^^^[0m
[1m[94m16 |[0m from tracertm.services.blast_radius_service import BlastRadiusResult, compute_blast_radius
   [1m[94m|[0m
[1m[96mhelp[0m: [1mMove into type-checking block[0m

[1m[91merror[]8;;https://docs.astral.sh/ruff/rules/undocumented-public-class\D101]8;;\][0m: [1mMissing docstring in public class[0m
  [1m[94m-->[0m src/tracertm/api/routers/ingest.py:17:7
   [1m[94m|[0m
[1m[94m17 |[0m class GitHubIssueIngestRequest(BaseModel):
   [1m[94m|[0m       [1m[91m^^^^^^^^^^^^^^^^^^^^^^^^[0m
[1m[94m18 |[0m     repo: str = Field(min_length=1)
[1m[94m19 |[0m     issues: list[dict[str, Any]] = Field(default_factory=list)
   [1m[94m|[0m

[1m[91merror[]8;;https://docs.astral.sh/ruff/rules/undocumented-public-class\D101]8;;\][0m: [1mMissing docstring in public class[0m
  [1m[94m-->[0m src/tracertm/api/routers/ingest.py:22:7
   [1m[94m|[0m
[1m[94m22 |[0m class JiraIssueIngestRequest(BaseModel):
   [1m[94m|[0m       [1m[91m^^^^^^^^^^^^^^^^^^^^^^[0m
[1m[94m23 |[0m     issues: list[dict[str, Any]] = Field(default_factory=list)
   [1m[94m|[0m

[1m[91merror[]8;;https://docs.astral.sh/ruff/rules/blank-line-after-function\D202]8;;\][0m[[1m[96m*[0m]: [1mNo blank lines allowed after function docstring (found 1)[0m
  [1m[94m-->[0m src/tracertm/api/routers/ingest.py:31:5
   [1m[94m|[0m
[1m[94m29 |[0m     _claims: Annotated[dict[str, Any], Depends(auth_guard)],
[1m[94m30 |[0m ) -> BulkIngestionResult:
[1m[94m31 |[0m     """Bulk-ingest GitHub issues into Requirements + TraceLinks."""
   [1m[94m|[0m     [1m[91m^^^^^^^^^^^^^^^^^^^^^^^^^^^^^^^^^^^^^^^^^^^^^^^^^^^^^^^^^^^^^^^[0m
[1m[94m32 |[0m
[1m[94m33 |[0m     service = GitHubImportService()
   [1m[94m|[0m
[1m[96mhelp[0m: [1mRemove blank line(s) after function docstring[0m
[1m[94m29[0m [1m[94m|[0m     _claims: Annotated[dict[str, Any], Depends(auth_guard)],
[1m[94m30[0m [1m[94m|[0m ) -> BulkIngestionResult:
[1m[94m31[0m [1m[94m|[0m     """Bulk-ingest GitHub issues into Requirements + TraceLinks."""
[1m[94m  [0m [1m[31m-[0m [31m
[0m[1m[94m32[0m [1m[94m|[0m     service = GitHubImportService()
[1m[94m33[0m [1m[94m|[0m     return service.import_issues(body.repo, body.issues)
[1m[94m34[0m [1m[94m|[0m 

[1m[91merror[]8;;https://docs.astral.sh/ruff/rules/blank-line-after-function\D202]8;;\][0m[[1m[96m*[0m]: [1mNo blank lines allowed after function docstring (found 1)[0m
  [1m[94m-->[0m src/tracertm/api/routers/ingest.py:42:5
   [1m[94m|[0m
[1m[94m40 |[0m     _claims: Annotated[dict[str, Any], Depends(auth_guard)],
[1m[94m41 |[0m ) -> BulkIngestionResult:
[1m[94m42 |[0m     """Bulk-ingest Jira issues into Requirements + TraceLinks."""
   [1m[94m|[0m     [1m[91m^^^^^^^^^^^^^^^^^^^^^^^^^^^^^^^^^^^^^^^^^^^^^^^^^^^^^^^^^^^^^[0m
[1m[94m43 |[0m
[1m[94m44 |[0m     service = JiraImportService()
   [1m[94m|[0m
[1m[96mhelp[0m: [1mRemove blank line(s) after function docstring[0m
[1m[94m40[0m [1m[94m|[0m     _claims: Annotated[dict[str, Any], Depends(auth_guard)],
[1m[94m41[0m [1m[94m|[0m ) -> BulkIngestionResult:
[1m[94m42[0m [1m[94m|[0m     """Bulk-ingest Jira issues into Requirements + TraceLinks."""
[1m[94m  [0m [1m[31m-[0m [31m
[0m[1m[94m43[0m [1m[94m|[0m     service = JiraImportService()
[1m[94m44[0m [1m[94m|[0m     return service.import_issues(body.issues)
[1m[94m45[0m [1m[94m|[0m 

[1m[91merror[]8;;https://docs.astral.sh/ruff/rules/too-many-newlines-at-end-of-file\W391]8;;\][0m[[1m[96m*[0m]: [1mExtra newline at end of file[0m
  [1m[94m-->[0m src/tracertm/api/routers/ingest.py:46:1
   [1m[94m|[0m
[1m[94m44 |[0m     service = JiraImportService()
[1m[94m45 |[0m     return service.import_issues(body.issues)
[1m[94m46 |[0m
   [1m[94m|[0m [1m[91m^[0m
   [1m[94m|[0m
[1m[96mhelp[0m: [1mRemove trailing newline[0m
[1m[94m43[0m [1m[94m|[0m 
[1m[94m44[0m [1m[94m|[0m     service = JiraImportService()
[1m[94m45[0m [1m[94m|[0m     return service.import_issues(body.issues)
[1m[94m  [0m [1m[31m-[0m [31m
[0m
[1m[91merror[]8;;https://docs.astral.sh/ruff/rules/invalid-rule-code\RUF102]8;;\][0m[[1m[96m*[0m]: [1mInvalid rule code in `# noqa`: PLW0717[0m
   [1m[94m-->[0m src/tracertm/api/routers/integrations.py:243:11
    [1m[94m|[0m
[1m[94m241 |[0m     error = None
[1m[94m242 |[0m
[1m[94m243 |[0m     try:  # noqa: PLW0717
    [1m[94m|[0m           [1m[91m^^^^^^^^^^^^^^^[0m
[1m[94m244 |[0m         if credential.provider == "github":
[1m[94m245 |[0m             gh_client = GitHubClient(token)
    [1m[94m|[0m
[1m[96mhelp[0m: [1mAdd non-Ruff rule codes to the `lint.external` configuration option[0m
[1m[96mhelp[0m: [1mRemove the `# noqa` comment[0m
[1m[94m240[0m [1m[94m|[0m     user_info: dict[str, Any] = {}
[1m[94m241[0m [1m[94m|[0m     error = None
[1m[94m242[0m [1m[94m|[0m 
[1m[94m   [0m [1m[31m-[0m [31m    try:[0m[1m[31m  # noqa: PLW0717[0m[0m[31m
[0m[1m[94m243[0m [1m[32m+[0m [32m    try:[0m[32m
[0m[1m[94m244[0m [1m[94m|[0m         if credential.provider == "github":
[1m[94m245[0m [1m[94m|[0m             gh_client = GitHubClient(token)
[1m[94m246[0m [1m[94m|[0m             try:

[1m[91merror[]8;;https://docs.astral.sh/ruff/rules/missing-return-type-class-method\ANN206]8;;\][0m: [1mMissing return type annotation for classmethod `initialize`[0m
  [1m[94m-->[0m src/tracertm/database/connection.py:14:9
   [1m[94m|[0m
[1m[94m13 |[0m     @classmethod
[1m[94m14 |[0m     def initialize(cls, database_url: str, **kwargs):
   [1m[94m|[0m         [1m[91m^^^^^^^^^^[0m
[1m[94m15 |[0m         """Initialize the database connection."""
[1m[94m16 |[0m         cls._engine = create_engine(database_url, **kwargs)
   [1m[94m|[0m
[1m[96mhelp[0m: [1mAdd return type annotation: `None`[0m

[1m[91merror[]8;;https://docs.astral.sh/ruff/rules/missing-type-kwargs\ANN003]8;;\][0m: [1mMissing type annotation for `**kwargs`[0m
  [1m[94m-->[0m src/tracertm/database/connection.py:14:44
   [1m[94m|[0m
[1m[94m13 |[0m     @classmethod
[1m[94m14 |[0m     def initialize(cls, database_url: str, **kwargs):
   [1m[94m|[0m                                            [1m[91m^^^^^^^^[0m
[1m[94m15 |[0m         """Initialize the database connection."""
[1m[94m16 |[0m         cls._engine = create_engine(database_url, **kwargs)
   [1m[94m|[0m

[1m[91merror[]8;;https://docs.astral.sh/ruff/rules/missing-return-type-class-method\ANN206]8;;\][0m: [1mMissing return type annotation for classmethod `reset`[0m
  [1m[94m-->[0m src/tracertm/database/connection.py:28:9
   [1m[94m|[0m
[1m[94m27 |[0m     @classmethod
[1m[94m28 |[0m     def reset(cls):
   [1m[94m|[0m         [1m[91m^^^^^[0m
[1m[94m29 |[0m         """Reset the connection."""
[1m[94m30 |[0m         cls._engine = None
   [1m[94m|[0m
[1m[96mhelp[0m: [1mAdd return type annotation: `None`[0m

[1m[91merror[]8;;https://docs.astral.sh/ruff/rules/missing-return-type-undocumented-public-function\ANN201]8;;\][0m: [1mMissing return type annotation for public function `get_engine`[0m
  [1m[94m-->[0m src/tracertm/database/connection.py:39:5
   [1m[94m|[0m
[1m[94m39 |[0m def get_engine():
   [1m[94m|[0m     [1m[91m^^^^^^^^^^[0m
[1m[94m40 |[0m     """Get the database engine."""
[1m[94m41 |[0m     return DatabaseConnection._engine
   [1m[94m|[0m
[1m[96mhelp[0m: [1mAdd return type annotation[0m

[1m[91merror[]8;;https://docs.astral.sh/ruff/rules/unsorted-imports\I001]8;;\][0m[[1m[96m*[0m]: [1mImport block is un-sorted or un-formatted[0m
  [1m[94m-->[0m src/tracertm/models/_exports.py:3:1
   [1m[94m|[0m
[1m[94m 1 |[0m   """SQLAlchemy model exports and optional imports. Not part of public API."""
[1m[94m 2 |[0m
[1m[94m 3 |[0m [1m[91m/[0m from __future__ import annotations
[1m[94m 4 |[0m [1m[91m|[0m
[1m[94m 5 |[0m [1m[91m|[0m from typing import TYPE_CHECKING
[1m[94m 6 |[0m [1m[91m|[0m
[1m[94m 7 |[0m [1m[91m|[0m from tracertm.models.account import Account
[1m[94m 8 |[0m [1m[91m|[0m from tracertm.models.account_user import AccountUser
[1m[94m 9 |[0m [1m[91m|[0m from tracertm.models.agent import Agent
[1m[94m10 |[0m [1m[91m|[0m from tracertm.models.agent_event import AgentEvent
[1m[94m11 |[0m [1m[91m|[0m from tracertm.models.agent_lock import AgentLock
[1m[94m12 |[0m [1m[91m|[0m from tracertm.models.agent_session import AgentSession
[1m[94m13 |[0m [1m[91m|[0m from tracertm.models.base import Base
[1m[94m14 |[0m [1m[91m|[0m from tracertm.models.event import Event
[1m[94m15 |[0m [1m[91m|[0m from tracertm.models.external_link import ExternalLink
[1m[94m16 |[0m [1m[91m|[0m from tracertm.models.graph import Graph
[1m[94m17 |[0m [1m[91m|[0m from tracertm.models.graph_change import GraphChange
[1m[94m18 |[0m [1m[91m|[0m from tracertm.models.graph_node import GraphNode
[1m[94m19 |[0m [1m[91m|[0m from tracertm.models.graph_snapshot import GraphSnapshot
[1m[94m20 |[0m [1m[91m|[0m from tracertm.models.graph_type import GraphType
[1m[94m21 |[0m [1m[91m|[0m from tracertm.models.item import Item
[1m[94m22 |[0m [1m[91m|[0m from tracertm.models.item_view import ItemView
[1m[94m23 |[0m [1m[91m|[0m from tracertm.models.link import Link
[1m[94m24 |[0m [1m[91m|[0m from tracertm.models.link_type import LinkType
[1m[94m25 |[0m [1m[91m|[0m from tracertm.models.trace_link import (
[1m[94m26 |[0m [1m[91m|[0m     NEO4J_NODE_LABELS,
[1m[94m27 |[0m [1m[91m|[0m     NEO4J_RELATIONSHIP_TYPES,
[1m[94m28 |[0m [1m[91m|[0m     Artifact,
[1m[94m29 |[0m [1m[91m|[0m     ArtifactKind,
[1m[94m30 |[0m [1m[91m|[0m     Neo4jSchema,
[1m[94m31 |[0m [1m[91m|[0m     Requirement,
[1m[94m32 |[0m [1m[91m|[0m     RequirementStatus,
[1m[94m33 |[0m [1m[91m|[0m     TraceLink,
[1m[94m34 |[0m [1m[91m|[0m     TraceLinkType,
[1m[94m35 |[0m [1m[91m|[0m     VerificationMethod,
[1m[94m36 |[0m [1m[91m|[0m )
[1m[94m37 |[0m [1m[91m|[0m from tracertm.models.node_kind import NodeKind
[1m[94m38 |[0m [1m[91m|[0m from tracertm.models.node_kind_rule import NodeKindRule
[1m[94m39 |[0m [1m[91m|[0m from tracertm.models.problem import Problem, ProblemActivity
[1m[94m40 |[0m [1m[91m|[0m from tracertm.models.process import Process, ProcessExecution
[1m[94m41 |[0m [1m[91m|[0m from tracertm.models.project import Project
[1m[94m42 |[0m [1m[91m|[0m from tracertm.models.user import User
[1m[94m43 |[0m [1m[91m|[0m from tracertm.models.workflow import Workflow
[1m[94m44 |[0m [1m[91m|[0m from tracertm.models.workflow_run import WorkflowRun
[1m[94m45 |[0m [1m[91m|[0m from tracertm.models.workflow_schedule import WorkflowSchedule
   [1m[94m|[0m [1m[91m|______________________________________________________________^[0m
[1m[94m46 |[0m
[1m[94m47 |[0m   if TYPE_CHECKING:
   [1m[94m|[0m
[1m[96mhelp[0m: [1mOrganize imports[0m
[1m[94m22[0m [1m[94m|[0m from tracertm.models.item_view import ItemView
[1m[94m23[0m [1m[94m|[0m from tracertm.models.link import Link
[1m[94m24[0m [1m[94m|[0m from tracertm.models.link_type import LinkType
[1m[94m25[0m [1m[32m+[0m [32mfrom tracertm.models.node_kind import NodeKind
[0m[1m[94m26[0m [1m[32m+[0m [32mfrom tracertm.models.node_kind_rule import NodeKindRule
[0m[1m[94m27[0m [1m[32m+[0m [32mfrom tracertm.models.problem import Problem, ProblemActivity
[0m[1m[94m28[0m [1m[32m+[0m [32mfrom tracertm.models.process import Process, ProcessExecution
[0m[1m[94m29[0m [1m[32m+[0m [32mfrom tracertm.models.project import Project
[0m[1m[94m30[0m [1m[94m|[0m from tracertm.models.trace_link import (
[1m[94m31[0m [1m[94m|[0m     NEO4J_NODE_LABELS,
[1m[94m32[0m [1m[94m|[0m     NEO4J_RELATIONSHIP_TYPES,
--------------------------------------------------------------------------------
[1m[94m39[0m [1m[94m|[0m     TraceLinkType,
[1m[94m40[0m [1m[94m|[0m     VerificationMethod,
[1m[94m41[0m [1m[94m|[0m )
[1m[94m  [0m [1m[31m-[0m [31mfrom tracertm.models.node_kind import NodeKind
[0m[1m[94m  [0m [1m[31m-[0m [31mfrom tracertm.models.node_kind_rule import NodeKindRule
[0m[1m[94m  [0m [1m[31m-[0m [31mfrom tracertm.models.problem import Problem, ProblemActivity
[0m[1m[94m  [0m [1m[31m-[0m [31mfrom tracertm.models.process import Process, ProcessExecution
[0m[1m[94m  [0m [1m[31m-[0m [31mfrom tracertm.models.project import Project
[0m[1m[94m42[0m [1m[94m|[0m from tracertm.models.user import User
[1m[94m43[0m [1m[94m|[0m from tracertm.models.workflow import Workflow
[1m[94m44[0m [1m[94m|[0m from tracertm.models.workflow_run import WorkflowRun

[1m[91merror[]8;;https://docs.astral.sh/ruff/rules/unsorted-dunder-all\RUF022]8;;\][0m[[1m[96m*[0m]: [1m`__all__` is not sorted[0m
   [1m[94m-->[0m src/tracertm/models/_exports.py:240:11
    [1m[94m|[0m
[1m[94m238 |[0m           SpecEmbedding = None  # type: ignore[assignment,misc]
[1m[94m239 |[0m
[1m[94m240 |[0m   __all__ = [
    [1m[94m|[0m  [1m[91m___________^[0m
[1m[94m241 |[0m [1m[91m|[0m     "ADR",
[1m[94m242 |[0m [1m[91m|[0m     "ADRStatus",
[1m[94m243 |[0m [1m[91m|[0m     "Account",
[1m[94m244 |[0m [1m[91m|[0m     "AccountUser",
[1m[94m245 |[0m [1m[91m|[0m     "Agent",
[1m[94m246 |[0m [1m[91m|[0m     "AgentEvent",
[1m[94m247 |[0m [1m[91m|[0m     "AgentLock",
[1m[94m248 |[0m [1m[91m|[0m     "AgentSession",
[1m[94m249 |[0m [1m[91m|[0m     "Artifact",
[1m[94m250 |[0m [1m[91m|[0m     "ArtifactKind",
[1m[94m251 |[0m [1m[91m|[0m     "Base",
[1m[94m252 |[0m [1m[91m|[0m     "Baseline",
[1m[94m253 |[0m [1m[91m|[0m     "BaselineItem",
[1m[94m254 |[0m [1m[91m|[0m     "CodexAgentInteraction",
[1m[94m255 |[0m [1m[91m|[0m     "ConstraintType",
[1m[94m256 |[0m [1m[91m|[0m     "Contract",
[1m[94m257 |[0m [1m[91m|[0m     "ContractStatus",
[1m[94m258 |[0m [1m[91m|[0m     "ContractType",
[1m[94m259 |[0m [1m[91m|[0m     "CoverageActivity",
[1m[94m260 |[0m [1m[91m|[0m     "DefectSpec",
[1m[94m261 |[0m [1m[91m|[0m     "EpicSpec",
[1m[94m262 |[0m [1m[91m|[0m     "Event",
[1m[94m263 |[0m [1m[91m|[0m     "Execution",
[1m[94m264 |[0m [1m[91m|[0m     "ExecutionArtifact",
[1m[94m265 |[0m [1m[91m|[0m     "ExecutionEnvironmentConfig",
[1m[94m266 |[0m [1m[91m|[0m     "ExternalLink",
[1m[94m267 |[0m [1m[91m|[0m     "Feature",
[1m[94m268 |[0m [1m[91m|[0m     "FeatureStatus",
[1m[94m269 |[0m [1m[91m|[0m     "GitHubAppInstallation",
[1m[94m270 |[0m [1m[91m|[0m     "GitHubProject",
[1m[94m271 |[0m [1m[91m|[0m     "Graph",
[1m[94m272 |[0m [1m[91m|[0m     "GraphChange",
[1m[94m273 |[0m [1m[91m|[0m     "GraphNode",
[1m[94m274 |[0m [1m[91m|[0m     "GraphSnapshot",
[1m[94m275 |[0m [1m[91m|[0m     "GraphType",
[1m[94m276 |[0m [1m[91m|[0m     "IntegrationConflict",
[1m[94m277 |[0m [1m[91m|[0m     "IntegrationCredential",
[1m[94m278 |[0m [1m[91m|[0m     "IntegrationMapping",
[1m[94m279 |[0m [1m[91m|[0m     "IntegrationRateLimit",
[1m[94m280 |[0m [1m[91m|[0m     "IntegrationSyncLog",
[1m[94m281 |[0m [1m[91m|[0m     "IntegrationSyncQueue",
[1m[94m282 |[0m [1m[91m|[0m     "Item",
[1m[94m283 |[0m [1m[91m|[0m     "ItemView",
[1m[94m284 |[0m [1m[91m|[0m     "LinearAppInstallation",
[1m[94m285 |[0m [1m[91m|[0m     "Link",
[1m[94m286 |[0m [1m[91m|[0m     "LinkType",
[1m[94m287 |[0m [1m[91m|[0m     "MerkleProofCache",
[1m[94m288 |[0m [1m[91m|[0m     "NEO4J_NODE_LABELS",
[1m[94m289 |[0m [1m[91m|[0m     "NEO4J_RELATIONSHIP_TYPES",
[1m[94m290 |[0m [1m[91m|[0m     "Neo4jSchema",
[1m[94m291 |[0m [1m[91m|[0m     "NodeKind",
[1m[94m292 |[0m [1m[91m|[0m     "NodeKindRule",
[1m[94m293 |[0m [1m[91m|[0m     "Problem",
[1m[94m294 |[0m [1m[91m|[0m     "ProblemActivity",
[1m[94m295 |[0m [1m[91m|[0m     "Process",
[1m[94m296 |[0m [1m[91m|[0m     "ProcessExecution",
[1m[94m297 |[0m [1m[91m|[0m     "Project",
[1m[94m298 |[0m [1m[91m|[0m     "Requirement",
[1m[94m299 |[0m [1m[91m|[0m     "RequirementQuality",
[1m[94m300 |[0m [1m[91m|[0m     "RequirementSpec",
[1m[94m301 |[0m [1m[91m|[0m     "RequirementStatus",
[1m[94m302 |[0m [1m[91m|[0m     "RequirementType",
[1m[94m303 |[0m [1m[91m|[0m     "RiskLevel",
[1m[94m304 |[0m [1m[91m|[0m     "Scenario",
[1m[94m305 |[0m [1m[91m|[0m     "ScenarioStatus",
[1m[94m306 |[0m [1m[91m|[0m     "SpecEmbedding",
[1m[94m307 |[0m [1m[91m|[0m     "StepDefinition",
[1m[94m308 |[0m [1m[91m|[0m     "StepType",
[1m[94m309 |[0m [1m[91m|[0m     "TaskSpec",
[1m[94m310 |[0m [1m[91m|[0m     "TestCase",
[1m[94m311 |[0m [1m[91m|[0m     "TestCaseActivity",
[1m[94m312 |[0m [1m[91m|[0m     "TestCoverage",
[1m[94m313 |[0m [1m[91m|[0m     "TestResult",
[1m[94m314 |[0m [1m[91m|[0m     "TestRun",
[1m[94m315 |[0m [1m[91m|[0m     "TestRunActivity",
[1m[94m316 |[0m [1m[91m|[0m     "TestSpec",
[1m[94m317 |[0m [1m[91m|[0m     "TestSuite",
[1m[94m318 |[0m [1m[91m|[0m     "TestSuiteActivity",
[1m[94m319 |[0m [1m[91m|[0m     "TestSuiteTestCase",
[1m[94m320 |[0m [1m[91m|[0m     "TestType",
[1m[94m321 |[0m [1m[91m|[0m     "TraceLink",
[1m[94m322 |[0m [1m[91m|[0m     "TraceLinkType",
[1m[94m323 |[0m [1m[91m|[0m     "User",
[1m[94m324 |[0m [1m[91m|[0m     "UserStorySpec",
[1m[94m325 |[0m [1m[91m|[0m     "VerificationMethod",
[1m[94m326 |[0m [1m[91m|[0m     "VerificationStatus",
[1m[94m327 |[0m [1m[91m|[0m     "VersionBlock",
[1m[94m328 |[0m [1m[91m|[0m     "VersionChainIndex",
[1m[94m329 |[0m [1m[91m|[0m     "View",
[1m[94m330 |[0m [1m[91m|[0m     "WebhookIntegration",
[1m[94m331 |[0m [1m[91m|[0m     "WebhookLog",
[1m[94m332 |[0m [1m[91m|[0m     "Workflow",
[1m[94m333 |[0m [1m[91m|[0m     "WorkflowRun",
[1m[94m334 |[0m [1m[91m|[0m     "WorkflowSchedule",
[1m[94m335 |[0m [1m[91m|[0m ]
    [1m[94m|[0m [1m[91m|_^[0m
    [1m[94m|[0m
[1m[96mhelp[0m: [1mApply an isort-style sorting to `__all__`[0m
[1m[94m239[0m [1m[94m|[0m 
[1m[94m240[0m [1m[94m|[0m __all__ = [
[1m[94m241[0m [1m[94m|[0m     "ADR",
[1m[94m242[0m [1m[32m+[0m [32m    "NEO4J_NODE_LABELS",
[0m[1m[94m243[0m [1m[32m+[0m [32m    "NEO4J_RELATIONSHIP_TYPES",
[0m[1m[94m244[0m [1m[94m|[0m     "ADRStatus",
[1m[94m245[0m [1m[94m|[0m     "Account",
[1m[94m246[0m [1m[94m|[0m     "AccountUser",
--------------------------------------------------------------------------------
[1m[94m287[0m [1m[94m|[0m     "Link",
[1m[94m288[0m [1m[94m|[0m     "LinkType",
[1m[94m289[0m [1m[94m|[0m     "MerkleProofCache",
[1m[94m   [0m [1m[31m-[0m [31m    "NEO4J_NODE_LABELS",
[0m[1m[94m   [0m [1m[31m-[0m [31m    "NEO4J_RELATIONSHIP_TYPES",
[0m[1m[94m290[0m [1m[94m|[0m     "Neo4jSchema",
[1m[94m291[0m [1m[94m|[0m     "NodeKind",
[1m[94m292[0m [1m[94m|[0m     "NodeKindRule",

[1m[91merror[]8;;https://docs.astral.sh/ruff/rules/typing-only-standard-library-import\TC003]8;;\][0m: [1mMove standard library import `datetime.datetime` into a type-checking block[0m
 [1m[94m-->[0m src/tracertm/models/item.py:6:22
  [1m[94m|[0m
[1m[94m5 |[0m import uuid
[1m[94m6 |[0m from datetime import datetime
  [1m[94m|[0m                      [1m[91m^^^^^^^^[0m
[1m[94m7 |[0m from typing import TYPE_CHECKING
  [1m[94m|[0m
[1m[96mhelp[0m: [1mMove into type-checking block[0m

[1m[91merror[]8;;https://docs.astral.sh/ruff/rules/unsorted-imports\I001]8;;\][0m[[1m[96m*[0m]: [1mImport block is un-sorted or un-formatted[0m
  [1m[94m-->[0m src/tracertm/services/blast_radius_service.py:5:1
   [1m[94m|[0m
[1m[94m 3 |[0m   Pure function over in-memory TraceLink graphs; no DB access required.
[1m[94m 4 |[0m   """
[1m[94m 5 |[0m [1m[91m/[0m from __future__ import annotations
[1m[94m 6 |[0m [1m[91m|[0m
[1m[94m 7 |[0m [1m[91m|[0m from collections import deque
[1m[94m 8 |[0m [1m[91m|[0m from dataclasses import dataclass, field
[1m[94m 9 |[0m [1m[91m|[0m from typing import Literal
[1m[94m10 |[0m [1m[91m|[0m
[1m[94m11 |[0m [1m[91m|[0m from tracertm.models.trace_link import ArtifactKind, Artifact, TraceLink
   [1m[94m|[0m [1m[91m|________________________________________________________________________^[0m
[1m[94m12 |[0m
[1m[94m13 |[0m   # Risk-weighted scoring by ArtifactKind
   [1m[94m|[0m
[1m[96mhelp[0m: [1mOrganize imports[0m
[1m[94m8 [0m [1m[94m|[0m from dataclasses import dataclass, field
[1m[94m9 [0m [1m[94m|[0m from typing import Literal
[1m[94m10[0m [1m[94m|[0m 
[1m[94m  [0m [1m[31m-[0m [31mfrom tracertm.models.trace_link import [0m[31mArtifactKind, [0m[1m[31mArtifact, [0m[0m[31mTraceLink
[0m[1m[94m11[0m [1m[32m+[0m [32mfrom tracertm.models.trace_link import [0m[1m[32mArtifact, [0m[0m[32mArtifactKind, [0m[32mTraceLink
[0m[1m[94m12[0m [1m[94m|[0m 
[1m[94m13[0m [1m[94m|[0m # Risk-weighted scoring by ArtifactKind
[1m[94m14[0m [1m[94m|[0m _KIND_WEIGHT: dict[ArtifactKind, float] = {

[1m[91merror[]8;;https://docs.astral.sh/ruff/rules/ambiguous-unicode-character-comment\RUF003]8;;\][0m: [1mComment contains ambiguous `–` (EN DASH). Did you mean `-` (HYPHEN-MINUS)?[0m
  [1m[94m-->[0m src/tracertm/services/blast_radius_service.py:41:38
   [1m[94m|[0m
[1m[94m40 |[0m     artifact_id: str
[1m[94m41 |[0m     blast_radius_score: float  # 0.0 – 100.0
   [1m[94m|[0m                                      [1m[91m^[0m
[1m[94m42 |[0m     affected_artifacts: list[str] = field(default_factory=list)
[1m[94m43 |[0m     critical_path: list[str] = field(default_factory=list)
   [1m[94m|[0m

[1m[91merror[]8;;https://docs.astral.sh/ruff/rules/magic-value-comparison\PLR2004]8;;\][0m: [1mMagic value used in comparison, consider replacing `25.0` with a constant variable[0m
  [1m[94m-->[0m src/tracertm/services/blast_radius_service.py:48:16
   [1m[94m|[0m
[1m[94m47 |[0m def _risk_level(score: float) -> RiskLevel:
[1m[94m48 |[0m     if score < 25.0:
   [1m[94m|[0m                [1m[91m^^^^[0m
[1m[94m49 |[0m         return "LOW"
[1m[94m50 |[0m     if score < 50.0:
   [1m[94m|[0m

[1m[91merror[]8;;https://docs.astral.sh/ruff/rules/magic-value-comparison\PLR2004]8;;\][0m: [1mMagic value used in comparison, consider replacing `50.0` with a constant variable[0m
  [1m[94m-->[0m src/tracertm/services/blast_radius_service.py:50:16
   [1m[94m|[0m
[1m[94m48 |[0m     if score < 25.0:
[1m[94m49 |[0m         return "LOW"
[1m[94m50 |[0m     if score < 50.0:
   [1m[94m|[0m                [1m[91m^^^^[0m
[1m[94m51 |[0m         return "MEDIUM"
[1m[94m52 |[0m     if score < 75.0:
   [1m[94m|[0m

[1m[91merror[]8;;https://docs.astral.sh/ruff/rules/magic-value-comparison\PLR2004]8;;\][0m: [1mMagic value used in comparison, consider replacing `75.0` with a constant variable[0m
  [1m[94m-->[0m src/tracertm/services/blast_radius_service.py:52:16
   [1m[94m|[0m
[1m[94m50 |[0m     if score < 50.0:
[1m[94m51 |[0m         return "MEDIUM"
[1m[94m52 |[0m     if score < 75.0:
   [1m[94m|[0m                [1m[91m^^^^[0m
[1m[94m53 |[0m         return "HIGH"
[1m[94m54 |[0m     return "CRITICAL"
   [1m[94m|[0m

[1m[91merror[]8;;https://docs.astral.sh/ruff/rules/missing-section-name-colon\D416]8;;\][0m[[1m[96m*[0m]: [1mSection name should end with a colon ("Returns")[0m
  [1m[94m-->[0m src/tracertm/services/blast_radius_service.py:77:5
   [1m[94m|[0m
[1m[94m75 |[0m         Maximum BFS depth to traverse.
[1m[94m76 |[0m
[1m[94m77 |[0m     Returns
   [1m[94m|[0m     [1m[91m^^^^^^^[0m
[1m[94m78 |[0m     -------
[1m[94m79 |[0m     BlastRadiusResult
   [1m[94m|[0m
[1m[96mhelp[0m: [1mAdd colon to "Returns"[0m
[1m[94m74[0m [1m[94m|[0m     depth:
[1m[94m75[0m [1m[94m|[0m         Maximum BFS depth to traverse.
[1m[94m76[0m [1m[94m|[0m 
[1m[94m  [0m [1m[31m-[0m [31m    [0m[1m[31mReturns[0m[0m[31m
[0m[1m[94m77[0m [1m[32m+[0m [32m    [0m[1m[32mReturns:[0m[0m[32m
[0m[1m[94m78[0m [1m[94m|[0m     -------
[1m[94m79[0m [1m[94m|[0m     BlastRadiusResult
[1m[94m80[0m [1m[94m|[0m         Affected artifacts, weighted score (0-100), critical path, risk level.

[1m[91merror[]8;;https://docs.astral.sh/ruff/rules/typing-only-standard-library-import\TC003]8;;\][0m: [1mMove standard library import `uuid` into a type-checking block[0m
  [1m[94m-->[0m src/tracertm/services/coverage_matrix_service.py:33:8
   [1m[94m|[0m
[1m[94m31 |[0m import io
[1m[94m32 |[0m import json
[1m[94m33 |[0m import uuid
   [1m[94m|[0m        [1m[91m^^^^[0m
[1m[94m34 |[0m from dataclasses import dataclass, field
[1m[94m35 |[0m from typing import Sequence
   [1m[94m|[0m
[1m[96mhelp[0m: [1mMove into type-checking block[0m

[1m[91merror[]8;;https://docs.astral.sh/ruff/rules/deprecated-import\UP035]8;;\][0m[[1m[96m*[0m]: [1mImport from `collections.abc` instead: `Sequence`[0m
  [1m[94m-->[0m src/tracertm/services/coverage_matrix_service.py:35:1
   [1m[94m|[0m
[1m[94m33 |[0m import uuid
[1m[94m34 |[0m from dataclasses import dataclass, field
[1m[94m35 |[0m from typing import Sequence
   [1m[94m|[0m [1m[91m^^^^^^^^^^^^^^^^^^^^^^^^^^^[0m
[1m[94m36 |[0m
[1m[94m37 |[0m from tracertm.models.trace_link import Artifact, ArtifactKind, TraceLink, TraceLinkType
   [1m[94m|[0m
[1m[96mhelp[0m: [1mImport from `collections.abc`[0m
[1m[94m32[0m [1m[94m|[0m import json
[1m[94m33[0m [1m[94m|[0m import uuid
[1m[94m34[0m [1m[94m|[0m from dataclasses import dataclass, field
[1m[94m  [0m [1m[31m-[0m [31mfrom [0m[1m[31mtyping[0m[0m[31m import Sequence
[0m[1m[94m35[0m [1m[32m+[0m [32mfrom [0m[1m[32mcollections.abc[0m[0m[32m import Sequence
[0m[1m[94m36[0m [1m[94m|[0m 
[1m[94m37[0m [1m[94m|[0m from tracertm.models.trace_link import Artifact, ArtifactKind, TraceLink, TraceLinkType
[1m[94m38[0m [1m[94m|[0m from tracertm.services.traceability_score_service import (

[1m[91merror[]8;;https://docs.astral.sh/ruff/rules/unused-import\F401]8;;\][0m[[1m[96m*[0m]: [1m`tracertm.models.trace_link.TraceLinkType` imported but unused[0m
  [1m[94m-->[0m src/tracertm/services/coverage_matrix_service.py:37:75
   [1m[94m|[0m
[1m[94m35 |[0m from typing import Sequence
[1m[94m36 |[0m
[1m[94m37 |[0m from tracertm.models.trace_link import Artifact, ArtifactKind, TraceLink, TraceLinkType
   [1m[94m|[0m                                                                           [1m[91m^^^^^^^^^^^^^[0m
[1m[94m38 |[0m from tracertm.services.traceability_score_service import (
[1m[94m39 |[0m     _SATISFIES_TYPES,  # noqa: PLC2701  # shared constant, same module family
   [1m[94m|[0m
[1m[96mhelp[0m: [1mRemove unused import: `tracertm.models.trace_link.TraceLinkType`[0m
[1m[94m34[0m [1m[94m|[0m from dataclasses import dataclass, field
[1m[94m35[0m [1m[94m|[0m from typing import Sequence
[1m[94m36[0m [1m[94m|[0m 
[1m[94m  [0m [1m[31m-[0m [31mfrom tracertm.models.trace_link import Artifact, ArtifactKind, [0m[1m[31mTraceLink, TraceLinkType[0m[0m[31m
[0m[1m[94m37[0m [1m[32m+[0m [32mfrom tracertm.models.trace_link import Artifact, ArtifactKind, [0m[1m[32mTraceLink[0m[0m[32m
[0m[1m[94m38[0m [1m[94m|[0m from tracertm.services.traceability_score_service import (
[1m[94m39[0m [1m[94m|[0m     _SATISFIES_TYPES,  # noqa: PLC2701  # shared constant, same module family
[1m[94m40[0m [1m[94m|[0m     _VERIFIES_TYPES,

[1m[91merror[]8;;https://docs.astral.sh/ruff/rules/unused-noqa\RUF100]8;;\][0m[[1m[96m*[0m]: [1mUnused `noqa` directive (unused: `PLC2701`)[0m
  [1m[94m-->[0m src/tracertm/services/coverage_matrix_service.py:39:24
   [1m[94m|[0m
[1m[94m37 |[0m from tracertm.models.trace_link import Artifact, ArtifactKind, TraceLink, TraceLinkType
[1m[94m38 |[0m from tracertm.services.traceability_score_service import (
[1m[94m39 |[0m     _SATISFIES_TYPES,  # noqa: PLC2701  # shared constant, same module family
   [1m[94m|[0m                        [1m[91m^^^^^^^^^^^^^^^[0m
[1m[94m40 |[0m     _VERIFIES_TYPES,
[1m[94m41 |[0m )
   [1m[94m|[0m
[1m[96mhelp[0m: [1mRemove unused `noqa` directive[0m
[1m[94m36[0m [1m[94m|[0m 
[1m[94m37[0m [1m[94m|[0m from tracertm.models.trace_link import Artifact, ArtifactKind, TraceLink, TraceLinkType
[1m[94m38[0m [1m[94m|[0m from tracertm.services.traceability_score_service import (
[1m[94m  [0m [1m[31m-[0m [31m    _SATISFIES_TYPES,  # [0m[1m[31mnoqa: PLC2701  # [0m[0m[31mshared constant, same module family
[0m[1m[94m39[0m [1m[32m+[0m [32m    _SATISFIES_TYPES,  # [0m[32mshared constant, same module family
[0m[1m[94m40[0m [1m[94m|[0m     _VERIFIES_TYPES,
[1m[94m41[0m [1m[94m|[0m )
[1m[94m42[0m [1m[94m|[0m 

[1m[91merror[]8;;https://docs.astral.sh/ruff/rules/unsorted-dunder-all\RUF022]8;;\][0m[[1m[96m*[0m]: [1m`__all__` is not sorted[0m
  [1m[94m-->[0m src/tracertm/services/coverage_matrix_service.py:43:11
   [1m[94m|[0m
[1m[94m41 |[0m   )
[1m[94m42 |[0m
[1m[94m43 |[0m   __all__ = [
   [1m[94m|[0m  [1m[91m___________^[0m
[1m[94m44 |[0m [1m[91m|[0m     "CoverageMatrixRow",
[1m[94m45 |[0m [1m[91m|[0m     "CoverageMatrixReport",
[1m[94m46 |[0m [1m[91m|[0m     "build_coverage_matrix",
[1m[94m47 |[0m [1m[91m|[0m     "export_csv",
[1m[94m48 |[0m [1m[91m|[0m     "export_json",
[1m[94m49 |[0m [1m[91m|[0m ]
   [1m[94m|[0m [1m[91m|_^[0m
[1m[94m50 |[0m
[1m[94m51 |[0m   # ---------------------------------------------------------------------------
   [1m[94m|[0m
[1m[96mhelp[0m: [1mApply an isort-style sorting to `__all__`[0m
[1m[94m41[0m [1m[94m|[0m )
[1m[94m42[0m [1m[94m|[0m 
[1m[94m43[0m [1m[94m|[0m __all__ = [
[1m[94m44[0m [1m[32m+[0m [32m    "CoverageMatrixReport",
[0m[1m[94m45[0m [1m[94m|[0m     "CoverageMatrixRow",
[1m[94m  [0m [1m[31m-[0m [31m    "CoverageMatrixReport",
[0m[1m[94m46[0m [1m[94m|[0m     "build_coverage_matrix",
[1m[94m47[0m [1m[94m|[0m     "export_csv",
[1m[94m48[0m [1m[94m|[0m     "export_json",

[1m[91merror[]8;;https://docs.astral.sh/ruff/rules/missing-section-name-colon\D416]8;;\][0m[[1m[96m*[0m]: [1mSection name should end with a colon ("Returns")[0m
   [1m[94m-->[0m src/tracertm/services/coverage_matrix_service.py:126:5
    [1m[94m|[0m
[1m[94m124 |[0m         All trace links in the snapshot.
[1m[94m125 |[0m
[1m[94m126 |[0m     Returns
    [1m[94m|[0m     [1m[91m^^^^^^^[0m
[1m[94m127 |[0m     -------
[1m[94m128 |[0m     :class:`CoverageMatrixReport` with one :class:`CoverageMatrixRow` per
    [1m[94m|[0m
[1m[96mhelp[0m: [1mAdd colon to "Returns"[0m
[1m[94m123[0m [1m[94m|[0m     links:
[1m[94m124[0m [1m[94m|[0m         All trace links in the snapshot.
[1m[94m125[0m [1m[94m|[0m 
[1m[94m   [0m [1m[31m-[0m [31m    [0m[1m[31mReturns[0m[0m[31m
[0m[1m[94m126[0m [1m[32m+[0m [32m    [0m[1m[32mReturns:[0m[0m[32m
[0m[1m[94m127[0m [1m[94m|[0m     -------
[1m[94m128[0m [1m[94m|[0m     :class:`CoverageMatrixReport` with one :class:`CoverageMatrixRow` per
[1m[94m129[0m [1m[94m|[0m     requirement.

[1m[91merror[]8;;https://docs.astral.sh/ruff/rules/missing-section-name-colon\D416]8;;\][0m[[1m[96m*[0m]: [1mSection name should end with a colon ("Returns")[0m
   [1m[94m-->[0m src/tracertm/services/coverage_matrix_service.py:237:5
    [1m[94m|[0m
[1m[94m235 |[0m     the cell (e.g. ``"ArtA|ArtB"``).
[1m[94m236 |[0m
[1m[94m237 |[0m     Returns
    [1m[94m|[0m     [1m[91m^^^^^^^[0m
[1m[94m238 |[0m     -------
[1m[94m239 |[0m     str
    [1m[94m|[0m
[1m[96mhelp[0m: [1mAdd colon to "Returns"[0m
[1m[94m234[0m [1m[94m|[0m     Multi-valued cells (multiple linked artifacts) are pipe-separated within
[1m[94m235[0m [1m[94m|[0m     the cell (e.g. ``"ArtA|ArtB"``).
[1m[94m236[0m [1m[94m|[0m 
[1m[94m   [0m [1m[31m-[0m [31m    [0m[1m[31mReturns[0m[0m[31m
[0m[1m[94m237[0m [1m[32m+[0m [32m    [0m[1m[32mReturns:[0m[0m[32m
[0m[1m[94m238[0m [1m[94m|[0m     -------
[1m[94m239[0m [1m[94m|[0m     str
[1m[94m240[0m [1m[94m|[0m         UTF-8 CSV text with CRLF line endings per RFC 4180.

[1m[91merror[]8;;https://docs.astral.sh/ruff/rules/missing-section-name-colon\D416]8;;\][0m[[1m[96m*[0m]: [1mSection name should end with a colon ("Returns")[0m
   [1m[94m-->[0m src/tracertm/services/coverage_matrix_service.py:295:5
    [1m[94m|[0m
[1m[94m293 |[0m         }
[1m[94m294 |[0m
[1m[94m295 |[0m     Returns
    [1m[94m|[0m     [1m[91m^^^^^^^[0m
[1m[94m296 |[0m     -------
[1m[94m297 |[0m     str
    [1m[94m|[0m
[1m[96mhelp[0m: [1mAdd colon to "Returns"[0m
[1m[94m292[0m [1m[94m|[0m           ]
[1m[94m293[0m [1m[94m|[0m         }
[1m[94m294[0m [1m[94m|[0m 
[1m[94m   [0m [1m[31m-[0m [31m    [0m[1m[31mReturns[0m[0m[31m
[0m[1m[94m295[0m [1m[32m+[0m [32m    [0m[1m[32mReturns:[0m[0m[32m
[0m[1m[94m296[0m [1m[94m|[0m     -------
[1m[94m297[0m [1m[94m|[0m     str
[1m[94m298[0m [1m[94m|[0m         JSON text (UTF-8, 2-space indent).

[1m[91merror[]8;;https://docs.astral.sh/ruff/rules/typing-only-standard-library-import\TC003]8;;\][0m: [1mMove standard library import `uuid` into a type-checking block[0m
  [1m[94m-->[0m src/tracertm/services/dup_conflict_detector.py:32:8
   [1m[94m|[0m
[1m[94m31 |[0m import re
[1m[94m32 |[0m import uuid
   [1m[94m|[0m        [1m[91m^^^^[0m
[1m[94m33 |[0m from dataclasses import dataclass, field
[1m[94m34 |[0m from typing import Sequence
   [1m[94m|[0m
[1m[96mhelp[0m: [1mMove into type-checking block[0m

[1m[91merror[]8;;https://docs.astral.sh/ruff/rules/deprecated-import\UP035]8;;\][0m[[1m[96m*[0m]: [1mImport from `collections.abc` instead: `Sequence`[0m
  [1m[94m-->[0m src/tracertm/services/dup_conflict_detector.py:34:1
   [1m[94m|[0m
[1m[94m32 |[0m import uuid
[1m[94m33 |[0m from dataclasses import dataclass, field
[1m[94m34 |[0m from typing import Sequence
   [1m[94m|[0m [1m[91m^^^^^^^^^^^^^^^^^^^^^^^^^^^[0m
[1m[94m35 |[0m
[1m[94m36 |[0m from tracertm.models.trace_link import Artifact, TraceLink, TraceLinkType
   [1m[94m|[0m
[1m[96mhelp[0m: [1mImport from `collections.abc`[0m
[1m[94m31[0m [1m[94m|[0m import re
[1m[94m32[0m [1m[94m|[0m import uuid
[1m[94m33[0m [1m[94m|[0m from dataclasses import dataclass, field
[1m[94m  [0m [1m[31m-[0m [31mfrom [0m[1m[31mtyping[0m[0m[31m import Sequence
[0m[1m[94m34[0m [1m[32m+[0m [32mfrom [0m[1m[32mcollections.abc[0m[0m[32m import Sequence
[0m[1m[94m35[0m [1m[94m|[0m 
[1m[94m36[0m [1m[94m|[0m from tracertm.models.trace_link import Artifact, TraceLink, TraceLinkType
[1m[94m37[0m [1m[94m|[0m 

[1m[91merror[]8;;https://docs.astral.sh/ruff/rules/ambiguous-unicode-character-docstring\RUF002]8;;\][0m: [1mDocstring contains ambiguous `∪` (UNION). Did you mean `U` (LATIN CAPITAL LETTER U)?[0m
   [1m[94m-->[0m src/tracertm/services/dup_conflict_detector.py:113:47
    [1m[94m|[0m
[1m[94m112 |[0m def _jaccard(a: set[str], b: set[str]) -> float:
[1m[94m113 |[0m     """Token Jaccard similarity: |A ∩ B| / |A ∪ B|.
    [1m[94m|[0m                                               [1m[91m^[0m
[1m[94m114 |[0m
[1m[94m115 |[0m     Returns 0.0 when both sets are empty (avoids division by zero).
    [1m[94m|[0m

[1m[91merror[]8;;https://docs.astral.sh/ruff/rules/import-outside-top-level\PLC0415]8;;\][0m: [1m`import` should be at the top-level of a file[0m
   [1m[94m-->[0m src/tracertm/services/dup_conflict_detector.py:207:5
    [1m[94m|[0m
[1m[94m205 |[0m     """
[1m[94m206 |[0m     # Group links by (source, target) pair.
[1m[94m207 |[0m     from collections import defaultdict
    [1m[94m|[0m     [1m[91m^^^^^^^^^^^^^^^^^^^^^^^^^^^^^^^^^^^[0m
[1m[94m208 |[0m
[1m[94m209 |[0m     pair_map: dict[
    [1m[94m|[0m

[1m[91merror[]8;;https://docs.astral.sh/ruff/rules/incorrectly-parenthesized-tuple-in-subscript\RUF031]8;;\][0m[[1m[96m*[0m]: [1mAvoid parentheses for tuples in subscripts[0m
   [1m[94m-->[0m src/tracertm/services/dup_conflict_detector.py:213:18
    [1m[94m|[0m
[1m[94m211 |[0m     ] = defaultdict(list)
[1m[94m212 |[0m     for link in links:
[1m[94m213 |[0m         pair_map[(link.source_artifact_id, link.target_artifact_id)].append(link)
    [1m[94m|[0m                  [1m[91m^^^^^^^^^^^^^^^^^^^^^^^^^^^^^^^^^^^^^^^^^^^^^^^^^^[0m
[1m[94m214 |[0m
[1m[94m215 |[0m     findings: list[ConflictFinding] = []
    [1m[94m|[0m
[1m[96mhelp[0m: [1mRemove parentheses[0m
[1m[94m210[0m [1m[94m|[0m         tuple[uuid.UUID, uuid.UUID], list[TraceLink]
[1m[94m211[0m [1m[94m|[0m     ] = defaultdict(list)
[1m[94m212[0m [1m[94m|[0m     for link in links:
[1m[94m   [0m [1m[31m-[0m [31m        [0m[1m[31mpair_map[(link.source_artifact_id,[0m[0m[31m [0m[1m[31mlink.target_artifact_id)].append(link)[0m[0m[31m
[0m[1m[94m213[0m [1m[32m+[0m [32m        [0m[1m[32mpair_map[link.source_artifact_id,[0m[0m[32m [0m[1m[32mlink.target_artifact_id].append(link)[0m[0m[32m
[0m[1m[94m214[0m [1m[94m|[0m 
[1m[94m215[0m [1m[94m|[0m     findings: list[ConflictFinding] = []
[1m[94m216[0m [1m[94m|[0m     seen: set[frozenset[uuid.UUID]] = set()

[1m[91merror[]8;;https://docs.astral.sh/ruff/rules/mutable-class-default\RUF012]8;;\][0m: [1mMutable default value for class attribute[0m
  [1m[94m-->[0m src/tracertm/services/github_import_service.py:32:34
   [1m[94m|[0m
[1m[94m30 |[0m       """Import GitHub issues into canonical TraceRTM trace-link objects."""
[1m[94m31 |[0m
[1m[94m32 |[0m       STATUS_MAP: dict[str, str] = {
   [1m[94m|[0m  [1m[91m__________________________________^[0m
[1m[94m33 |[0m [1m[91m|[0m         "open": "todo",
[1m[94m34 |[0m [1m[91m|[0m         "in_progress": "in_progress",
[1m[94m35 |[0m [1m[91m|[0m         "in review": "in_progress",
[1m[94m36 |[0m [1m[91m|[0m         "closed": "complete",
[1m[94m37 |[0m [1m[91m|[0m         "done": "complete",
[1m[94m38 |[0m [1m[91m|[0m     }
   [1m[94m|[0m [1m[91m|_____^[0m
[1m[94m39 |[0m       TYPE_MAP: dict[str, str] = {
[1m[94m40 |[0m           "issue": "task",
   [1m[94m|[0m
[1m[96mhelp[0m: [1mConsider initializing in `__init__` or annotating with `typing.ClassVar`[0m

[1m[91merror[]8;;https://docs.astral.sh/ruff/rules/mutable-class-default\RUF012]8;;\][0m: [1mMutable default value for class attribute[0m
  [1m[94m-->[0m src/tracertm/services/github_import_service.py:39:32
   [1m[94m|[0m
[1m[94m37 |[0m           "done": "complete",
[1m[94m38 |[0m       }
[1m[94m39 |[0m       TYPE_MAP: dict[str, str] = {
   [1m[94m|[0m  [1m[91m________________________________^[0m
[1m[94m40 |[0m [1m[91m|[0m         "issue": "task",
[1m[94m41 |[0m [1m[91m|[0m         "pull_request": "task",
[1m[94m42 |[0m [1m[91m|[0m         "discussion": "task",
[1m[94m43 |[0m [1m[91m|[0m     }
   [1m[94m|[0m [1m[91m|_____^[0m
[1m[94m44 |[0m
[1m[94m45 |[0m       _DEFAULT_CONFIDENCE: float = 0.70
   [1m[94m|[0m
[1m[96mhelp[0m: [1mConsider initializing in `__init__` or annotating with `typing.ClassVar`[0m

[1m[91merror[]8;;https://docs.astral.sh/ruff/rules/undocumented-public-init\D107]8;;\][0m: [1mMissing docstring in `__init__`[0m
  [1m[94m-->[0m src/tracertm/services/github_import_service.py:48:9
   [1m[94m|[0m
[1m[94m46 |[0m     _LABELED_CONFIDENCE: float = 0.85
[1m[94m47 |[0m
[1m[94m48 |[0m     def __init__(self, session: AsyncSession | None = None, http_client: Any | None = None) -> None:
   [1m[94m|[0m         [1m[91m^^^^^^^^[0m
[1m[94m49 |[0m         self.session = session
[1m[94m50 |[0m         self.http_client = http_client
   [1m[94m|[0m

[1m[91merror[]8;;https://docs.astral.sh/ruff/rules/import-outside-top-level\PLC0415]8;;\][0m: [1m`import` should be at the top-level of a file[0m
  [1m[94m-->[0m src/tracertm/services/github_import_service.py:60:13
   [1m[94m|[0m
[1m[94m58 |[0m         self.events = None
[1m[94m59 |[0m         if session is not None:
[1m[94m60 |[0m             from tracertm.repositories.event_repository import EventRepository
   [1m[94m|[0m             [1m[91m^^^^^^^^^^^^^^^^^^^^^^^^^^^^^^^^^^^^^^^^^^^^^^^^^^^^^^^^^^^^^^^^^^[0m
[1m[94m61 |[0m             from tracertm.repositories.item_repository import ItemRepository
[1m[94m62 |[0m             from tracertm.repositories.link_repository import LinkRepository
   [1m[94m|[0m

[1m[91merror[]8;;https://docs.astral.sh/ruff/rules/import-outside-top-level\PLC0415]8;;\][0m: [1m`import` should be at the top-level of a file[0m
  [1m[94m-->[0m src/tracertm/services/github_import_service.py:61:13
   [1m[94m|[0m
[1m[94m59 |[0m         if session is not None:
[1m[94m60 |[0m             from tracertm.repositories.event_repository import EventRepository
[1m[94m61 |[0m             from tracertm.repositories.item_repository import ItemRepository
   [1m[94m|[0m             [1m[91m^^^^^^^^^^^^^^^^^^^^^^^^^^^^^^^^^^^^^^^^^^^^^^^^^^^^^^^^^^^^^^^^[0m
[1m[94m62 |[0m             from tracertm.repositories.link_repository import LinkRepository
[1m[94m63 |[0m             from tracertm.repositories.project_repository import ProjectRepository
   [1m[94m|[0m

[1m[91merror[]8;;https://docs.astral.sh/ruff/rules/import-outside-top-level\PLC0415]8;;\][0m: [1m`import` should be at the top-level of a file[0m
  [1m[94m-->[0m src/tracertm/services/github_import_service.py:62:13
   [1m[94m|[0m
[1m[94m60 |[0m             from tracertm.repositories.event_repository import EventRepository
[1m[94m61 |[0m             from tracertm.repositories.item_repository import ItemRepository
[1m[94m62 |[0m             from tracertm.repositories.link_repository import LinkRepository
   [1m[94m|[0m             [1m[91m^^^^^^^^^^^^^^^^^^^^^^^^^^^^^^^^^^^^^^^^^^^^^^^^^^^^^^^^^^^^^^^^[0m
[1m[94m63 |[0m             from tracertm.repositories.project_repository import ProjectRepository
   [1m[94m|[0m

[1m[91merror[]8;;https://docs.astral.sh/ruff/rules/import-outside-top-level\PLC0415]8;;\][0m: [1m`import` should be at the top-level of a file[0m
  [1m[94m-->[0m src/tracertm/services/github_import_service.py:63:13
   [1m[94m|[0m
[1m[94m61 |[0m             from tracertm.repositories.item_repository import ItemRepository
[1m[94m62 |[0m             from tracertm.repositories.link_repository import LinkRepository
[1m[94m63 |[0m             from tracertm.repositories.project_repository import ProjectRepository
   [1m[94m|[0m             [1m[91m^^^^^^^^^^^^^^^^^^^^^^^^^^^^^^^^^^^^^^^^^^^^^^^^^^^^^^^^^^^^^^^^^^^^^^[0m
[1m[94m64 |[0m
[1m[94m65 |[0m             self.projects = ProjectRepository(session)
   [1m[94m|[0m

[1m[91merror[]8;;https://docs.astral.sh/ruff/rules/raise-vanilla-args\TRY003]8;;\][0m: [1mAvoid specifying long messages outside the exception class[0m
  [1m[94m-->[0m src/tracertm/services/github_import_service.py:82:15
   [1m[94m|[0m
[1m[94m80 |[0m         if issue_id is not None:
[1m[94m81 |[0m             return str(issue_id)
[1m[94m82 |[0m         raise ValueError("GitHub issue is missing both 'number' and 'id'")
   [1m[94m|[0m               [1m[91m^^^^^^^^^^^^^^^^^^^^^^^^^^^^^^^^^^^^^^^^^^^^^^^^^^^^^^^^^^^^[0m
[1m[94m83 |[0m
[1m[94m84 |[0m     @staticmethod
   [1m[94m|[0m

[1m[91merror[]8;;https://docs.astral.sh/ruff/rules/raise-vanilla-args\TRY003]8;;\][0m: [1mAvoid specifying long messages outside the exception class[0m
   [1m[94m-->[0m src/tracertm/services/github_import_service.py:108:19
    [1m[94m|[0m
[1m[94m106 |[0m         title = issue.get("title")
[1m[94m107 |[0m         if not isinstance(title, str) or not title.strip():
[1m[94m108 |[0m             raise ValueError("GitHub issue is missing required 'title'")
    [1m[94m|[0m                   [1m[91m^^^^^^^^^^^^^^^^^^^^^^^^^^^^^^^^^^^^^^^^^^^^^^^^^^^^^^[0m
[1m[94m109 |[0m
[1m[94m110 |[0m         external_id = self._external_id(issue)
    [1m[94m|[0m

[1m[91merror[]8;;https://docs.astral.sh/ruff/rules/blank-line-after-function\D202]8;;\][0m[[1m[96m*[0m]: [1mNo blank lines allowed after function docstring (found 1)[0m
   [1m[94m-->[0m src/tracertm/services/github_import_service.py:148:9
    [1m[94m|[0m
[1m[94m147 |[0m     def import_issues(self, repo: str, issues: list[dict[str, Any]]) -> BulkIngestionResult:
[1m[94m148 |[0m         """Map GitHub issues to Requirements + IMPLEMENTS links."""
    [1m[94m|[0m         [1m[91m^^^^^^^^^^^^^^^^^^^^^^^^^^^^^^^^^^^^^^^^^^^^^^^^^^^^^^^^^^^[0m
[1m[94m149 |[0m
[1m[94m150 |[0m         self.last_requirements = []
    [1m[94m|[0m
[1m[96mhelp[0m: [1mRemove blank line(s) after function docstring[0m
[1m[94m146[0m [1m[94m|[0m 
[1m[94m147[0m [1m[94m|[0m     def import_issues(self, repo: str, issues: list[dict[str, Any]]) -> BulkIngestionResult:
[1m[94m148[0m [1m[94m|[0m         """Map GitHub issues to Requirements + IMPLEMENTS links."""
[1m[94m   [0m [1m[31m-[0m [31m
[0m[1m[94m149[0m [1m[94m|[0m         self.last_requirements = []
[1m[94m150[0m [1m[94m|[0m         self.last_trace_links = []
[1m[94m151[0m [1m[94m|[0m 

[1m[91merror[]8;;https://docs.astral.sh/ruff/rules/blank-line-after-function\D202]8;;\][0m[[1m[96m*[0m]: [1mNo blank lines allowed after function docstring (found 1)[0m
   [1m[94m-->[0m src/tracertm/services/github_import_service.py:173:9
    [1m[94m|[0m
[1m[94m172 |[0m     async def validate_github_export(self, json_data: str) -> list[str]:
[1m[94m173 |[0m         """Validate a GitHub export payload."""
    [1m[94m|[0m         [1m[91m^^^^^^^^^^^^^^^^^^^^^^^^^^^^^^^^^^^^^^^[0m
[1m[94m174 |[0m
[1m[94m175 |[0m         try:
    [1m[94m|[0m
[1m[96mhelp[0m: [1mRemove blank line(s) after function docstring[0m
[1m[94m171[0m [1m[94m|[0m 
[1m[94m172[0m [1m[94m|[0m     async def validate_github_export(self, json_data: str) -> list[str]:
[1m[94m173[0m [1m[94m|[0m         """Validate a GitHub export payload."""
[1m[94m   [0m [1m[31m-[0m [31m
[0m[1m[94m174[0m [1m[94m|[0m         try:
[1m[94m175[0m [1m[94m|[0m             data = json.loads(json_data)
[1m[94m176[0m [1m[94m|[0m         except json.JSONDecodeError as exc:

[1m[91merror[]8;;https://docs.astral.sh/ruff/rules/blank-line-after-function\D202]8;;\][0m[[1m[96m*[0m]: [1mNo blank lines allowed after function docstring (found 1)[0m
   [1m[94m-->[0m src/tracertm/services/github_import_service.py:192:9
    [1m[94m|[0m
[1m[94m190 |[0m         agent_id: str = "system",
[1m[94m191 |[0m     ) -> dict[str, Any]:
[1m[94m192 |[0m         """Legacy wrapper around the pure bulk-ingestion path."""
    [1m[94m|[0m         [1m[91m^^^^^^^^^^^^^^^^^^^^^^^^^^^^^^^^^^^^^^^^^^^^^^^^^^^^^^^^^[0m
[1m[94m193 |[0m
[1m[94m194 |[0m         errors = await self.validate_github_export(json_data)
    [1m[94m|[0m
[1m[96mhelp[0m: [1mRemove blank line(s) after function docstring[0m
[1m[94m190[0m [1m[94m|[0m         agent_id: str = "system",
[1m[94m191[0m [1m[94m|[0m     ) -> dict[str, Any]:
[1m[94m192[0m [1m[94m|[0m         """Legacy wrapper around the pure bulk-ingestion path."""
[1m[94m   [0m [1m[31m-[0m [31m
[0m[1m[94m193[0m [1m[94m|[0m         errors = await self.validate_github_export(json_data)
[1m[94m194[0m [1m[94m|[0m         if errors:
[1m[94m195[0m [1m[94m|[0m             return {"success": False, "errors": errors}

[1m[91merror[]8;;https://docs.astral.sh/ruff/rules/mutable-class-default\RUF012]8;;\][0m: [1mMutable default value for class attribute[0m
  [1m[94m-->[0m src/tracertm/services/jira_import_service.py:22:34
   [1m[94m|[0m
[1m[94m20 |[0m       """Import Jira issues into canonical TraceRTM trace-link objects."""
[1m[94m21 |[0m
[1m[94m22 |[0m       STATUS_MAP: dict[str, str] = {
   [1m[94m|[0m  [1m[91m__________________________________^[0m
[1m[94m23 |[0m [1m[91m|[0m         "To Do": "todo",
[1m[94m24 |[0m [1m[91m|[0m         "In Progress": "in_progress",
[1m[94m25 |[0m [1m[91m|[0m         "In Review": "in_progress",
[1m[94m26 |[0m [1m[91m|[0m         "Done": "complete",
[1m[94m27 |[0m [1m[91m|[0m         "Closed": "complete",
[1m[94m28 |[0m [1m[91m|[0m     }
   [1m[94m|[0m [1m[91m|_____^[0m
[1m[94m29 |[0m       TYPE_MAP: dict[str, str] = {
[1m[94m30 |[0m           "Epic": "epic",
   [1m[94m|[0m
[1m[96mhelp[0m: [1mConsider initializing in `__init__` or annotating with `typing.ClassVar`[0m

[1m[91merror[]8;;https://docs.astral.sh/ruff/rules/mutable-class-default\RUF012]8;;\][0m: [1mMutable default value for class attribute[0m
  [1m[94m-->[0m src/tracertm/services/jira_import_service.py:29:32
   [1m[94m|[0m
[1m[94m27 |[0m           "Closed": "complete",
[1m[94m28 |[0m       }
[1m[94m29 |[0m       TYPE_MAP: dict[str, str] = {
   [1m[94m|[0m  [1m[91m________________________________^[0m
[1m[94m30 |[0m [1m[91m|[0m         "Epic": "epic",
[1m[94m31 |[0m [1m[91m|[0m         "Story": "story",
[1m[94m32 |[0m [1m[91m|[0m         "Task": "task",
[1m[94m33 |[0m [1m[91m|[0m         "Bug": "bug",
[1m[94m34 |[0m [1m[91m|[0m         "Sub-task": "subtask",
[1m[94m35 |[0m [1m[91m|[0m     }
   [1m[94m|[0m [1m[91m|_____^[0m
[1m[94m36 |[0m       LINK_TYPE_MAP: dict[str, str] = {
[1m[94m37 |[0m           "relates to": "relates_to",
   [1m[94m|[0m
[1m[96mhelp[0m: [1mConsider initializing in `__init__` or annotating with `typing.ClassVar`[0m

[1m[91merror[]8;;https://docs.astral.sh/ruff/rules/mutable-class-default\RUF012]8;;\][0m: [1mMutable default value for class attribute[0m
  [1m[94m-->[0m src/tracertm/services/jira_import_service.py:36:37
   [1m[94m|[0m
[1m[94m34 |[0m           "Sub-task": "subtask",
[1m[94m35 |[0m       }
[1m[94m36 |[0m       LINK_TYPE_MAP: dict[str, str] = {
   [1m[94m|[0m  [1m[91m_____________________________________^[0m
[1m[94m37 |[0m [1m[91m|[0m         "relates to": "relates_to",
[1m[94m38 |[0m [1m[91m|[0m         "blocks": "blocks",
[1m[94m39 |[0m [1m[91m|[0m         "is blocked by": "blocked_by",
[1m[94m40 |[0m [1m[91m|[0m         "duplicates": "duplicates",
[1m[94m41 |[0m [1m[91m|[0m         "is duplicated by": "duplicated_by",
[1m[94m42 |[0m [1m[91m|[0m         "implements": "implements",
[1m[94m43 |[0m [1m[91m|[0m         "is implemented by": "implemented_by",
[1m[94m44 |[0m [1m[91m|[0m     }
   [1m[94m|[0m [1m[91m|_____^[0m
[1m[94m45 |[0m
[1m[94m46 |[0m       _DEFAULT_CONFIDENCE: float = 0.75
   [1m[94m|[0m
[1m[96mhelp[0m: [1mConsider initializing in `__init__` or annotating with `typing.ClassVar`[0m

[1m[91merror[]8;;https://docs.astral.sh/ruff/rules/undocumented-public-init\D107]8;;\][0m: [1mMissing docstring in `__init__`[0m
  [1m[94m-->[0m src/tracertm/services/jira_import_service.py:49:9
   [1m[94m|[0m
[1m[94m47 |[0m     _HIGH_CONFIDENCE: float = 0.90
[1m[94m48 |[0m
[1m[94m49 |[0m     def __init__(self, session: AsyncSession | None = None, http_client: Any | None = None) -> None:
   [1m[94m|[0m         [1m[91m^^^^^^^^[0m
[1m[94m50 |[0m         self.session = session
[1m[94m51 |[0m         self.http_client = http_client
   [1m[94m|[0m

[1m[91merror[]8;;https://docs.astral.sh/ruff/rules/import-outside-top-level\PLC0415]8;;\][0m: [1m`import` should be at the top-level of a file[0m
  [1m[94m-->[0m src/tracertm/services/jira_import_service.py:60:13
   [1m[94m|[0m
[1m[94m58 |[0m         self.events = None
[1m[94m59 |[0m         if session is not None:
[1m[94m60 |[0m             from tracertm.repositories.event_repository import EventRepository
   [1m[94m|[0m             [1m[91m^^^^^^^^^^^^^^^^^^^^^^^^^^^^^^^^^^^^^^^^^^^^^^^^^^^^^^^^^^^^^^^^^^[0m
[1m[94m61 |[0m             from tracertm.repositories.item_repository import ItemRepository
[1m[94m62 |[0m             from tracertm.repositories.link_repository import LinkRepository
   [1m[94m|[0m

[1m[91merror[]8;;https://docs.astral.sh/ruff/rules/import-outside-top-level\PLC0415]8;;\][0m: [1m`import` should be at the top-level of a file[0m
  [1m[94m-->[0m src/tracertm/services/jira_import_service.py:61:13
   [1m[94m|[0m
[1m[94m59 |[0m         if session is not None:
[1m[94m60 |[0m             from tracertm.repositories.event_repository import EventRepository
[1m[94m61 |[0m             from tracertm.repositories.item_repository import ItemRepository
   [1m[94m|[0m             [1m[91m^^^^^^^^^^^^^^^^^^^^^^^^^^^^^^^^^^^^^^^^^^^^^^^^^^^^^^^^^^^^^^^^[0m
[1m[94m62 |[0m             from tracertm.repositories.link_repository import LinkRepository
[1m[94m63 |[0m             from tracertm.repositories.project_repository import ProjectRepository
   [1m[94m|[0m

[1m[91merror[]8;;https://docs.astral.sh/ruff/rules/import-outside-top-level\PLC0415]8;;\][0m: [1m`import` should be at the top-level of a file[0m
  [1m[94m-->[0m src/tracertm/services/jira_import_service.py:62:13
   [1m[94m|[0m
[1m[94m60 |[0m             from tracertm.repositories.event_repository import EventRepository
[1m[94m61 |[0m             from tracertm.repositories.item_repository import ItemRepository
[1m[94m62 |[0m             from tracertm.repositories.link_repository import LinkRepository
   [1m[94m|[0m             [1m[91m^^^^^^^^^^^^^^^^^^^^^^^^^^^^^^^^^^^^^^^^^^^^^^^^^^^^^^^^^^^^^^^^[0m
[1m[94m63 |[0m             from tracertm.repositories.project_repository import ProjectRepository
   [1m[94m|[0m

[1m[91merror[]8;;https://docs.astral.sh/ruff/rules/import-outside-top-level\PLC0415]8;;\][0m: [1m`import` should be at the top-level of a file[0m
  [1m[94m-->[0m src/tracertm/services/jira_import_service.py:63:13
   [1m[94m|[0m
[1m[94m61 |[0m             from tracertm.repositories.item_repository import ItemRepository
[1m[94m62 |[0m             from tracertm.repositories.link_repository import LinkRepository
[1m[94m63 |[0m             from tracertm.repositories.project_repository import ProjectRepository
   [1m[94m|[0m             [1m[91m^^^^^^^^^^^^^^^^^^^^^^^^^^^^^^^^^^^^^^^^^^^^^^^^^^^^^^^^^^^^^^^^^^^^^^[0m
[1m[94m64 |[0m
[1m[94m65 |[0m             self.projects = ProjectRepository(session)
   [1m[94m|[0m

[1m[91merror[]8;;https://docs.astral.sh/ruff/rules/raise-vanilla-args\TRY003]8;;\][0m: [1mAvoid specifying long messages outside the exception class[0m
  [1m[94m-->[0m src/tracertm/services/jira_import_service.py:78:19
   [1m[94m|[0m
[1m[94m76 |[0m         key = issue.get("key")
[1m[94m77 |[0m         if not isinstance(key, str) or not key.strip():
[1m[94m78 |[0m             raise ValueError("Jira issue is missing required 'key'")
   [1m[94m|[0m                   [1m[91m^^^^^^^^^^^^^^^^^^^^^^^^^^^^^^^^^^^^^^^^^^^^^^^^^^[0m
[1m[94m79 |[0m         return key.strip()
   [1m[94m|[0m

[1m[91merror[]8;;https://docs.astral.sh/ruff/rules/raise-vanilla-args\TRY003]8;;\][0m: [1mAvoid specifying long messages outside the exception class[0m
  [1m[94m-->[0m src/tracertm/services/jira_import_service.py:92:19
   [1m[94m|[0m
[1m[94m90 |[0m         fields = issue.get("fields")
[1m[94m91 |[0m         if not isinstance(fields, dict):
[1m[94m92 |[0m             raise ValueError("Jira issue is missing required 'fields'")
   [1m[94m|[0m                   [1m[91m^^^^^^^^^^^^^^^^^^^^^^^^^^^^^^^^^^^^^^^^^^^^^^^^^^^^^[0m
[1m[94m93 |[0m         issuetype = fields.get("issuetype")
[1m[94m94 |[0m         if not isinstance(issuetype, dict):
   [1m[94m|[0m

[1m[91merror[]8;;https://docs.astral.sh/ruff/rules/raise-vanilla-args\TRY003]8;;\][0m: [1mAvoid specifying long messages outside the exception class[0m
   [1m[94m-->[0m src/tracertm/services/jira_import_service.py:108:19
    [1m[94m|[0m
[1m[94m106 |[0m         fields = issue.get("fields")
[1m[94m107 |[0m         if not isinstance(fields, dict):
[1m[94m108 |[0m             raise ValueError("Jira issue is missing required 'fields'")
    [1m[94m|[0m                   [1m[91m^^^^^^^^^^^^^^^^^^^^^^^^^^^^^^^^^^^^^^^^^^^^^^^^^^^^^[0m
[1m[94m109 |[0m
[1m[94m110 |[0m         summary = fields.get("summary")
    [1m[94m|[0m

[1m[91merror[]8;;https://docs.astral.sh/ruff/rules/raise-vanilla-args\TRY003]8;;\][0m: [1mAvoid specifying long messages outside the exception class[0m
   [1m[94m-->[0m src/tracertm/services/jira_import_service.py:112:19
    [1m[94m|[0m
[1m[94m110 |[0m         summary = fields.get("summary")
[1m[94m111 |[0m         if not isinstance(summary, str) or not summary.strip():
[1m[94m112 |[0m             raise ValueError("Jira issue is missing required 'summary'")
    [1m[94m|[0m                   [1m[91m^^^^^^^^^^^^^^^^^^^^^^^^^^^^^^^^^^^^^^^^^^^^^^^^^^^^^^[0m
[1m[94m113 |[0m
[1m[94m114 |[0m         external_id = self._external_id(issue)
    [1m[94m|[0m

[1m[91merror[]8;;https://docs.astral.sh/ruff/rules/blank-line-after-function\D202]8;;\][0m[[1m[96m*[0m]: [1mNo blank lines allowed after function docstring (found 1)[0m
   [1m[94m-->[0m src/tracertm/services/jira_import_service.py:156:9
    [1m[94m|[0m
[1m[94m155 |[0m     def import_issues(self, issues: list[dict[str, Any]]) -> BulkIngestionResult:
[1m[94m156 |[0m         """Map Jira issues to Requirements + IMPLEMENTS links."""
    [1m[94m|[0m         [1m[91m^^^^^^^^^^^^^^^^^^^^^^^^^^^^^^^^^^^^^^^^^^^^^^^^^^^^^^^^^[0m
[1m[94m157 |[0m
[1m[94m158 |[0m         self.last_requirements = []
    [1m[94m|[0m
[1m[96mhelp[0m: [1mRemove blank line(s) after function docstring[0m
[1m[94m154[0m [1m[94m|[0m 
[1m[94m155[0m [1m[94m|[0m     def import_issues(self, issues: list[dict[str, Any]]) -> BulkIngestionResult:
[1m[94m156[0m [1m[94m|[0m         """Map Jira issues to Requirements + IMPLEMENTS links."""
[1m[94m   [0m [1m[31m-[0m [31m
[0m[1m[94m157[0m [1m[94m|[0m         self.last_requirements = []
[1m[94m158[0m [1m[94m|[0m         self.last_trace_links = []
[1m[94m159[0m [1m[94m|[0m 

[1m[91merror[]8;;https://docs.astral.sh/ruff/rules/blank-line-after-function\D202]8;;\][0m[[1m[96m*[0m]: [1mNo blank lines allowed after function docstring (found 1)[0m
   [1m[94m-->[0m src/tracertm/services/jira_import_service.py:181:9
    [1m[94m|[0m
[1m[94m180 |[0m     async def validate_jira_export(self, json_data: str) -> list[str]:
[1m[94m181 |[0m         """Validate a Jira export payload."""
    [1m[94m|[0m         [1m[91m^^^^^^^^^^^^^^^^^^^^^^^^^^^^^^^^^^^^^[0m
[1m[94m182 |[0m
[1m[94m183 |[0m         try:
    [1m[94m|[0m
[1m[96mhelp[0m: [1mRemove blank line(s) after function docstring[0m
[1m[94m179[0m [1m[94m|[0m 
[1m[94m180[0m [1m[94m|[0m     async def validate_jira_export(self, json_data: str) -> list[str]:
[1m[94m181[0m [1m[94m|[0m         """Validate a Jira export payload."""
[1m[94m   [0m [1m[31m-[0m [31m
[0m[1m[94m182[0m [1m[94m|[0m         try:
[1m[94m183[0m [1m[94m|[0m             data = json.loads(json_data)
[1m[94m184[0m [1m[94m|[0m         except json.JSONDecodeError as exc:

[1m[91merror[]8;;https://docs.astral.sh/ruff/rules/unused-method-argument\ARG002]8;;\][0m: [1mUnused method argument: `project_name`[0m
   [1m[94m-->[0m src/tracertm/services/jira_import_service.py:197:9
    [1m[94m|[0m
[1m[94m195 |[0m     async def import_jira_project(
[1m[94m196 |[0m         self,
[1m[94m197 |[0m         project_name: str,
    [1m[94m|[0m         [1m[91m^^^^^^^^^^^^[0m
[1m[94m198 |[0m         json_data: str,
[1m[94m199 |[0m         agent_id: str = "system",
    [1m[94m|[0m

[1m[91merror[]8;;https://docs.astral.sh/ruff/rules/blank-line-after-function\D202]8;;\][0m[[1m[96m*[0m]: [1mNo blank lines allowed after function docstring (found 1)[0m
   [1m[94m-->[0m src/tracertm/services/jira_import_service.py:201:9
    [1m[94m|[0m
[1m[94m199 |[0m         agent_id: str = "system",
[1m[94m200 |[0m     ) -> dict[str, Any]:
[1m[94m201 |[0m         """Legacy wrapper around the pure bulk-ingestion path."""
    [1m[94m|[0m         [1m[91m^^^^^^^^^^^^^^^^^^^^^^^^^^^^^^^^^^^^^^^^^^^^^^^^^^^^^^^^^[0m
[1m[94m202 |[0m
[1m[94m203 |[0m         errors = await self.validate_jira_export(json_data)
    [1m[94m|[0m
[1m[96mhelp[0m: [1mRemove blank line(s) after function docstring[0m
[1m[94m199[0m [1m[94m|[0m         agent_id: str = "system",
[1m[94m200[0m [1m[94m|[0m     ) -> dict[str, Any]:
[1m[94m201[0m [1m[94m|[0m         """Legacy wrapper around the pure bulk-ingestion path."""
[1m[94m   [0m [1m[31m-[0m [31m
[0m[1m[94m202[0m [1m[94m|[0m         errors = await self.validate_jira_export(json_data)
[1m[94m203[0m [1m[94m|[0m         if errors:
[1m[94m204[0m [1m[94m|[0m             return {"success": False, "errors": errors}

[1m[91merror[]8;;https://docs.astral.sh/ruff/rules/deprecated-import\UP035]8;;\][0m[[1m[96m*[0m]: [1mImport from `collections.abc` instead: `Sequence`[0m
  [1m[94m-->[0m src/tracertm/services/requirement_miner.py:38:1
   [1m[94m|[0m
[1m[94m36 |[0m from dataclasses import dataclass, field
[1m[94m37 |[0m from pathlib import Path
[1m[94m38 |[0m from typing import Sequence
   [1m[94m|[0m [1m[91m^^^^^^^^^^^^^^^^^^^^^^^^^^^[0m
[1m[94m39 |[0m
[1m[94m40 |[0m __all__ = [
   [1m[94m|[0m
[1m[96mhelp[0m: [1mImport from `collections.abc`[0m
[1m[94m35[0m [1m[94m|[0m import uuid
[1m[94m36[0m [1m[94m|[0m from dataclasses import dataclass, field
[1m[94m37[0m [1m[94m|[0m from pathlib import Path
[1m[94m  [0m [1m[31m-[0m [31mfrom [0m[1m[31mtyping[0m[0m[31m import Sequence
[0m[1m[94m38[0m [1m[32m+[0m [32mfrom [0m[1m[32mcollections.abc[0m[0m[32m import Sequence
[0m[1m[94m39[0m [1m[94m|[0m 
[1m[94m40[0m [1m[94m|[0m __all__ = [
[1m[94m41[0m [1m[94m|[0m     "CandidateRequirement",

[1m[91merror[]8;;https://docs.astral.sh/ruff/rules/unsorted-dunder-all\RUF022]8;;\][0m[[1m[96m*[0m]: [1m`__all__` is not sorted[0m
  [1m[94m-->[0m src/tracertm/services/requirement_miner.py:40:11
   [1m[94m|[0m
[1m[94m38 |[0m   from typing import Sequence
[1m[94m39 |[0m
[1m[94m40 |[0m   __all__ = [
   [1m[94m|[0m  [1m[91m___________^[0m
[1m[94m41 |[0m [1m[91m|[0m     "CandidateRequirement",
[1m[94m42 |[0m [1m[91m|[0m     "MinerConfig",
[1m[94m43 |[0m [1m[91m|[0m     "mine_text",
[1m[94m44 |[0m [1m[91m|[0m     "mine_files",
[1m[94m45 |[0m [1m[91m|[0m ]
   [1m[94m|[0m [1m[91m|_^[0m
[1m[94m46 |[0m
[1m[94m47 |[0m   # ---------------------------------------------------------------------------
   [1m[94m|[0m
[1m[96mhelp[0m: [1mApply an isort-style sorting to `__all__`[0m
[1m[94m40[0m [1m[94m|[0m __all__ = [
[1m[94m41[0m [1m[94m|[0m     "CandidateRequirement",
[1m[94m42[0m [1m[94m|[0m     "MinerConfig",
[1m[94m43[0m [1m[32m+[0m [32m    "mine_files",
[0m[1m[94m44[0m [1m[94m|[0m     "mine_text",
[1m[94m  [0m [1m[31m-[0m [31m    "mine_files",
[0m[1m[94m45[0m [1m[94m|[0m ]
[1m[94m46[0m [1m[94m|[0m 
[1m[94m47[0m [1m[94m|[0m # ---------------------------------------------------------------------------

[1m[91merror[]8;;https://docs.astral.sh/ruff/rules/missing-section-name-colon\D416]8;;\][0m[[1m[96m*[0m]: [1mSection name should end with a colon ("Attributes")[0m
   [1m[94m-->[0m src/tracertm/services/requirement_miner.py:111:5
    [1m[94m|[0m
[1m[94m109 |[0m     """Configuration knobs for the requirement miner.
[1m[94m110 |[0m
[1m[94m111 |[0m     Attributes
    [1m[94m|[0m     [1m[91m^^^^^^^^^^[0m
[1m[94m112 |[0m     ----------
[1m[94m113 |[0m     min_confidence:
    [1m[94m|[0m
[1m[96mhelp[0m: [1mAdd colon to "Attributes"[0m
[1m[94m108[0m [1m[94m|[0m class MinerConfig:
[1m[94m109[0m [1m[94m|[0m     """Configuration knobs for the requirement miner.
[1m[94m110[0m [1m[94m|[0m 
[1m[94m   [0m [1m[31m-[0m [31m    [0m[1m[31mAttributes[0m[0m[31m
[0m[1m[94m111[0m [1m[32m+[0m [32m    [0m[1m[32mAttributes:[0m[0m[32m
[0m[1m[94m112[0m [1m[94m|[0m     ----------
[1m[94m113[0m [1m[94m|[0m     min_confidence:
[1m[94m114[0m [1m[94m|[0m         Candidates below this threshold are filtered out (default 0.45,

[1m[91merror[]8;;https://docs.astral.sh/ruff/rules/missing-blank-line-after-summary\D205]8;;\][0m: [1m1 blank line required between summary line and description[0m
   [1m[94m-->[0m src/tracertm/services/requirement_miner.py:142:5
    [1m[94m|[0m
[1m[94m141 |[0m   def _score_sentence(sentence: str, include_markers: bool) -> float | None:
[1m[94m142 |[0m [1m[91m/[0m     """Return the best confidence score for *sentence*, or None if it is not
[1m[94m143 |[0m [1m[91m|[0m     a requirement candidate."""
    [1m[94m|[0m [1m[91m|_______________________________^[0m
[1m[94m144 |[0m       stripped = sentence.strip()
[1m[94m145 |[0m       if len(stripped) < _MIN_LENGTH:
    [1m[94m|[0m
[1m[96mhelp[0m: [1mInsert single blank line[0m

[1m[91merror[]8;;https://docs.astral.sh/ruff/rules/new-line-after-last-paragraph\D209]8;;\][0m[[1m[96m*[0m]: [1mMulti-line docstring closing quotes should be on a separate line[0m
   [1m[94m-->[0m src/tracertm/services/requirement_miner.py:142:5
    [1m[94m|[0m
[1m[94m141 |[0m   def _score_sentence(sentence: str, include_markers: bool) -> float | None:
[1m[94m142 |[0m [1m[91m/[0m     """Return the best confidence score for *sentence*, or None if it is not
[1m[94m143 |[0m [1m[91m|[0m     a requirement candidate."""
    [1m[94m|[0m [1m[91m|_______________________________^[0m
[1m[94m144 |[0m       stripped = sentence.strip()
[1m[94m145 |[0m       if len(stripped) < _MIN_LENGTH:
    [1m[94m|[0m
[1m[96mhelp[0m: [1mMove closing quotes to new line[0m
[1m[94m140[0m [1m[94m|[0m 
[1m[94m141[0m [1m[94m|[0m def _score_sentence(sentence: str, include_markers: bool) -> float | None:
[1m[94m142[0m [1m[94m|[0m     """Return the best confidence score for *sentence*, or None if it is not
[1m[94m   [0m [1m[31m-[0m [31m    a requirement [0m[1m[31mcandidate."""[0m[0m[31m
[0m[1m[94m143[0m [1m[32m+[0m [32m    a requirement [0m[1m[32mcandidate.[0m[0m[32m
[0m[1m[94m144[0m [1m[32m+[0m [1m[32m    """[0m[0m[32m
[0m[1m[94m145[0m [1m[94m|[0m     stripped = sentence.strip()
[1m[94m146[0m [1m[94m|[0m     if len(stripped) < _MIN_LENGTH:
[1m[94m147[0m [1m[94m|[0m         return None

[1m[91merror[]8;;https://docs.astral.sh/ruff/rules/collapsible-if\SIM102]8;;\][0m: [1mUse a single `if` statement instead of nested `if` statements[0m
   [1m[94m-->[0m src/tracertm/services/requirement_miner.py:155:9
    [1m[94m|[0m
[1m[94m153 |[0m       best: float | None = None
[1m[94m154 |[0m       for pattern, score in _MODAL_PATTERNS:
[1m[94m155 |[0m [1m[91m/[0m         if pattern.search(stripped):
[1m[94m156 |[0m [1m[91m|[0m             if best is None or score > best:
    [1m[94m|[0m [1m[91m|____________________________________________^[0m
[1m[94m157 |[0m                   best = score
[1m[94m158 |[0m       if best is not None:
    [1m[94m|[0m
[1m[96mhelp[0m: [1mCombine `if` statements using `and`[0m

[1m[91merror[]8;;https://docs.astral.sh/ruff/rules/missing-section-name-colon\D416]8;;\][0m[[1m[96m*[0m]: [1mSection name should end with a colon ("Returns")[0m
   [1m[94m-->[0m src/tracertm/services/requirement_miner.py:207:5
    [1m[94m|[0m
[1m[94m205 |[0m         Miner configuration; defaults to ``MinerConfig()``.
[1m[94m206 |[0m
[1m[94m207 |[0m     Returns
    [1m[94m|[0m     [1m[91m^^^^^^^[0m
[1m[94m208 |[0m     -------
[1m[94m209 |[0m     list[CandidateRequirement]
    [1m[94m|[0m
[1m[96mhelp[0m: [1mAdd colon to "Returns"[0m
[1m[94m204[0m [1m[94m|[0m     config:
[1m[94m205[0m [1m[94m|[0m         Miner configuration; defaults to ``MinerConfig()``.
[1m[94m206[0m [1m[94m|[0m 
[1m[94m   [0m [1m[31m-[0m [31m    [0m[1m[31mReturns[0m[0m[31m
[0m[1m[94m207[0m [1m[32m+[0m [32m    [0m[1m[32mReturns:[0m[0m[32m
[0m[1m[94m208[0m [1m[94m|[0m     -------
[1m[94m209[0m [1m[94m|[0m     list[CandidateRequirement]
[1m[94m210[0m [1m[94m|[0m         Candidates sorted descending by confidence.  Empty list if *text* is

[1m[91merror[]8;;https://docs.astral.sh/ruff/rules/missing-section-name-colon\D416]8;;\][0m[[1m[96m*[0m]: [1mSection name should end with a colon ("Returns")[0m
   [1m[94m-->[0m src/tracertm/services/requirement_miner.py:261:5
    [1m[94m|[0m
[1m[94m259 |[0m         Miner configuration; defaults to ``MinerConfig()``.
[1m[94m260 |[0m
[1m[94m261 |[0m     Returns
    [1m[94m|[0m     [1m[91m^^^^^^^[0m
[1m[94m262 |[0m     -------
[1m[94m263 |[0m     list[CandidateRequirement]
    [1m[94m|[0m
[1m[96mhelp[0m: [1mAdd colon to "Returns"[0m
[1m[94m258[0m [1m[94m|[0m     config:
[1m[94m259[0m [1m[94m|[0m         Miner configuration; defaults to ``MinerConfig()``.
[1m[94m260[0m [1m[94m|[0m 
[1m[94m   [0m [1m[31m-[0m [31m    [0m[1m[31mReturns[0m[0m[31m
[0m[1m[94m261[0m [1m[32m+[0m [32m    [0m[1m[32mReturns:[0m[0m[32m
[0m[1m[94m262[0m [1m[94m|[0m     -------
[1m[94m263[0m [1m[94m|[0m     list[CandidateRequirement]
[1m[94m264[0m [1m[94m|[0m         Merged, deduplicated list sorted descending by confidence.

[1m[91merror[]8;;https://docs.astral.sh/ruff/rules/commented-out-code\ERA001]8;;\][0m: [1mFound commented-out code[0m
   [1m[94m-->[0m src/tracertm/services/requirement_miner.py:286:5
    [1m[94m|[0m
[1m[94m284 |[0m def _embedding_hook(
[1m[94m285 |[0m     candidates: list[CandidateRequirement],
[1m[94m286 |[0m     # embed_fn: Callable[[str], list[float]] | None = None,
    [1m[94m|[0m     [1m[91m^^^^^^^^^^^^^^^^^^^^^^^^^^^^^^^^^^^^^^^^^^^^^^^^^^^^^^^[0m
[1m[94m287 |[0m ) -> list[CandidateRequirement]:
[1m[94m288 |[0m     """Placeholder for embedding enrichment.
    [1m[94m|[0m
[1m[96mhelp[0m: [1mRemove commented-out code[0m

[1m[91merror[]8;;https://docs.astral.sh/ruff/rules/magic-value-comparison\PLR2004]8;;\][0m: [1mMagic value used in comparison, consider replacing `0.70` with a constant variable[0m
  [1m[94m-->[0m src/tracertm/services/test_dup_conflict_detector.py:79:34
   [1m[94m|[0m
[1m[94m77 |[0m     finding = findings[0]
[1m[94m78 |[0m     assert {finding.artifact_a_id, finding.artifact_b_id} == {a.id, b.id}
[1m[94m79 |[0m     assert finding.similarity >= 0.70
   [1m[94m|[0m                                  [1m[91m^^^^[0m
   [1m[94m|[0m

[1m[91merror[]8;;https://docs.astral.sh/ruff/rules/float-equality-comparison\RUF069]8;;\][0m: [1mUnreliable floating point equality comparison `findings[0].similarity == 1.0`[0m
  [1m[94m-->[0m src/tracertm/services/test_dup_conflict_detector.py:89:12
   [1m[94m|[0m
[1m[94m87 |[0m     findings = detect_duplicate_requirements([a, b])
[1m[94m88 |[0m     assert len(findings) == 1
[1m[94m89 |[0m     assert findings[0].similarity == 1.0
   [1m[94m|[0m            [1m[91m^^^^^^^^^^^^^^^^^^^^^^^^^^^^^[0m
   [1m[94m|[0m

[1m[91merror[]8;;https://docs.astral.sh/ruff/rules/magic-value-comparison\PLR2004]8;;\][0m: [1mMagic value used in comparison, consider replacing `2` with a constant variable[0m
   [1m[94m-->[0m src/tracertm/services/test_dup_conflict_detector.py:117:29
    [1m[94m|[0m
[1m[94m115 |[0m     c = _req("The system shall log user actions to audit")
[1m[94m116 |[0m     findings = detect_duplicate_requirements([a, b, c], threshold=0.5)
[1m[94m117 |[0m     assert len(findings) >= 2
    [1m[94m|[0m                             [1m[91m^[0m
[1m[94m118 |[0m     sims = [f.similarity for f in findings]
[1m[94m119 |[0m     assert sims == sorted(sims, reverse=True)
    [1m[94m|[0m

[1m[91merror[]8;;https://docs.astral.sh/ruff/rules/float-equality-comparison\RUF069]8;;\][0m: [1mUnreliable floating point equality comparison `f.confidence == 1.0`[0m
   [1m[94m-->[0m src/tracertm/services/test_dup_conflict_detector.py:169:12
    [1m[94m|[0m
[1m[94m167 |[0m     assert f.target_artifact_id == tgt
[1m[94m168 |[0m     assert TraceLinkType.CONFLICTS_WITH.value in {f.link_type_a, f.link_type_b}
[1m[94m169 |[0m     assert f.confidence == 1.0
    [1m[94m|[0m            [1m[91m^^^^^^^^^^^^^^^^^^^[0m
    [1m[94m|[0m

[1m[91merror[]8;;https://docs.astral.sh/ruff/rules/repeated-append\FURB113]8;;\][0m: [1mUse `links.extend(...)` instead of repeatedly calling `links.append()`[0m
   [1m[94m-->[0m src/tracertm/services/test_dup_conflict_detector.py:270:9
    [1m[94m|[0m
[1m[94m268 |[0m       links = []
[1m[94m269 |[0m       for src, tgt in pairs:
[1m[94m270 |[0m [1m[91m/[0m         links.append(_link(src, tgt, TraceLinkType.SATISFIES))
[1m[94m271 |[0m [1m[91m|[0m         links.append(_link(src, tgt, TraceLinkType.CONFLICTS_WITH))
    [1m[94m|[0m [1m[91m|___________________________________________________________________^[0m
[1m[94m272 |[0m       findings = detect_conflicting_links(links)
[1m[94m273 |[0m       assert len(findings) == 3
    [1m[94m|[0m
[1m[96mhelp[0m: [1mReplace with `links.extend(...)`[0m

[1m[91merror[]8;;https://docs.astral.sh/ruff/rules/magic-value-comparison\PLR2004]8;;\][0m: [1mMagic value used in comparison, consider replacing `3` with a constant variable[0m
   [1m[94m-->[0m src/tracertm/services/test_dup_conflict_detector.py:273:29
    [1m[94m|[0m
[1m[94m271 |[0m         links.append(_link(src, tgt, TraceLinkType.CONFLICTS_WITH))
[1m[94m272 |[0m     findings = detect_conflicting_links(links)
[1m[94m273 |[0m     assert len(findings) == 3
    [1m[94m|[0m                             [1m[91m^[0m
    [1m[94m|[0m

[1m[91merror[]8;;https://docs.astral.sh/ruff/rules/typing-only-standard-library-import\TC003]8;;\][0m: [1mMove standard library import `uuid` into a type-checking block[0m
  [1m[94m-->[0m src/tracertm/services/traceability_score_service.py:32:8
   [1m[94m|[0m
[1m[94m30 |[0m from __future__ import annotations
[1m[94m31 |[0m
[1m[94m32 |[0m import uuid
   [1m[94m|[0m        [1m[91m^^^^[0m
[1m[94m33 |[0m from dataclasses import dataclass, field
[1m[94m34 |[0m from typing import Sequence
   [1m[94m|[0m
[1m[96mhelp[0m: [1mMove into type-checking block[0m

[1m[91merror[]8;;https://docs.astral.sh/ruff/rules/deprecated-import\UP035]8;;\][0m[[1m[96m*[0m]: [1mImport from `collections.abc` instead: `Sequence`[0m
  [1m[94m-->[0m src/tracertm/services/traceability_score_service.py:34:1
   [1m[94m|[0m
[1m[94m32 |[0m import uuid
[1m[94m33 |[0m from dataclasses import dataclass, field
[1m[94m34 |[0m from typing import Sequence
   [1m[94m|[0m [1m[91m^^^^^^^^^^^^^^^^^^^^^^^^^^^[0m
[1m[94m35 |[0m
[1m[94m36 |[0m from tracertm.models.trace_link import Artifact, ArtifactKind, TraceLink, TraceLinkType
   [1m[94m|[0m
[1m[96mhelp[0m: [1mImport from `collections.abc`[0m
[1m[94m31[0m [1m[94m|[0m 
[1m[94m32[0m [1m[94m|[0m import uuid
[1m[94m33[0m [1m[94m|[0m from dataclasses import dataclass, field
[1m[94m  [0m [1m[31m-[0m [31mfrom [0m[1m[31mtyping[0m[0m[31m import Sequence
[0m[1m[94m34[0m [1m[32m+[0m [32mfrom [0m[1m[32mcollections.abc[0m[0m[32m import Sequence
[0m[1m[94m35[0m [1m[94m|[0m 
[1m[94m36[0m [1m[94m|[0m from tracertm.models.trace_link import Artifact, ArtifactKind, TraceLink, TraceLinkType
[1m[94m37[0m [1m[94m|[0m 

[1m[91merror[]8;;https://docs.astral.sh/ruff/rules/unsorted-dunder-all\RUF022]8;;\][0m[[1m[96m*[0m]: [1m`__all__` is not sorted[0m
  [1m[94m-->[0m src/tracertm/services/traceability_score_service.py:38:11
   [1m[94m|[0m
[1m[94m36 |[0m   from tracertm.models.trace_link import Artifact, ArtifactKind, TraceLink, TraceLinkType
[1m[94m37 |[0m
[1m[94m38 |[0m   __all__ = [
   [1m[94m|[0m  [1m[91m___________^[0m
[1m[94m39 |[0m [1m[91m|[0m     "TraceabilityScoreReport",
[1m[94m40 |[0m [1m[91m|[0m     "PerRequirementScore",
[1m[94m41 |[0m [1m[91m|[0m     "score_traceability",
[1m[94m42 |[0m [1m[91m|[0m ]
   [1m[94m|[0m [1m[91m|_^[0m
[1m[94m43 |[0m
[1m[94m44 |[0m   # ---------------------------------------------------------------------------
   [1m[94m|[0m
[1m[96mhelp[0m: [1mApply an isort-style sorting to `__all__`[0m
[1m[94m36[0m [1m[94m|[0m from tracertm.models.trace_link import Artifact, ArtifactKind, TraceLink, TraceLinkType
[1m[94m37[0m [1m[94m|[0m 
[1m[94m38[0m [1m[94m|[0m __all__ = [
[1m[94m39[0m [1m[32m+[0m [32m    "PerRequirementScore",
[0m[1m[94m40[0m [1m[94m|[0m     "TraceabilityScoreReport",
[1m[94m  [0m [1m[31m-[0m [31m    "PerRequirementScore",
[0m[1m[94m41[0m [1m[94m|[0m     "score_traceability",
[1m[94m42[0m [1m[94m|[0m ]
[1m[94m43[0m [1m[94m|[0m 

[1m[91merror[]8;;https://docs.astral.sh/ruff/rules/missing-section-name-colon\D416]8;;\][0m[[1m[96m*[0m]: [1mSection name should end with a colon ("Returns")[0m
   [1m[94m-->[0m src/tracertm/services/traceability_score_service.py:112:5
    [1m[94m|[0m
[1m[94m110 |[0m         ``link_type``, and ``confidence`` are used.
[1m[94m111 |[0m
[1m[94m112 |[0m     Returns
    [1m[94m|[0m     [1m[91m^^^^^^^[0m
[1m[94m113 |[0m     -------
[1m[94m114 |[0m     :class:`TraceabilityScoreReport` with per-requirement detail and composite score.
    [1m[94m|[0m
[1m[96mhelp[0m: [1mAdd colon to "Returns"[0m
[1m[94m109[0m [1m[94m|[0m         All trace links.  Only ``source_artifact_id``, ``target_artifact_id``,
[1m[94m110[0m [1m[94m|[0m         ``link_type``, and ``confidence`` are used.
[1m[94m111[0m [1m[94m|[0m 
[1m[94m   [0m [1m[31m-[0m [31m    [0m[1m[31mReturns[0m[0m[31m
[0m[1m[94m112[0m [1m[32m+[0m [32m    [0m[1m[32mReturns:[0m[0m[32m
[0m[1m[94m113[0m [1m[94m|[0m     -------
[1m[94m114[0m [1m[94m|[0m     :class:`TraceabilityScoreReport` with per-requirement detail and composite score.
[1m[94m115[0m [1m[94m|[0m     """

[1m[91merror[]8;;https://docs.astral.sh/ruff/rules/unused-variable\F841]8;;\][0m: [1mLocal variable `req_ids` is assigned to but never used[0m
   [1m[94m-->[0m src/tracertm/services/traceability_score_service.py:119:5
    [1m[94m|[0m
[1m[94m117 |[0m     non_req = [a for a in artifacts if a.kind != ArtifactKind.REQUIREMENT]
[1m[94m118 |[0m
[1m[94m119 |[0m     req_ids: set[uuid.UUID] = {r.id for r in requirements}
    [1m[94m|[0m     [1m[91m^^^^^^^[0m
[1m[94m120 |[0m     art_ids: set[uuid.UUID] = {a.id for a in artifacts}
    [1m[94m|[0m
[1m[96mhelp[0m: [1mRemove assignment to unused variable `req_ids`[0m

[1m[91merror[]8;;https://docs.astral.sh/ruff/rules/unused-variable\F841]8;;\][0m: [1mLocal variable `art_ids` is assigned to but never used[0m
   [1m[94m-->[0m src/tracertm/services/traceability_score_service.py:120:5
    [1m[94m|[0m
[1m[94m119 |[0m     req_ids: set[uuid.UUID] = {r.id for r in requirements}
[1m[94m120 |[0m     art_ids: set[uuid.UUID] = {a.id for a in artifacts}
    [1m[94m|[0m     [1m[91m^^^^^^^[0m
[1m[94m121 |[0m
[1m[94m122 |[0m     # Index links by target (for SATISFIES/VERIFIES pointing *at* requirements)
    [1m[94m|[0m
[1m[96mhelp[0m: [1mRemove assignment to unused variable `art_ids`[0m

[1m[91merror[]8;;https://docs.astral.sh/ruff/rules/if-else-block-instead-of-if-exp\SIM108]8;;\][0m: [1mUse ternary operator `avg_conf = sum(lnk.confidence for lnk in links) / len(links) if links else 1.0` instead of `if`-`else`-block[0m
   [1m[94m-->[0m src/tracertm/services/traceability_score_service.py:181:5
    [1m[94m|[0m
[1m[94m180 |[0m       # Average confidence across all links
[1m[94m181 |[0m [1m[91m/[0m     if links:
[1m[94m182 |[0m [1m[91m|[0m         avg_conf = sum(lnk.confidence for lnk in links) / len(links)
[1m[94m183 |[0m [1m[91m|[0m     else:
[1m[94m184 |[0m [1m[91m|[0m         avg_conf = 1.0
    [1m[94m|[0m [1m[91m|______________________^[0m
[1m[94m185 |[0m
[1m[94m186 |[0m       # Composite score (clamped 0–100)
    [1m[94m|[0m
[1m[96mhelp[0m: [1mReplace `if`-`else`-block with `avg_conf = sum(lnk.confidence for lnk in links) / len(links) if links else 1.0`[0m

[1m[91merror[]8;;https://docs.astral.sh/ruff/rules/ambiguous-unicode-character-comment\RUF003]8;;\][0m: [1mComment contains ambiguous `–` (EN DASH). Did you mean `-` (HYPHEN-MINUS)?[0m
   [1m[94m-->[0m src/tracertm/services/traceability_score_service.py:186:33
    [1m[94m|[0m
[1m[94m184 |[0m         avg_conf = 1.0
[1m[94m185 |[0m
[1m[94m186 |[0m     # Composite score (clamped 0–100)
    [1m[94m|[0m                                 [1m[91m^[0m
[1m[94m187 |[0m     raw = (
[1m[94m188 |[0m         0.35 * impl_cov
    [1m[94m|[0m

[1m[91merror[]8;;https://docs.astral.sh/ruff/rules/deprecated-import\UP035]8;;\][0m: [1m`typing.Dict` is deprecated, use `dict` instead[0m
 [1m[94m-->[0m src/tracertm/storage/__init__.py:5:1
  [1m[94m|[0m
[1m[94m3 |[0m from datetime import datetime
[1m[94m4 |[0m from pathlib import Path
[1m[94m5 |[0m from typing import Any, Dict, List, Optional
  [1m[94m|[0m [1m[91m^^^^^^^^^^^^^^^^^^^^^^^^^^^^^^^^^^^^^^^^^^^^[0m
  [1m[94m|[0m

[1m[91merror[]8;;https://docs.astral.sh/ruff/rules/deprecated-import\UP035]8;;\][0m: [1m`typing.List` is deprecated, use `list` instead[0m
 [1m[94m-->[0m src/tracertm/storage/__init__.py:5:1
  [1m[94m|[0m
[1m[94m3 |[0m from datetime import datetime
[1m[94m4 |[0m from pathlib import Path
[1m[94m5 |[0m from typing import Any, Dict, List, Optional
  [1m[94m|[0m [1m[91m^^^^^^^^^^^^^^^^^^^^^^^^^^^^^^^^^^^^^^^^^^^^[0m
  [1m[94m|[0m

[1m[91merror[]8;;https://docs.astral.sh/ruff/rules/non-empty-init-module\RUF067]8;;\][0m: [1m`__init__` module should only contain docstrings and re-exports[0m
  [1m[94m-->[0m src/tracertm/storage/__init__.py:8:1
   [1m[94m|[0m
[1m[94m 8 |[0m [1m[91m/[0m class LocalStorageManager:
[1m[94m 9 |[0m [1m[91m|[0m     """Simple local file storage manager for items and links."""
[1m[94m10 |[0m [1m[91m|[0m
[1m[94m11 |[0m [1m[91m|[0m     def __init__(self, base_path: Path):
[1m[94m12 |[0m [1m[91m|[0m         self.base_path = base_path
[1m[94m13 |[0m [1m[91m|[0m         self.items_dir = base_path / "items"
[1m[94m14 |[0m [1m[91m|[0m         self.links_dir = base_path / "links"
[1m[94m15 |[0m [1m[91m|[0m         self.items_dir.mkdir(parents=True, exist_ok=True)
[1m[94m16 |[0m [1m[91m|[0m         self.links_dir.mkdir(parents=True, exist_ok=True)
[1m[94m17 |[0m [1m[91m|[0m
[1m[94m18 |[0m [1m[91m|[0m     def save_item(self, item_id: str, data: dict[str, Any]) -> None:
[1m[94m19 |[0m [1m[91m|[0m         """Save an item to disk."""
[1m[94m20 |[0m [1m[91m|[0m         filepath = self.items_dir / f"{item_id}.json"
[1m[94m21 |[0m [1m[91m|[0m         with Path(filepath).open("w") as f:
[1m[94m22 |[0m [1m[91m|[0m             json.dump(data, f, default=str)
[1m[94m23 |[0m [1m[91m|[0m
[1m[94m24 |[0m [1m[91m|[0m     def load_item(self, item_id: str) -> dict[str, Any] | None:
[1m[94m25 |[0m [1m[91m|[0m         """Load an item from disk."""
[1m[94m26 |[0m [1m[91m|[0m         filepath = self.items_dir / f"{item_id}.json"
[1m[94m27 |[0m [1m[91m|[0m         if filepath.exists():
[1m[94m28 |[0m [1m[91m|[0m             with Path(filepath).open() as f:
[1m[94m29 |[0m [1m[91m|[0m                 return json.load(f)
[1m[94m30 |[0m [1m[91m|[0m         return None
[1m[94m31 |[0m [1m[91m|[0m
[1m[94m32 |[0m [1m[91m|[0m     def delete_item(self, item_id: str) -> bool:
[1m[94m33 |[0m [1m[91m|[0m         """Delete an item from disk."""
[1m[94m34 |[0m [1m[91m|[0m         filepath = self.items_dir / f"{item_id}.json"
[1m[94m35 |[0m [1m[91m|[0m         if filepath.exists():
[1m[94m36 |[0m [1m[91m|[0m             filepath.unlink()
[1m[94m37 |[0m [1m[91m|[0m             return True
[1m[94m38 |[0m [1m[91m|[0m         return False
[1m[94m39 |[0m [1m[91m|[0m
[1m[94m40 |[0m [1m[91m|[0m     def list_items(self) -> list[str]:
[1m[94m41 |[0m [1m[91m|[0m         """List all item IDs."""
[1m[94m42 |[0m [1m[91m|[0m         return [f.stem for f in self.items_dir.glob("*.json")]
[1m[94m43 |[0m [1m[91m|[0m
[1m[94m44 |[0m [1m[91m|[0m     def save_link(self, link_id: str, data: dict[str, Any]) -> None:
[1m[94m45 |[0m [1m[91m|[0m         """Save a link to disk."""
[1m[94m46 |[0m [1m[91m|[0m         filepath = self.links_dir / f"{link_id}.json"
[1m[94m47 |[0m [1m[91m|[0m         with Path(filepath).open("w") as f:
[1m[94m48 |[0m [1m[91m|[0m             json.dump(data, f, default=str)
[1m[94m49 |[0m [1m[91m|[0m
[1m[94m50 |[0m [1m[91m|[0m     def load_link(self, link_id: str) -> dict[str, Any] | None:
[1m[94m51 |[0m [1m[91m|[0m         """Load a link from disk."""
[1m[94m52 |[0m [1m[91m|[0m         filepath = self.links_dir / f"{link_id}.json"
[1m[94m53 |[0m [1m[91m|[0m         if filepath.exists():
[1m[94m54 |[0m [1m[91m|[0m             with Path(filepath).open() as f:
[1m[94m55 |[0m [1m[91m|[0m                 return json.load(f)
[1m[94m56 |[0m [1m[91m|[0m         return None
[1m[94m57 |[0m [1m[91m|[0m
[1m[94m58 |[0m [1m[91m|[0m     def delete_link(self, link_id: str) -> bool:
[1m[94m59 |[0m [1m[91m|[0m         """Delete a link from disk."""
[1m[94m60 |[0m [1m[91m|[0m         filepath = self.links_dir / f"{link_id}.json"
[1m[94m61 |[0m [1m[91m|[0m         if filepath.exists():
[1m[94m62 |[0m [1m[91m|[0m             filepath.unlink()
[1m[94m63 |[0m [1m[91m|[0m             return True
[1m[94m64 |[0m [1m[91m|[0m         return False
[1m[94m65 |[0m [1m[91m|[0m
[1m[94m66 |[0m [1m[91m|[0m     def list_links(self) -> list[str]:
[1m[94m67 |[0m [1m[91m|[0m         """List all link IDs."""
[1m[94m68 |[0m [1m[91m|[0m         return [f.stem for f in self.links_dir.glob("*.json")]
   [1m[94m|[0m [1m[91m|______________________________________________________________^[0m
   [1m[94m|[0m

[1m[91merror[]8;;https://docs.astral.sh/ruff/rules/missing-return-type-special-method\ANN204]8;;\][0m: [1mMissing return type annotation for special method `__init__`[0m
  [1m[94m-->[0m src/tracertm/storage/__init__.py:11:9
   [1m[94m|[0m
[1m[94m 9 |[0m     """Simple local file storage manager for items and links."""
[1m[94m10 |[0m
[1m[94m11 |[0m     def __init__(self, base_path: Path):
   [1m[94m|[0m         [1m[91m^^^^^^^^[0m
[1m[94m12 |[0m         self.base_path = base_path
[1m[94m13 |[0m         self.items_dir = base_path / "items"
   [1m[94m|[0m
[1m[96mhelp[0m: [1mAdd return type annotation: `None`[0m

[1m[91merror[]8;;https://docs.astral.sh/ruff/rules/undocumented-public-init\D107]8;;\][0m: [1mMissing docstring in `__init__`[0m
  [1m[94m-->[0m src/tracertm/storage/__init__.py:11:9
   [1m[94m|[0m
[1m[94m 9 |[0m     """Simple local file storage manager for items and links."""
[1m[94m10 |[0m
[1m[94m11 |[0m     def __init__(self, base_path: Path):
   [1m[94m|[0m         [1m[91m^^^^^^^^[0m
[1m[94m12 |[0m         self.base_path = base_path
[1m[94m13 |[0m         self.items_dir = base_path / "items"
   [1m[94m|[0m

[1m[91merror[]8;;https://docs.astral.sh/ruff/rules/unspecified-encoding\PLW1514]8;;\][0m: [1m`pathlib.Path(...).open` in text mode without explicit `encoding` argument[0m
  [1m[94m-->[0m src/tracertm/storage/__init__.py:21:14
   [1m[94m|[0m
[1m[94m19 |[0m         """Save an item to disk."""
[1m[94m20 |[0m         filepath = self.items_dir / f"{item_id}.json"
[1m[94m21 |[0m         with Path(filepath).open("w") as f:
   [1m[94m|[0m              [1m[91m^^^^^^^^^^^^^^^^^^^[0m
[1m[94m22 |[0m             json.dump(data, f, default=str)
   [1m[94m|[0m
[1m[96mhelp[0m: [1mAdd explicit `encoding` argument[0m

[1m[91merror[]8;;https://docs.astral.sh/ruff/rules/unspecified-encoding\PLW1514]8;;\][0m: [1m`pathlib.Path(...).open` in text mode without explicit `encoding` argument[0m
  [1m[94m-->[0m src/tracertm/storage/__init__.py:28:18
   [1m[94m|[0m
[1m[94m26 |[0m         filepath = self.items_dir / f"{item_id}.json"
[1m[94m27 |[0m         if filepath.exists():
[1m[94m28 |[0m             with Path(filepath).open() as f:
   [1m[94m|[0m                  [1m[91m^^^^^^^^^^^^^^^^^^^[0m
[1m[94m29 |[0m                 return json.load(f)
[1m[94m30 |[0m         return None
   [1m[94m|[0m
[1m[96mhelp[0m: [1mAdd explicit `encoding` argument[0m

[1m[91merror[]8;;https://docs.astral.sh/ruff/rules/unspecified-encoding\PLW1514]8;;\][0m: [1m`pathlib.Path(...).open` in text mode without explicit `encoding` argument[0m
  [1m[94m-->[0m src/tracertm/storage/__init__.py:47:14
   [1m[94m|[0m
[1m[94m45 |[0m         """Save a link to disk."""
[1m[94m46 |[0m         filepath = self.links_dir / f"{link_id}.json"
[1m[94m47 |[0m         with Path(filepath).open("w") as f:
   [1m[94m|[0m              [1m[91m^^^^^^^^^^^^^^^^^^^[0m
[1m[94m48 |[0m             json.dump(data, f, default=str)
   [1m[94m|[0m
[1m[96mhelp[0m: [1mAdd explicit `encoding` argument[0m

[1m[91merror[]8;;https://docs.astral.sh/ruff/rules/unspecified-encoding\PLW1514]8;;\][0m: [1m`pathlib.Path(...).open` in text mode without explicit `encoding` argument[0m
  [1m[94m-->[0m src/tracertm/storage/__init__.py:54:18
   [1m[94m|[0m
[1m[94m52 |[0m         filepath = self.links_dir / f"{link_id}.json"
[1m[94m53 |[0m         if filepath.exists():
[1m[94m54 |[0m             with Path(filepath).open() as f:
   [1m[94m|[0m                  [1m[91m^^^^^^^^^^^^^^^^^^^[0m
[1m[94m55 |[0m                 return json.load(f)
[1m[94m56 |[0m         return None
   [1m[94m|[0m
[1m[96mhelp[0m: [1mAdd explicit `encoding` argument[0m

[1m[91merror[]8;;https://docs.astral.sh/ruff/rules/non-empty-init-module\RUF067]8;;\][0m: [1m`__init__` module should only contain docstrings and re-exports[0m
  [1m[94m-->[0m src/tracertm/storage/__init__.py:71:1
   [1m[94m|[0m
[1m[94m71 |[0m [1m[91m/[0m class ChangeDetector:
[1m[94m72 |[0m [1m[91m|[0m     """Detect changes in storage for syncing."""
[1m[94m73 |[0m [1m[91m|[0m
[1m[94m74 |[0m [1m[91m|[0m     def __init__(self, storage: LocalStorageManager):
[1m[94m75 |[0m [1m[91m|[0m         self.storage = storage
[1m[94m76 |[0m [1m[91m|[0m         self._last_sync = datetime.now()
[1m[94m77 |[0m [1m[91m|[0m
[1m[94m78 |[0m [1m[91m|[0m     def detect_changes(self) -> list[dict[str, Any]]:
[1m[94m79 |[0m [1m[91m|[0m         """Detect items changed since last sync."""
[1m[94m80 |[0m [1m[91m|[0m         # Simple implementation - returns empty list
[1m[94m81 |[0m [1m[91m|[0m         return []
[1m[94m82 |[0m [1m[91m|[0m
[1m[94m83 |[0m [1m[91m|[0m     def mark_synced(self, item_id: str) -> None:
[1m[94m84 |[0m [1m[91m|[0m         """Mark an item as synced."""
   [1m[94m|[0m [1m[91m|_____________________________________^[0m
   [1m[94m|[0m

[1m[91merror[]8;;https://docs.astral.sh/ruff/rules/missing-return-type-special-method\ANN204]8;;\][0m: [1mMissing return type annotation for special method `__init__`[0m
  [1m[94m-->[0m src/tracertm/storage/__init__.py:74:9
   [1m[94m|[0m
[1m[94m72 |[0m     """Detect changes in storage for syncing."""
[1m[94m73 |[0m
[1m[94m74 |[0m     def __init__(self, storage: LocalStorageManager):
   [1m[94m|[0m         [1m[91m^^^^^^^^[0m
[1m[94m75 |[0m         self.storage = storage
[1m[94m76 |[0m         self._last_sync = datetime.now()
   [1m[94m|[0m
[1m[96mhelp[0m: [1mAdd return type annotation: `None`[0m

[1m[91merror[]8;;https://docs.astral.sh/ruff/rules/undocumented-public-init\D107]8;;\][0m: [1mMissing docstring in `__init__`[0m
  [1m[94m-->[0m src/tracertm/storage/__init__.py:74:9
   [1m[94m|[0m
[1m[94m72 |[0m     """Detect changes in storage for syncing."""
[1m[94m73 |[0m
[1m[94m74 |[0m     def __init__(self, storage: LocalStorageManager):
   [1m[94m|[0m         [1m[91m^^^^^^^^[0m
[1m[94m75 |[0m         self.storage = storage
[1m[94m76 |[0m         self._last_sync = datetime.now()
   [1m[94m|[0m

[1m[91merror[]8;;https://docs.astral.sh/ruff/rules/call-datetime-now-without-tzinfo\DTZ005]8;;\][0m: [1m`datetime.datetime.now()` called without a `tz` argument[0m
  [1m[94m-->[0m src/tracertm/storage/__init__.py:76:27
   [1m[94m|[0m
[1m[94m74 |[0m     def __init__(self, storage: LocalStorageManager):
[1m[94m75 |[0m         self.storage = storage
[1m[94m76 |[0m         self._last_sync = datetime.now()
   [1m[94m|[0m                           [1m[91m^^^^^^^^^^^^^^[0m
[1m[94m77 |[0m
[1m[94m78 |[0m     def detect_changes(self) -> list[dict[str, Any]]:
   [1m[94m|[0m
[1m[96mhelp[0m: [1mPass a `datetime.timezone` object to the `tz` parameter[0m

[1m[91merror[]8;;https://docs.astral.sh/ruff/rules/non-empty-init-module\RUF067]8;;\][0m: [1m`__init__` module should only contain docstrings and re-exports[0m
  [1m[94m-->[0m src/tracertm/storage/__init__.py:87:1
   [1m[94m|[0m
[1m[94m87 |[0m [1m[91m/[0m class SyncQueue:
[1m[94m88 |[0m [1m[91m|[0m     """Queue for sync operations."""
   [1m[94m|[0m [1m[91m|____________________________________^[0m
   [1m[94m|[0m

[1m[91merror[]8;;https://docs.astral.sh/ruff/rules/non-empty-init-module\RUF067]8;;\][0m: [1m`__init__` module should only contain docstrings and re-exports[0m
  [1m[94m-->[0m src/tracertm/storage/__init__.py:91:1
   [1m[94m|[0m
[1m[94m91 |[0m [1m[91m/[0m class SyncEngine:
[1m[94m92 |[0m [1m[91m|[0m     """Sync engine for storage."""
   [1m[94m|[0m [1m[91m|__________________________________^[0m
   [1m[94m|[0m

[1m[91merror[]8;;https://docs.astral.sh/ruff/rules/non-empty-init-module\RUF067]8;;\][0m: [1m`__init__` module should only contain docstrings and re-exports[0m
  [1m[94m-->[0m src/tracertm/storage/__init__.py:95:1
   [1m[94m|[0m
[1m[94m95 |[0m [1m[91m/[0m class SyncState:
[1m[94m96 |[0m [1m[91m|[0m     """Sync state enum."""
[1m[94m97 |[0m [1m[91m|[0m     IDLE = "idle"
[1m[94m98 |[0m [1m[91m|[0m     SYNCING = "syncing"
[1m[94m99 |[0m [1m[91m|[0m     ERROR = "error"
   [1m[94m|[0m [1m[91m|___________________^[0m
   [1m[94m|[0m

[1m[91merror[]8;;https://docs.astral.sh/ruff/rules/non-empty-init-module\RUF067]8;;\][0m: [1m`__init__` module should only contain docstrings and re-exports[0m
   [1m[94m-->[0m src/tracertm/storage/__init__.py:102:1
    [1m[94m|[0m
[1m[94m102 |[0m [1m[91m/[0m class SyncStatus:
[1m[94m103 |[0m [1m[91m|[0m     """Sync status enum."""
[1m[94m104 |[0m [1m[91m|[0m     PENDING = "pending"
[1m[94m105 |[0m [1m[91m|[0m     IN_PROGRESS = "in_progress"
[1m[94m106 |[0m [1m[91m|[0m     COMPLETED = "completed"
[1m[94m107 |[0m [1m[91m|[0m     FAILED = "failed"
    [1m[94m|[0m [1m[91m|_____________________^[0m
    [1m[94m|[0m

[1m[91merror[]8;;https://docs.astral.sh/ruff/rules/non-empty-init-module\RUF067]8;;\][0m: [1m`__init__` module should only contain docstrings and re-exports[0m
   [1m[94m-->[0m src/tracertm/storage/__init__.py:110:1
    [1m[94m|[0m
[1m[94m110 |[0m [1m[91m/[0m class ConflictStrategy:
[1m[94m111 |[0m [1m[91m|[0m     """Conflict resolution strategy enum."""
[1m[94m112 |[0m [1m[91m|[0m     LATEST = "latest"
[1m[94m113 |[0m [1m[91m|[0m     MANUAL = "manual"
[1m[94m114 |[0m [1m[91m|[0m     LOCAL = "local"
[1m[94m115 |[0m [1m[91m|[0m     REMOTE = "remote"
    [1m[94m|[0m [1m[91m|_____________________^[0m
    [1m[94m|[0m

[1m[91merror[]8;;https://docs.astral.sh/ruff/rules/non-empty-init-module\RUF067]8;;\][0m: [1m`__init__` module should only contain docstrings and re-exports[0m
   [1m[94m-->[0m src/tracertm/storage/__init__.py:118:1
    [1m[94m|[0m
[1m[94m118 |[0m [1m[91m/[0m class ConflictStatus:
[1m[94m119 |[0m [1m[91m|[0m     """Conflict status enum."""
[1m[94m120 |[0m [1m[91m|[0m     NONE = "none"
[1m[94m121 |[0m [1m[91m|[0m     DETECTED = "detected"
[1m[94m122 |[0m [1m[91m|[0m     RESOLVED = "resolved"
    [1m[94m|[0m [1m[91m|_________________________^[0m
    [1m[94m|[0m

[1m[91merror[]8;;https://docs.astral.sh/ruff/rules/non-empty-init-module\RUF067]8;;\][0m: [1m`__init__` module should only contain docstrings and re-exports[0m
   [1m[94m-->[0m src/tracertm/storage/__init__.py:125:1
    [1m[94m|[0m
[1m[94m125 |[0m [1m[91m/[0m class EntityType:
[1m[94m126 |[0m [1m[91m|[0m     """Entity type enum."""
[1m[94m127 |[0m [1m[91m|[0m     ITEM = "item"
[1m[94m128 |[0m [1m[91m|[0m     LINK = "link"
    [1m[94m|[0m [1m[91m|_________________^[0m
    [1m[94m|[0m

[1m[91merror[]8;;https://docs.astral.sh/ruff/rules/class-as-data-structure\B903]8;;\][0m: [1mClass could be dataclass or namedtuple[0m
   [1m[94m-->[0m src/tracertm/storage/__init__.py:131:1
    [1m[94m|[0m
[1m[94m131 |[0m [1m[91m/[0m class Conflict:
[1m[94m132 |[0m [1m[91m|[0m     """Conflict representation."""
[1m[94m133 |[0m [1m[91m|[0m     def __init__(self, entity_type: str, entity_id: str, local_version: Any, remote_version: Any):
[1m[94m134 |[0m [1m[91m|[0m         self.entity_type = entity_type
[1m[94m135 |[0m [1m[91m|[0m         self.entity_id = entity_id
[1m[94m136 |[0m [1m[91m|[0m         self.local_version = local_version
[1m[94m137 |[0m [1m[91m|[0m         self.remote_version = remote_version
    [1m[94m|[0m [1m[91m|____________________________________________^[0m
    [1m[94m|[0m

[1m[91merror[]8;;https://docs.astral.sh/ruff/rules/non-empty-init-module\RUF067]8;;\][0m: [1m`__init__` module should only contain docstrings and re-exports[0m
   [1m[94m-->[0m src/tracertm/storage/__init__.py:131:1
    [1m[94m|[0m
[1m[94m131 |[0m [1m[91m/[0m class Conflict:
[1m[94m132 |[0m [1m[91m|[0m     """Conflict representation."""
[1m[94m133 |[0m [1m[91m|[0m     def __init__(self, entity_type: str, entity_id: str, local_version: Any, remote_version: Any):
[1m[94m134 |[0m [1m[91m|[0m         self.entity_type = entity_type
[1m[94m135 |[0m [1m[91m|[0m         self.entity_id = entity_id
[1m[94m136 |[0m [1m[91m|[0m         self.local_version = local_version
[1m[94m137 |[0m [1m[91m|[0m         self.remote_version = remote_version
    [1m[94m|[0m [1m[91m|____________________________________________^[0m
    [1m[94m|[0m

[1m[91merror[]8;;https://docs.astral.sh/ruff/rules/missing-return-type-special-method\ANN204]8;;\][0m: [1mMissing return type annotation for special method `__init__`[0m
   [1m[94m-->[0m src/tracertm/storage/__init__.py:133:9
    [1m[94m|[0m
[1m[94m131 |[0m class Conflict:
[1m[94m132 |[0m     """Conflict representation."""
[1m[94m133 |[0m     def __init__(self, entity_type: str, entity_id: str, local_version: Any, remote_version: Any):
    [1m[94m|[0m         [1m[91m^^^^^^^^[0m
[1m[94m134 |[0m         self.entity_type = entity_type
[1m[94m135 |[0m         self.entity_id = entity_id
    [1m[94m|[0m
[1m[96mhelp[0m: [1mAdd return type annotation: `None`[0m

[1m[91merror[]8;;https://docs.astral.sh/ruff/rules/undocumented-public-init\D107]8;;\][0m: [1mMissing docstring in `__init__`[0m
   [1m[94m-->[0m src/tracertm/storage/__init__.py:133:9
    [1m[94m|[0m
[1m[94m131 |[0m class Conflict:
[1m[94m132 |[0m     """Conflict representation."""
[1m[94m133 |[0m     def __init__(self, entity_type: str, entity_id: str, local_version: Any, remote_version: Any):
    [1m[94m|[0m         [1m[91m^^^^^^^^[0m
[1m[94m134 |[0m         self.entity_type = entity_type
[1m[94m135 |[0m         self.entity_id = entity_id
    [1m[94m|[0m

[1m[91merror[]8;;https://docs.astral.sh/ruff/rules/non-empty-init-module\RUF067]8;;\][0m: [1m`__init__` module should only contain docstrings and re-exports[0m
   [1m[94m-->[0m src/tracertm/storage/__init__.py:140:1
    [1m[94m|[0m
[1m[94m140 |[0m [1m[91m/[0m class ConflictBackup:
[1m[94m141 |[0m [1m[91m|[0m     """Backup for conflict resolution."""
    [1m[94m|[0m [1m[91m|_________________________________________^[0m
    [1m[94m|[0m

[1m[91merror[]8;;https://docs.astral.sh/ruff/rules/non-empty-init-module\RUF067]8;;\][0m: [1m`__init__` module should only contain docstrings and re-exports[0m
   [1m[94m-->[0m src/tracertm/storage/__init__.py:144:1
    [1m[94m|[0m
[1m[94m144 |[0m [1m[91m/[0m class ConflictResolver:
[1m[94m145 |[0m [1m[91m|[0m     """Resolve conflicts between local and remote."""
    [1m[94m|[0m [1m[91m|_____________________________________________________^[0m
    [1m[94m|[0m

[1m[91merror[]8;;https://docs.astral.sh/ruff/rules/non-empty-init-module\RUF067]8;;\][0m: [1m`__init__` module should only contain docstrings and re-exports[0m
   [1m[94m-->[0m src/tracertm/storage/__init__.py:148:1
    [1m[94m|[0m
[1m[94m148 |[0m [1m[91m/[0m class VectorClock:
[1m[94m149 |[0m [1m[91m|[0m     """Vector clock for causal consistency."""
[1m[94m150 |[0m [1m[91m|[0m     def __init__(self):
[1m[94m151 |[0m [1m[91m|[0m         self._clock = {}
[1m[94m152 |[0m [1m[91m|[0m
[1m[94m153 |[0m [1m[91m|[0m     def increment(self, node: str) -> None:
[1m[94m154 |[0m [1m[91m|[0m         """Increment clock for a node."""
[1m[94m155 |[0m [1m[91m|[0m         self._clock[node] = self._clock.get(node, 0) + 1
[1m[94m156 |[0m [1m[91m|[0m
[1m[94m157 |[0m [1m[91m|[0m     def merge(self, other: "VectorClock") -> None:
[1m[94m158 |[0m [1m[91m|[0m         """Merge with another clock."""
[1m[94m159 |[0m [1m[91m|[0m         for node, value in other._clock.items():
[1m[94m160 |[0m [1m[91m|[0m             self._clock[node] = max(self._clock.get(node, 0), value)
    [1m[94m|[0m [1m[91m|____________________________________________________________________^[0m
    [1m[94m|[0m

[1m[91merror[]8;;https://docs.astral.sh/ruff/rules/missing-return-type-special-method\ANN204]8;;\][0m: [1mMissing return type annotation for special method `__init__`[0m
   [1m[94m-->[0m src/tracertm/storage/__init__.py:150:9
    [1m[94m|[0m
[1m[94m148 |[0m class VectorClock:
[1m[94m149 |[0m     """Vector clock for causal consistency."""
[1m[94m150 |[0m     def __init__(self):
    [1m[94m|[0m         [1m[91m^^^^^^^^[0m
[1m[94m151 |[0m         self._clock = {}
    [1m[94m|[0m
[1m[96mhelp[0m: [1mAdd return type annotation: `None`[0m

[1m[91merror[]8;;https://docs.astral.sh/ruff/rules/undocumented-public-init\D107]8;;\][0m: [1mMissing docstring in `__init__`[0m
   [1m[94m-->[0m src/tracertm/storage/__init__.py:150:9
    [1m[94m|[0m
[1m[94m148 |[0m class VectorClock:
[1m[94m149 |[0m     """Vector clock for causal consistency."""
[1m[94m150 |[0m     def __init__(self):
    [1m[94m|[0m         [1m[91m^^^^^^^^[0m
[1m[94m151 |[0m         self._clock = {}
    [1m[94m|[0m

[1m[91merror[]8;;https://docs.astral.sh/ruff/rules/class-as-data-structure\B903]8;;\][0m: [1mClass could be dataclass or namedtuple[0m
   [1m[94m-->[0m src/tracertm/storage/__init__.py:163:1
    [1m[94m|[0m
[1m[94m163 |[0m [1m[91m/[0m class EntityVersion:
[1m[94m164 |[0m [1m[91m|[0m     """Entity version with vector clock."""
[1m[94m165 |[0m [1m[91m|[0m     def __init__(self, version: int, clock: VectorClock):
[1m[94m166 |[0m [1m[91m|[0m         self.version = version
[1m[94m167 |[0m [1m[91m|[0m         self.clock = clock
    [1m[94m|[0m [1m[91m|__________________________^[0m
    [1m[94m|[0m

[1m[91merror[]8;;https://docs.astral.sh/ruff/rules/non-empty-init-module\RUF067]8;;\][0m: [1m`__init__` module should only contain docstrings and re-exports[0m
   [1m[94m-->[0m src/tracertm/storage/__init__.py:163:1
    [1m[94m|[0m
[1m[94m163 |[0m [1m[91m/[0m class EntityVersion:
[1m[94m164 |[0m [1m[91m|[0m     """Entity version with vector clock."""
[1m[94m165 |[0m [1m[91m|[0m     def __init__(self, version: int, clock: VectorClock):
[1m[94m166 |[0m [1m[91m|[0m         self.version = version
[1m[94m167 |[0m [1m[91m|[0m         self.clock = clock
    [1m[94m|[0m [1m[91m|__________________________^[0m
    [1m[94m|[0m

[1m[91merror[]8;;https://docs.astral.sh/ruff/rules/missing-return-type-special-method\ANN204]8;;\][0m: [1mMissing return type annotation for special method `__init__`[0m
   [1m[94m-->[0m src/tracertm/storage/__init__.py:165:9
    [1m[94m|[0m
[1m[94m163 |[0m class EntityVersion:
[1m[94m164 |[0m     """Entity version with vector clock."""
[1m[94m165 |[0m     def __init__(self, version: int, clock: VectorClock):
    [1m[94m|[0m         [1m[91m^^^^^^^^[0m
[1m[94m166 |[0m         self.version = version
[1m[94m167 |[0m         self.clock = clock
    [1m[94m|[0m
[1m[96mhelp[0m: [1mAdd return type annotation: `None`[0m

[1m[91merror[]8;;https://docs.astral.sh/ruff/rules/undocumented-public-init\D107]8;;\][0m: [1mMissing docstring in `__init__`[0m
   [1m[94m-->[0m src/tracertm/storage/__init__.py:165:9
    [1m[94m|[0m
[1m[94m163 |[0m class EntityVersion:
[1m[94m164 |[0m     """Entity version with vector clock."""
[1m[94m165 |[0m     def __init__(self, version: int, clock: VectorClock):
    [1m[94m|[0m         [1m[91m^^^^^^^^[0m
[1m[94m166 |[0m         self.version = version
[1m[94m167 |[0m         self.clock = clock
    [1m[94m|[0m

[1m[91merror[]8;;https://docs.astral.sh/ruff/rules/non-empty-init-module\RUF067]8;;\][0m: [1m`__init__` module should only contain docstrings and re-exports[0m
   [1m[94m-->[0m src/tracertm/storage/__init__.py:170:1
    [1m[94m|[0m
[1m[94m170 |[0m [1m[91m/[0m class OperationType:
[1m[94m171 |[0m [1m[91m|[0m     """Operation type enum for sync."""
[1m[94m172 |[0m [1m[91m|[0m     CREATE = "create"
[1m[94m173 |[0m [1m[91m|[0m     UPDATE = "update"
[1m[94m174 |[0m [1m[91m|[0m     DELETE = "delete"
    [1m[94m|[0m [1m[91m|_____________________^[0m
    [1m[94m|[0m

[1m[91merror[]8;;https://docs.astral.sh/ruff/rules/non-empty-init-module\RUF067]8;;\][0m: [1m`__init__` module should only contain docstrings and re-exports[0m
   [1m[94m-->[0m src/tracertm/storage/__init__.py:177:1
    [1m[94m|[0m
[1m[94m177 |[0m [1m[91m/[0m class QueuedChange:
[1m[94m178 |[0m [1m[91m|[0m     """Queued change for sync."""
    [1m[94m|[0m [1m[91m|_________________________________^[0m
    [1m[94m|[0m

[1m[91merror[]8;;https://docs.astral.sh/ruff/rules/class-as-data-structure\B903]8;;\][0m: [1mClass could be dataclass or namedtuple[0m
   [1m[94m-->[0m src/tracertm/storage/__init__.py:181:1
    [1m[94m|[0m
[1m[94m181 |[0m [1m[91m/[0m class SyncResult:
[1m[94m182 |[0m [1m[91m|[0m     """Result of a sync operation."""
[1m[94m183 |[0m [1m[91m|[0m     def __init__(self, success: bool, message: str):
[1m[94m184 |[0m [1m[91m|[0m         self.success = success
[1m[94m185 |[0m [1m[91m|[0m         self.message = message
    [1m[94m|[0m [1m[91m|______________________________^[0m
    [1m[94m|[0m

[1m[91merror[]8;;https://docs.astral.sh/ruff/rules/non-empty-init-module\RUF067]8;;\][0m: [1m`__init__` module should only contain docstrings and re-exports[0m
   [1m[94m-->[0m src/tracertm/storage/__init__.py:181:1
    [1m[94m|[0m
[1m[94m181 |[0m [1m[91m/[0m class SyncResult:
[1m[94m182 |[0m [1m[91m|[0m     """Result of a sync operation."""
[1m[94m183 |[0m [1m[91m|[0m     def __init__(self, success: bool, message: str):
[1m[94m184 |[0m [1m[91m|[0m         self.success = success
[1m[94m185 |[0m [1m[91m|[0m         self.message = message
    [1m[94m|[0m [1m[91m|______________________________^[0m
    [1m[94m|[0m

[1m[91merror[]8;;https://docs.astral.sh/ruff/rules/missing-return-type-special-method\ANN204]8;;\][0m: [1mMissing return type annotation for special method `__init__`[0m
   [1m[94m-->[0m src/tracertm/storage/__init__.py:183:9
    [1m[94m|[0m
[1m[94m181 |[0m class SyncResult:
[1m[94m182 |[0m     """Result of a sync operation."""
[1m[94m183 |[0m     def __init__(self, success: bool, message: str):
    [1m[94m|[0m         [1m[91m^^^^^^^^[0m
[1m[94m184 |[0m         self.success = success
[1m[94m185 |[0m         self.message = message
    [1m[94m|[0m
[1m[96mhelp[0m: [1mAdd return type annotation: `None`[0m

[1m[91merror[]8;;https://docs.astral.sh/ruff/rules/undocumented-public-init\D107]8;;\][0m: [1mMissing docstring in `__init__`[0m
   [1m[94m-->[0m src/tracertm/storage/__init__.py:183:9
    [1m[94m|[0m
[1m[94m181 |[0m class SyncResult:
[1m[94m182 |[0m     """Result of a sync operation."""
[1m[94m183 |[0m     def __init__(self, success: bool, message: str):
    [1m[94m|[0m         [1m[91m^^^^^^^^[0m
[1m[94m184 |[0m         self.success = success
[1m[94m185 |[0m         self.message = message
    [1m[94m|[0m

[1m[91merror[]8;;https://docs.astral.sh/ruff/rules/boolean-type-hint-positional-argument\FBT001]8;;\][0m: [1mBoolean-typed positional argument in function definition[0m
   [1m[94m-->[0m src/tracertm/storage/__init__.py:183:24
    [1m[94m|[0m
[1m[94m181 |[0m class SyncResult:
[1m[94m182 |[0m     """Result of a sync operation."""
[1m[94m183 |[0m     def __init__(self, success: bool, message: str):
    [1m[94m|[0m                        [1m[91m^^^^^^^[0m
[1m[94m184 |[0m         self.success = success
[1m[94m185 |[0m         self.message = message
    [1m[94m|[0m

[1m[91merror[]8;;https://docs.astral.sh/ruff/rules/non-empty-init-module\RUF067]8;;\][0m: [1m`__init__` module should only contain docstrings and re-exports[0m
   [1m[94m-->[0m src/tracertm/storage/__init__.py:188:1
    [1m[94m|[0m
[1m[94m188 |[0m [1m[91m/[0m class SyncStateManager:
[1m[94m189 |[0m [1m[91m|[0m     """Manage sync state."""
    [1m[94m|[0m [1m[91m|____________________________^[0m
    [1m[94m|[0m

[1m[91merror[]8;;https://docs.astral.sh/ruff/rules/non-empty-init-module\RUF067]8;;\][0m: [1m`__init__` module should only contain docstrings and re-exports[0m
   [1m[94m-->[0m src/tracertm/storage/__init__.py:192:1
    [1m[94m|[0m
[1m[94m192 |[0m [1m[91m/[0m class ResolvedEntity:
[1m[94m193 |[0m [1m[91m|[0m     """Resolved entity after conflict resolution."""
    [1m[94m|[0m [1m[91m|____________________________________________________^[0m
    [1m[94m|[0m

[1m[91merror[]8;;https://docs.astral.sh/ruff/rules/undefined-export\F822]8;;\][0m: [1mUndefined name `DashboardApp` in `__all__`[0m
  [1m[94m-->[0m src/tracertm/tui/__init__.py:12:26
   [1m[94m|[0m
[1m[94m10 |[0m     from tracertm.tui.apps.graph import GraphApp
[1m[94m11 |[0m
[1m[94m12 |[0m __all__ = ["BrowserApp", "DashboardApp", "EnhancedDashboardApp", "GraphApp"]
   [1m[94m|[0m                          [1m[91m^^^^^^^^^^^^^^[0m
   [1m[94m|[0m

[1m[91merror[]8;;https://docs.astral.sh/ruff/rules/single-item-membership-test\FURB171]8;;\][0m: [1mMembership test against single-item container[0m
  [1m[94m-->[0m src/tracertm/tui/__init__.py:17:8
   [1m[94m|[0m
[1m[94m15 |[0m def __getattr__(name: str) -> object:
[1m[94m16 |[0m     """Lazy-load apps so optional Textual is not required for widget utilities."""
[1m[94m17 |[0m     if name in {"BrowserApp"}:
   [1m[94m|[0m        [1m[91m^^^^^^^^^^^^^^^^^^^^^^[0m
[1m[94m18 |[0m         from tracertm.tui.apps.browser import BrowserApp
   [1m[94m|[0m
[1m[96mhelp[0m: [1mConvert to equality test[0m

[1m[91merror[]8;;https://docs.astral.sh/ruff/rules/import-outside-top-level\PLC0415]8;;\][0m: [1m`import` should be at the top-level of a file[0m
  [1m[94m-->[0m src/tracertm/tui/__init__.py:18:9
   [1m[94m|[0m
[1m[94m16 |[0m     """Lazy-load apps so optional Textual is not required for widget utilities."""
[1m[94m17 |[0m     if name in {"BrowserApp"}:
[1m[94m18 |[0m         from tracertm.tui.apps.browser import BrowserApp
   [1m[94m|[0m         [1m[91m^^^^^^^^^^^^^^^^^^^^^^^^^^^^^^^^^^^^^^^^^^^^^^^^[0m
[1m[94m19 |[0m
[1m[94m20 |[0m         return BrowserApp
   [1m[94m|[0m

[1m[91merror[]8;;https://docs.astral.sh/ruff/rules/import-outside-top-level\PLC0415]8;;\][0m: [1m`import` should be at the top-level of a file[0m
  [1m[94m-->[0m src/tracertm/tui/__init__.py:22:9
   [1m[94m|[0m
[1m[94m20 |[0m         return BrowserApp
[1m[94m21 |[0m     if name in {"DashboardApp", "EnhancedDashboardApp"}:
[1m[94m22 |[0m         from tracertm.tui.apps.dashboard_compat import EnhancedDashboardApp
   [1m[94m|[0m         [1m[91m^^^^^^^^^^^^^^^^^^^^^^^^^^^^^^^^^^^^^^^^^^^^^^^^^^^^^^^^^^^^^^^^^^^[0m
[1m[94m23 |[0m
[1m[94m24 |[0m         return EnhancedDashboardApp
   [1m[94m|[0m

[1m[91merror[]8;;https://docs.astral.sh/ruff/rules/import-outside-top-level\PLC0415]8;;\][0m: [1m`import` should be at the top-level of a file[0m
  [1m[94m-->[0m src/tracertm/tui/__init__.py:26:9
   [1m[94m|[0m
[1m[94m24 |[0m         return EnhancedDashboardApp
[1m[94m25 |[0m     if name == "GraphApp":
[1m[94m26 |[0m         from tracertm.tui.apps.graph import GraphApp
   [1m[94m|[0m         [1m[91m^^^^^^^^^^^^^^^^^^^^^^^^^^^^^^^^^^^^^^^^^^^^[0m
[1m[94m27 |[0m
[1m[94m28 |[0m         return GraphApp
   [1m[94m|[0m

[1m[91merror[]8;;https://docs.astral.sh/ruff/rules/module-import-not-at-top-of-file\E402]8;;\][0m: [1mModule level import not at top of file[0m
  [1m[94m-->[0m src/tracertm/tui/widgets/step_status_table.py:19:1
   [1m[94m|[0m
[1m[94m17 |[0m     DataTable = object
[1m[94m18 |[0m
[1m[94m19 |[0m from tracertm.tui.quality_root import DAG_CONFIG, LAST_RUN_JSON, LOG_DIR
   [1m[94m|[0m [1m[91m^^^^^^^^^^^^^^^^^^^^^^^^^^^^^^^^^^^^^^^^^^^^^^^^^^^^^^^^^^^^^^^^^^^^^^^^[0m
   [1m[94m|[0m

Found 164 errors.
[[36m*[0m] 40 fixable with the `--fix` option (31 hidden fixes can be enabled with the `--unsafe-fixes` option).
