   Compiling unicode-ident v1.0.24
   Compiling wasm-bindgen-shared v0.2.126
   Compiling bumpalo v3.20.3
   Compiling wasm-bindgen v0.2.126
   Compiling futures-util v0.3.32
   Compiling bitflags v2.13.0
   Compiling thiserror v1.0.69
   Compiling rustls-native-certs v0.8.4
   Compiling tempfile v3.27.0
   Compiling proc-macro2 v1.0.106
   Compiling quote v1.0.46
   Compiling syn v2.0.118
   Compiling syn v3.0.3
   Compiling futures-executor v0.3.32
   Compiling clap_derive v4.6.4
   Compiling synstructure v0.13.2
   Compiling wasm-bindgen-macro-support v0.2.126
   Compiling serde_derive v1.0.228
   Compiling zerovec-derive v0.11.3
   Compiling displaydoc v0.2.6
   Compiling futures-macro v0.3.32
   Compiling tracing-attributes v0.1.31
   Compiling tokio-macros v2.7.0
   Compiling thiserror-impl v2.0.18
   Compiling zerofrom-derive v0.1.7
   Compiling yoke-derive v0.8.2
   Compiling tokio v1.52.3
   Compiling async-trait v0.1.89
   Compiling zerofrom v0.1.8
   Compiling thiserror-impl v1.0.69
   Compiling pin-project-internal v1.1.13
   Compiling thiserror v2.0.18
   Compiling tracing v0.1.44
   Compiling yoke v0.8.3
   Compiling clap v4.6.4
   Compiling zerovec v0.11.6
   Compiling zerotrie v0.2.4
   Compiling pin-project v1.1.13
   Compiling serde v1.0.228
   Compiling wasm-bindgen-macro v0.2.126
   Compiling tinystr v0.8.3
   Compiling potential_utf v0.1.5
   Compiling icu_collections v2.2.0
   Compiling icu_locale_core v2.2.0
   Compiling axum-core v0.4.5
   Compiling smallvec v1.15.2
   Compiling either v1.16.0
   Compiling chrono v0.4.45
   Compiling serde_urlencoded v0.7.1
   Compiling parking_lot_core v0.9.12
   Compiling tracing-subscriber v0.3.23
   Compiling which v7.0.3
   Compiling icu_provider v2.2.0
   Compiling parking_lot v0.12.5
   Compiling icu_properties v2.2.0
   Compiling icu_normalizer v2.2.0
   Compiling futures-intrusive v0.5.0
   Compiling js-sys v0.3.103
   Compiling hyper v1.10.1
   Compiling tokio-stream v0.1.18
   Compiling tower v0.5.3
   Compiling tokio-rustls v0.26.4
   Compiling idna_adapter v1.2.2
   Compiling idna v1.1.0
   Compiling tokio-util v0.7.18
   Compiling url v2.5.8
   Compiling hyper-util v0.1.20
   Compiling sqlx-core v0.9.0
   Compiling tower-http v0.6.11
   Compiling tracertm-mcp v0.1.3 (/Users/kooshapari/CodeProjects/Phenotype/repos/Tracera/crates/tracertm-mcp)
warning: linker stderr: rust-lld: Option `-no_compact_unwind' is undocumented. Should lld implement it?
  |
  = note: `#[warn(linker_messages)]` on by default

warning: `tracertm-mcp` (bin "tracertm-mcp" test) generated 1 warning
   Compiling hyper-rustls v0.27.9
   Compiling axum v0.7.9
   Compiling reqwest v0.13.1
   Compiling sqlx-postgres v0.9.0
   Compiling sqlx-sqlite v0.9.0
   Compiling web-sys v0.3.103
   Compiling wasm-bindgen-futures v0.4.76
   Compiling serde-wasm-bindgen v0.5.0
   Compiling worker-kv v0.7.0
   Compiling serde-wasm-bindgen v0.6.5
   Compiling tracera-cli v0.1.0 (/Users/kooshapari/CodeProjects/Phenotype/repos/Tracera/crates/tracera-cli)
warning: field `root` is never read
  --> crates/tracera-cli/src/bundle.rs:25:9
   |
22 | pub struct BundleLayout {
   |            ------------ field in this struct
...
25 |     pub root: PathBuf,
   |         ^^^^
   |
   = note: `BundleLayout` has derived impls for the traits `Clone` and `Debug`, but these are intentionally ignored during dead code analysis
   = note: `#[warn(dead_code)]` (part of `#[warn(unused)]`) on by default

warning: function `pick_free_port` is never used
   --> crates/tracera-cli/src/runtime.rs:163:8
    |
163 | pub fn pick_free_port() -> anyhow::Result<u16> {
    |        ^^^^^^^^^^^^^^

   Compiling worker-sys v0.4.2
   Compiling wasm-streams v0.4.2
   Compiling worker-macros v0.4.2
   Compiling sqlx-macros-core v0.9.0
warning: linker stderr: rust-lld: /Users/kooshapari/CodeProjects/Phenotype/repos/Tracera/target/debug/deps/libaws_lc_sys-a3b019717e25f3b6.rlib(7a596fe31a02c0e2-convert.o) has version 27.0.0, which is newer than target minimum of 11.0.0
         rust-lld: /Users/kooshapari/CodeProjects/Phenotype/repos/Tracera/target/debug/deps/libaws_lc_sys-a3b019717e25f3b6.rlib(76322f89f5cc2d96-bio.o) has version 27.0.0, which is newer than target minimum of 11.0.0
         rust-lld: /Users/kooshapari/CodeProjects/Phenotype/repos/Tracera/target/debug/deps/libaws_lc_sys-a3b019717e25f3b6.rlib(76322f89f5cc2d96-file.o) has version 27.0.0, which is newer than target minimum of 11.0.0
         rust-lld: /Users/kooshapari/CodeProjects/Phenotype/repos/Tracera/target/debug/deps/libaws_lc_sys-a3b019717e25f3b6.rlib(c4fcddba145918af-cbb.o) has version 27.0.0, which is newer than target minimum of 11.0.0
         rust-lld: /Users/kooshapari/CodeProjects/Phenotype/repos/Tracera/target/debug/deps/libaws_lc_sys-a3b019717e25f3b6.rlib(c4fcddba145918af-cbs.o) has version 27.0.0, which is newer than target minimum of 11.0.0
         rust-lld: /Users/kooshapari/CodeProjects/Phenotype/repos/Tracera/target/debug/deps/libaws_lc_sys-a3b019717e25f3b6.rlib(bc1b343226bc6a17-posix_time.o) has version 27.0.0, which is newer than target minimum of 11.0.0
         rust-lld: /Users/kooshapari/CodeProjects/Phenotype/repos/Tracera/target/debug/deps/libaws_lc_sys-a3b019717e25f3b6.rlib(a6455f51a2435c3f-chacha.o) has version 27.0.0, which is newer than target minimum of 11.0.0
         rust-lld: /Users/kooshapari/CodeProjects/Phenotype/repos/Tracera/target/debug/deps/libaws_lc_sys-a3b019717e25f3b6.rlib(89981633f66afe17-e_aesgcmsiv.o) has version 27.0.0, which is newer than target minimum of 11.0.0
         rust-lld: /Users/kooshapari/CodeProjects/Phenotype/repos/Tracera/target/debug/deps/libaws_lc_sys-a3b019717e25f3b6.rlib(89981633f66afe17-e_chacha20poly1305.o) has version 27.0.0, which is newer than target minimum of 11.0.0
         rust-lld: /Users/kooshapari/CodeProjects/Phenotype/repos/Tracera/target/debug/deps/libaws_lc_sys-a3b019717e25f3b6.rlib(89981633f66afe17-e_des.o) has version 27.0.0, which is newer than target minimum of 11.0.0
         rust-lld: /Users/kooshapari/CodeProjects/Phenotype/repos/Tracera/target/debug/deps/libaws_lc_sys-a3b019717e25f3b6.rlib(30a9a10d3f98970e-crypto.o) has version 27.0.0, which is newer than target minimum of 11.0.0
         rust-lld: /Users/kooshapari/CodeProjects/Phenotype/repos/Tracera/target/debug/deps/libaws_lc_sys-a3b019717e25f3b6.rlib(175e87304cd4663c-cfb.o) has version 27.0.0, which is newer than target minimum of 11.0.0
         rust-lld: /Users/kooshapari/CodeProjects/Phenotype/repos/Tracera/target/debug/deps/libaws_lc_sys-a3b019717e25f3b6.rlib(da5030c6f3330e8d-des.o) has version 27.0.0, which is newer than target minimum of 11.0.0
         rust-lld: /Users/kooshapari/CodeProjects/Phenotype/repos/Tracera/target/debug/deps/libaws_lc_sys-a3b019717e25f3b6.rlib(0c919c82d61b4518-ecdsa_asn1.o) has version 27.0.0, which is newer than target minimum of 11.0.0
         rust-lld: /Users/kooshapari/CodeProjects/Phenotype/repos/Tracera/target/debug/deps/libaws_lc_sys-a3b019717e25f3b6.rlib(7a596fe31a02c0e2-bn_asn1.o) has version 27.0.0, which is newer than target minimum of 11.0.0
         rust-lld: /Users/kooshapari/CodeProjects/Phenotype/repos/Tracera/target/debug/deps/libaws_lc_sys-a3b019717e25f3b6.rlib(c4fcddba145918af-asn1_compat.o) has version 27.0.0, which is newer than target minimum of 11.0.0
         rust-lld: /Users/kooshapari/CodeProjects/Phenotype/repos/Tracera/target/debug/deps/libaws_lc_sys-a3b019717e25f3b6.rlib(dfe446faf29f8012-ec_asn1.o) has version 27.0.0, which is newer than target minimum of 11.0.0
         rust-lld: /Users/kooshapari/CodeProjects/Phenotype/repos/Tracera/target/debug/deps/libaws_lc_sys-a3b019717e25f3b6.rlib(a3e95cd5f24d649a-err.o) has version 27.0.0, which is newer than target minimum of 11.0.0
         rust-lld: /Users/kooshapari/CodeProjects/Phenotype/repos/Tracera/target/debug/deps/libaws_lc_sys-a3b019717e25f3b6.rlib(7510312e0f5aa0be-evp_asn1.o) has version 27.0.0, which is newer than target minimum of 11.0.0
         rust-lld: /Users/kooshapari/CodeProjects/Phenotype/repos/Tracera/target/debug/deps/libaws_lc_sys-a3b019717e25f3b6.rlib(fb1f39df2ea6f08f-dsa.o) has version 27.0.0, which is newer than target minimum of 11.0.0
         rust-lld: /Users/kooshapari/CodeProjects/Phenotype/repos/Tracera/target/debug/deps/libaws_lc_sys-a3b019717e25f3b6.rlib(fb1f39df2ea6f08f-dsa_asn1.o) has version 27.0.0, which is newer than target minimum of 11.0.0
         rust-lld: /Users/kooshapari/CodeProjects/Phenotype/repos/Tracera/target/debug/deps/libaws_lc_sys-a3b019717e25f3b6.rlib(7510312e0f5aa0be-print.o) has version 27.0.0, which is newer than target minimum of 11.0.0
         rust-lld: /Users/kooshapari/CodeProjects/Phenotype/repos/Tracera/target/debug/deps/libaws_lc_sys-a3b019717e25f3b6.rlib(76322f89f5cc2d96-printf.o) has version 27.0.0, which is newer than target minimum of 11.0.0
         rust-lld: /Users/kooshapari/CodeProjects/Phenotype/repos/Tracera/target/debug/deps/libaws_lc_sys-a3b019717e25f3b6.rlib(7510312e0f5aa0be-p_methods.o) has version 27.0.0, which is newer than target minimum of 11.0.0
         rust-lld: /Users/kooshapari/CodeProjects/Phenotype/repos/Tracera/target/debug/deps/libaws_lc_sys-a3b019717e25f3b6.rlib(7510312e0f5aa0be-p_dh_asn1.o) has version 27.0.0, which is newer than target minimum of 11.0.0
         rust-lld: /Users/kooshapari/CodeProjects/Phenotype/repos/Tracera/target/debug/deps/libaws_lc_sys-a3b019717e25f3b6.rlib(c1300545a7d60e2b-dh_asn1.o) has version 27.0.0, which is newer than target minimum of 11.0.0
         rust-lld: /Users/kooshapari/CodeProjects/Phenotype/repos/Tracera/target/debug/deps/libaws_lc_sys-a3b019717e25f3b6.rlib(7510312e0f5aa0be-p_dh.o) has version 27.0.0, which is newer than target minimum of 11.0.0
         rust-lld: /Users/kooshapari/CodeProjects/Phenotype/repos/Tracera/target/debug/deps/libaws_lc_sys-a3b019717e25f3b6.rlib(c1300545a7d60e2b-params.o) has version 27.0.0, which is newer than target minimum of 11.0.0
         rust-lld: /Users/kooshapari/CodeProjects/Phenotype/repos/Tracera/target/debug/deps/libaws_lc_sys-a3b019717e25f3b6.rlib(7510312e0f5aa0be-p_dsa_asn1.o) has version 27.0.0, which is newer than target minimum of 11.0.0
         rust-lld: /Users/kooshapari/CodeProjects/Phenotype/repos/Tracera/target/debug/deps/libaws_lc_sys-a3b019717e25f3b6.rlib(7510312e0f5aa0be-p_dsa.o) has version 27.0.0, which is newer than target minimum of 11.0.0
         rust-lld: /Users/kooshapari/CodeProjects/Phenotype/repos/Tracera/target/debug/deps/libaws_lc_sys-a3b019717e25f3b6.rlib(e71c6558e17b1ce7-digest_extra.o) has version 27.0.0, which is newer than target minimum of 11.0.0
         rust-lld: /Users/kooshapari/CodeProjects/Phenotype/repos/Tracera/target/debug/deps/libaws_lc_sys-a3b019717e25f3b6.rlib(62e235b24f99f4ff-blake2.o) has version 27.0.0, which is newer than target minimum of 11.0.0
         rust-lld: /Users/kooshapari/CodeProjects/Phenotype/repos/Tracera/target/debug/deps/libaws_lc_sys-a3b019717e25f3b6.rlib(7510312e0f5aa0be-p_ec_asn1.o) has version 27.0.0, which is newer than target minimum of 11.0.0
         rust-lld: /Users/kooshapari/CodeProjects/Phenotype/repos/Tracera/target/debug/deps/libaws_lc_sys-a3b019717e25f3b6.rlib(7510312e0f5aa0be-p_ed25519_asn1.o) has version 27.0.0, which is newer than target minimum of 11.0.0
         rust-lld: /Users/kooshapari/CodeProjects/Phenotype/repos/Tracera/target/debug/deps/libaws_lc_sys-a3b019717e25f3b6.rlib(7510312e0f5aa0be-p_hmac_asn1.o) has version 27.0.0, which is newer than target minimum of 11.0.0
         rust-lld: /Users/kooshapari/CodeProjects/Phenotype/repos/Tracera/target/debug/deps/libaws_lc_sys-a3b019717e25f3b6.rlib(7510312e0f5aa0be-p_kem_asn1.o) has version 27.0.0, which is newer than target minimum of 11.0.0
         rust-lld: /Users/kooshapari/CodeProjects/Phenotype/repos/Tracera/target/debug/deps/libaws_lc_sys-a3b019717e25f3b6.rlib(7510312e0f5aa0be-p_pqdsa_asn1.o) has version 27.0.0, which is newer than target minimum of 11.0.0
         rust-lld: /Users/kooshapari/CodeProjects/Phenotype/repos/Tracera/target/debug/deps/libaws_lc_sys-a3b019717e25f3b6.rlib(7510312e0f5aa0be-p_rsa_asn1.o) has version 27.0.0, which is newer than target minimum of 11.0.0
         rust-lld: /Users/kooshapari/CodeProjects/Phenotype/repos/Tracera/target/debug/deps/libaws_lc_sys-a3b019717e25f3b6.rlib(7510312e0f5aa0be-p_x25519.o) has version 27.0.0, which is newer than target minimum of 11.0.0
         rust-lld: /Users/kooshapari/CodeProjects/Phenotype/repos/Tracera/target/debug/deps/libaws_lc_sys-a3b019717e25f3b6.rlib(7510312e0f5aa0be-p_x25519_asn1.o) has version 27.0.0, which is newer than target minimum of 11.0.0
         rust-lld: /Users/kooshapari/CodeProjects/Phenotype/repos/Tracera/target/debug/deps/libaws_lc_sys-a3b019717e25f3b6.rlib(30a9a10d3f98970e-ex_data.o) has version 27.0.0, which is newer than target minimum of 11.0.0
         rust-lld: /Users/kooshapari/CodeProjects/Phenotype/repos/Tracera/target/debug/deps/libaws_lc_sys-a3b019717e25f3b6.rlib(f8e4fd781484bd36-bcm.o) has version 27.0.0, which is newer than target minimum of 11.0.0
         rust-lld: /Users/kooshapari/CodeProjects/Phenotype/repos/Tracera/target/debug/deps/libaws_lc_sys-a3b019717e25f3b6.rlib(dcb7d53a9be33b0c-engine.o) has version 27.0.0, which is newer than target minimum of 11.0.0
         rust-lld: /Users/kooshapari/CodeProjects/Phenotype/repos/Tracera/target/debug/deps/libaws_lc_sys-a3b019717e25f3b6.rlib(199386740f3660f1-ripemd.o) has version 27.0.0, which is newer than target minimum of 11.0.0
         rust-lld: /Users/kooshapari/CodeProjects/Phenotype/repos/Tracera/target/debug/deps/libaws_lc_sys-a3b019717e25f3b6.rlib(763c374fde874a6d-console.o) has version 27.0.0, which is newer than target minimum of 11.0.0
         rust-lld: /Users/kooshapari/CodeProjects/Phenotype/repos/Tracera/target/debug/deps/libaws_lc_sys-a3b019717e25f3b6.rlib(001247bc65c2f5e5-cpucap.o) has version 27.0.0, which is newer than target minimum of 11.0.0
         rust-lld: /Users/kooshapari/CodeProjects/Phenotype/repos/Tracera/target/debug/deps/libaws_lc_sys-a3b019717e25f3b6.rlib(6e985d8b17b56a49-md4.o) has version 27.0.0, which is newer than target minimum of 11.0.0
         rust-lld: /Users/kooshapari/CodeProjects/Phenotype/repos/Tracera/target/debug/deps/libaws_lc_sys-a3b019717e25f3b6.rlib(30a9a10d3f98970e-mem.o) has version 27.0.0, which is newer than target minimum of 11.0.0
         rust-lld: /Users/kooshapari/CodeProjects/Phenotype/repos/Tracera/target/debug/deps/libaws_lc_sys-a3b019717e25f3b6.rlib(7ac4c9359514b807-obj.o) has version 27.0.0, which is newer than target minimum of 11.0.0
         rust-lld: /Users/kooshapari/CodeProjects/Phenotype/repos/Tracera/target/debug/deps/libaws_lc_sys-a3b019717e25f3b6.rlib(bc1b343226bc6a17-a_object.o) has version 27.0.0, which is newer than target minimum of 11.0.0
         rust-lld: /Users/kooshapari/CodeProjects/Phenotype/repos/Tracera/target/debug/deps/libaws_lc_sys-a3b019717e25f3b6.rlib(ea2b51a0b6630529-lhash.o) has version 27.0.0, which is newer than target minimum of 11.0.0
         rust-lld: /Users/kooshapari/CodeProjects/Phenotype/repos/Tracera/target/debug/deps/libaws_lc_sys-a3b019717e25f3b6.rlib(7ac4c9359514b807-obj_xref.o) has version 27.0.0, which is newer than target minimum of 11.0.0
         rust-lld: /Users/kooshapari/CodeProjects/Phenotype/repos/Tracera/target/debug/deps/libaws_lc_sys-a3b019717e25f3b6.rlib(5d4700fda13603f0-poly1305.o) has version 27.0.0, which is newer than target minimum of 11.0.0
         rust-lld: /Users/kooshapari/CodeProjects/Phenotype/repos/Tracera/target/debug/deps/libaws_lc_sys-a3b019717e25f3b6.rlib(7bf3e571b6558a6b-getentropy.o) has version 27.0.0, which is newer than target minimum of 11.0.0
         rust-lld: /Users/kooshapari/CodeProjects/Phenotype/repos/Tracera/target/debug/deps/libaws_lc_sys-a3b019717e25f3b6.rlib(7bf3e571b6558a6b-vm_ube_fallback.o) has version 27.0.0, which is newer than target minimum of 11.0.0
         rust-lld: /Users/kooshapari/CodeProjects/Phenotype/repos/Tracera/target/debug/deps/libaws_lc_sys-a3b019717e25f3b6.rlib(30a9a10d3f98970e-refcount_c11.o) has version 27.0.0, which is newer than target minimum of 11.0.0
         rust-lld: /Users/kooshapari/CodeProjects/Phenotype/repos/Tracera/target/debug/deps/libaws_lc_sys-a3b019717e25f3b6.rlib(b0fd2550ab09b04e-rsassa_pss_asn1.o) has version 27.0.0, which is newer than target minimum of 11.0.0
         rust-lld: /Users/kooshapari/CodeProjects/Phenotype/repos/Tracera/target/debug/deps/libaws_lc_sys-a3b019717e25f3b6.rlib(b0fd2550ab09b04e-rsa_asn1.o) has version 27.0.0, which is newer than target minimum of 11.0.0
         rust-lld: /Users/kooshapari/CodeProjects/Phenotype/repos/Tracera/target/debug/deps/libaws_lc_sys-a3b019717e25f3b6.rlib(b0fd2550ab09b04e-rsa_crypt.o) has version 27.0.0, which is newer than target minimum of 11.0.0
         rust-lld: /Users/kooshapari/CodeProjects/Phenotype/repos/Tracera/target/debug/deps/libaws_lc_sys-a3b019717e25f3b6.rlib(60df219e9fcbc210-stack.o) has version 27.0.0, which is newer than target minimum of 11.0.0
         rust-lld: /Users/kooshapari/CodeProjects/Phenotype/repos/Tracera/target/debug/deps/libaws_lc_sys-a3b019717e25f3b6.rlib(30a9a10d3f98970e-thread_pthread.o) has version 27.0.0, which is newer than target minimum of 11.0.0
         rust-lld: /Users/kooshapari/CodeProjects/Phenotype/repos/Tracera/target/debug/deps/libaws_lc_sys-a3b019717e25f3b6.rlib(45070f5a112d041b-fork_ube_detect.o) has version 27.0.0, which is newer than target minimum of 11.0.0
         rust-lld: /Users/kooshapari/CodeProjects/Phenotype/repos/Tracera/target/debug/deps/libaws_lc_sys-a3b019717e25f3b6.rlib(45070f5a112d041b-ube.o) has version 27.0.0, which is newer than target minimum of 11.0.0
         rust-lld: /Users/kooshapari/CodeProjects/Phenotype/repos/Tracera/target/debug/deps/libaws_lc_sys-a3b019717e25f3b6.rlib(45070f5a112d041b-vm_ube_detect.o) has version 27.0.0, which is newer than target minimum of 11.0.0
         rust-lld: /Users/kooshapari/CodeProjects/Phenotype/repos/Tracera/target/debug/deps/libaws_lc_sys-a3b019717e25f3b6.rlib(c2f744a0f6403e0c-err_data.o) has version 27.0.0, which is newer than target minimum of 11.0.0
         rust-lld: /Users/kooshapari/CodeProjects/Phenotype/repos/Tracera/target/debug/deps/libaws_lc_sys-a3b019717e25f3b6.rlib(044d1b1af49c8a28-intt_aarch64_asm.o) has version 27.0.0, which is newer than target minimum of 11.0.0
         rust-lld: /Users/kooshapari/CodeProjects/Phenotype/repos/Tracera/target/debug/deps/libaws_lc_sys-a3b019717e25f3b6.rlib(044d1b1af49c8a28-mld_polyvecl_pointwise_acc_montgomery_l4_aarch64_asm.o) has version 27.0.0, which is newer than target minimum of 11.0.0
         rust-lld: /Users/kooshapari/CodeProjects/Phenotype/repos/Tracera/target/debug/deps/libaws_lc_sys-a3b019717e25f3b6.rlib(044d1b1af49c8a28-mld_polyvecl_pointwise_acc_montgomery_l5_aarch64_asm.o) has version 27.0.0, which is newer than target minimum of 11.0.0
         rust-lld: /Users/kooshapari/CodeProjects/Phenotype/repos/Tracera/target/debug/deps/libaws_lc_sys-a3b019717e25f3b6.rlib(044d1b1af49c8a28-mld_polyvecl_pointwise_acc_montgomery_l7_aarch64_asm.o) has version 27.0.0, which is newer than target minimum of 11.0.0
         rust-lld: /Users/kooshapari/CodeProjects/Phenotype/repos/Tracera/target/debug/deps/libaws_lc_sys-a3b019717e25f3b6.rlib(044d1b1af49c8a28-ntt_aarch64_asm.o) has version 27.0.0, which is newer than target minimum of 11.0.0
         rust-lld: /Users/kooshapari/CodeProjects/Phenotype/repos/Tracera/target/debug/deps/libaws_lc_sys-a3b019717e25f3b6.rlib(044d1b1af49c8a28-pointwise_montgomery_aarch64_asm.o) has version 27.0.0, which is newer than target minimum of 11.0.0
         rust-lld: /Users/kooshapari/CodeProjects/Phenotype/repos/Tracera/target/debug/deps/libaws_lc_sys-a3b019717e25f3b6.rlib(044d1b1af49c8a28-polyz_unpack_17_aarch64_asm.o) has version 27.0.0, which is newer than target minimum of 11.0.0
         rust-lld: /Users/kooshapari/CodeProjects/Phenotype/repos/Tracera/target/debug/deps/libaws_lc_sys-a3b019717e25f3b6.rlib(044d1b1af49c8a28-polyz_unpack_19_aarch64_asm.o) has version 27.0.0, which is newer than target minimum of 11.0.0
         rust-lld: /Users/kooshapari/CodeProjects/Phenotype/repos/Tracera/target/debug/deps/libaws_lc_sys-a3b019717e25f3b6.rlib(044d1b1af49c8a28-poly_caddq_aarch64_asm.o) has version 27.0.0, which is newer than target minimum of 11.0.0
         rust-lld: /Users/kooshapari/CodeProjects/Phenotype/repos/Tracera/target/debug/deps/libaws_lc_sys-a3b019717e25f3b6.rlib(044d1b1af49c8a28-poly_chknorm_aarch64_asm.o) has version 27.0.0, which is newer than target minimum of 11.0.0
         rust-lld: /Users/kooshapari/CodeProjects/Phenotype/repos/Tracera/target/debug/deps/libaws_lc_sys-a3b019717e25f3b6.rlib(044d1b1af49c8a28-poly_decompose_32_aarch64_asm.o) has version 27.0.0, which is newer than target minimum of 11.0.0
         rust-lld: /Users/kooshapari/CodeProjects/Phenotype/repos/Tracera/target/debug/deps/libaws_lc_sys-a3b019717e25f3b6.rlib(044d1b1af49c8a28-poly_decompose_88_aarch64_asm.o) has version 27.0.0, which is newer than target minimum of 11.0.0
         rust-lld: /Users/kooshapari/CodeProjects/Phenotype/repos/Tracera/target/debug/deps/libaws_lc_sys-a3b019717e25f3b6.rlib(044d1b1af49c8a28-poly_use_hint_32_aarch64_asm.o) has version 27.0.0, which is newer than target minimum of 11.0.0
         rust-lld: /Users/kooshapari/CodeProjects/Phenotype/repos/Tracera/target/debug/deps/libaws_lc_sys-a3b019717e25f3b6.rlib(044d1b1af49c8a28-poly_use_hint_88_aarch64_asm.o) has version 27.0.0, which is newer than target minimum of 11.0.0
         rust-lld: /Users/kooshapari/CodeProjects/Phenotype/repos/Tracera/target/debug/deps/libaws_lc_sys-a3b019717e25f3b6.rlib(044d1b1af49c8a28-rej_uniform_aarch64_asm.o) has version 27.0.0, which is newer than target minimum of 11.0.0
         rust-lld: /Users/kooshapari/CodeProjects/Phenotype/repos/Tracera/target/debug/deps/libaws_lc_sys-a3b019717e25f3b6.rlib(044d1b1af49c8a28-rej_uniform_eta2_aarch64_asm.o) has version 27.0.0, which is newer than target minimum of 11.0.0
         rust-lld: /Users/kooshapari/CodeProjects/Phenotype/repos/Tracera/target/debug/deps/libaws_lc_sys-a3b019717e25f3b6.rlib(044d1b1af49c8a28-rej_uniform_eta4_aarch64_asm.o) has version 27.0.0, which is newer than target minimum of 11.0.0
         rust-lld: /Users/kooshapari/CodeProjects/Phenotype/repos/Tracera/target/debug/deps/libaws_lc_sys-a3b019717e25f3b6.rlib(7a51880ffa82f69b-intt.o) has version 27.0.0, which is newer than target minimum of 11.0.0
         rust-lld: /Users/kooshapari/CodeProjects/Phenotype/repos/Tracera/target/debug/deps/libaws_lc_sys-a3b019717e25f3b6.rlib(7a51880ffa82f69b-ntt.o) has version 27.0.0, which is newer than target minimum of 11.0.0
         rust-lld: /Users/kooshapari/CodeProjects/Phenotype/repos/Tracera/target/debug/deps/libaws_lc_sys-a3b019717e25f3b6.rlib(7a51880ffa82f69b-polyvec_basemul_acc_montgomery_cached_asm_k2.o) has version 27.0.0, which is newer than target minimum of 11.0.0
         rust-lld: /Users/kooshapari/CodeProjects/Phenotype/repos/Tracera/target/debug/deps/libaws_lc_sys-a3b019717e25f3b6.rlib(7a51880ffa82f69b-polyvec_basemul_acc_montgomery_cached_asm_k3.o) has version 27.0.0, which is newer than target minimum of 11.0.0
         rust-lld: /Users/kooshapari/CodeProjects/Phenotype/repos/Tracera/target/debug/deps/libaws_lc_sys-a3b019717e25f3b6.rlib(7a51880ffa82f69b-polyvec_basemul_acc_montgomery_cached_asm_k4.o) has version 27.0.0, which is newer than target minimum of 11.0.0
         rust-lld: /Users/kooshapari/CodeProjects/Phenotype/repos/Tracera/target/debug/deps/libaws_lc_sys-a3b019717e25f3b6.rlib(7a51880ffa82f69b-poly_mulcache_compute_asm.o) has version 27.0.0, which is newer than target minimum of 11.0.0
         rust-lld: /Users/kooshapari/CodeProjects/Phenotype/repos/Tracera/target/debug/deps/libaws_lc_sys-a3b019717e25f3b6.rlib(7a51880ffa82f69b-poly_reduce_asm.o) has version 27.0.0, which is newer than target minimum of 11.0.0
         rust-lld: /Users/kooshapari/CodeProjects/Phenotype/repos/Tracera/target/debug/deps/libaws_lc_sys-a3b019717e25f3b6.rlib(7a51880ffa82f69b-poly_tobytes_asm.o) has version 27.0.0, which is newer than target minimum of 11.0.0
         rust-lld: /Users/kooshapari/CodeProjects/Phenotype/repos/Tracera/target/debug/deps/libaws_lc_sys-a3b019717e25f3b6.rlib(7a51880ffa82f69b-poly_tomont_asm.o) has version 27.0.0, which is newer than target minimum of 11.0.0
         rust-lld: /Users/kooshapari/CodeProjects/Phenotype/repos/Tracera/target/debug/deps/libaws_lc_sys-a3b019717e25f3b6.rlib(7a51880ffa82f69b-rej_uniform_asm.o) has version 27.0.0, which is newer than target minimum of 11.0.0
         rust-lld: /Users/kooshapari/CodeProjects/Phenotype/repos/Tracera/target/debug/deps/libaws_lc_sys-a3b019717e25f3b6.rlib(6cb977b152c40450-chacha-armv8.o) has version 27.0.0, which is newer than target minimum of 11.0.0
         rust-lld: /Users/kooshapari/CodeProjects/Phenotype/repos/Tracera/target/debug/deps/libaws_lc_sys-a3b019717e25f3b6.rlib(c53e8c40df789e0d-chacha20_poly1305_armv8.o) has version 27.0.0, which is newer than target minimum of 11.0.0
         rust-lld: /Users/kooshapari/CodeProjects/Phenotype/repos/Tracera/target/debug/deps/libaws_lc_sys-a3b019717e25f3b6.rlib(c4391ac3c46825d6-aesv8-armx.o) has version 27.0.0, which is newer than target minimum of 11.0.0
         rust-lld: /Users/kooshapari/CodeProjects/Phenotype/repos/Tracera/target/debug/deps/libaws_lc_sys-a3b019717e25f3b6.rlib(c4391ac3c46825d6-aesv8-gcm-armv8-unroll8.o) has version 27.0.0, which is newer than target minimum of 11.0.0
         rust-lld: /Users/kooshapari/CodeProjects/Phenotype/repos/Tracera/target/debug/deps/libaws_lc_sys-a3b019717e25f3b6.rlib(c4391ac3c46825d6-aesv8-gcm-armv8.o) has version 27.0.0, which is newer than target minimum of 11.0.0
         rust-lld: /Users/kooshapari/CodeProjects/Phenotype/repos/Tracera/target/debug/deps/libaws_lc_sys-a3b019717e25f3b6.rlib(c4391ac3c46825d6-armv8-mont.o) has version 27.0.0, which is newer than target minimum of 11.0.0
         rust-lld: /Users/kooshapari/CodeProjects/Phenotype/repos/Tracera/target/debug/deps/libaws_lc_sys-a3b019717e25f3b6.rlib(c4391ac3c46825d6-bn-armv8.o) has version 27.0.0, which is newer than target minimum of 11.0.0
         rust-lld: /Users/kooshapari/CodeProjects/Phenotype/repos/Tracera/target/debug/deps/libaws_lc_sys-a3b019717e25f3b6.rlib(c4391ac3c46825d6-ghash-neon-armv8.o) has version 27.0.0, which is newer than target minimum of 11.0.0
         rust-lld: /Users/kooshapari/CodeProjects/Phenotype/repos/Tracera/target/debug/deps/libaws_lc_sys-a3b019717e25f3b6.rlib(c4391ac3c46825d6-ghashv8-armx.o) has version 27.0.0, which is newer than target minimum of 11.0.0
         rust-lld: /Users/kooshapari/CodeProjects/Phenotype/repos/Tracera/target/debug/deps/libaws_lc_sys-a3b019717e25f3b6.rlib(c4391ac3c46825d6-keccak1600-armv8.o) has version 27.0.0, which is newer than target minimum of 11.0.0
         rust-lld: /Users/kooshapari/CodeProjects/Phenotype/repos/Tracera/target/debug/deps/libaws_lc_sys-a3b019717e25f3b6.rlib(c4391ac3c46825d6-md5-armv8.o) has version 27.0.0, which is newer than target minimum of 11.0.0
         rust-lld: /Users/kooshapari/CodeProjects/Phenotype/repos/Tracera/target/debug/deps/libaws_lc_sys-a3b019717e25f3b6.rlib(c4391ac3c46825d6-p256-armv8-asm.o) has version 27.0.0, which is newer than target minimum of 11.0.0
         rust-lld: /Users/kooshapari/CodeProjects/Phenotype/repos/Tracera/target/debug/deps/libaws_lc_sys-a3b019717e25f3b6.rlib(c4391ac3c46825d6-p256_beeu-armv8-asm.o) has version 27.0.0, which is newer than target minimum of 11.0.0
         rust-lld: /Users/kooshapari/CodeProjects/Phenotype/repos/Tracera/target/debug/deps/libaws_lc_sys-a3b019717e25f3b6.rlib(c4391ac3c46825d6-rndr-armv8.o) has version 27.0.0, which is newer than target minimum of 11.0.0
         rust-lld: /Users/kooshapari/CodeProjects/Phenotype/repos/Tracera/target/debug/deps/libaws_lc_sys-a3b019717e25f3b6.rlib(c4391ac3c46825d6-sha1-armv8.o) has version 27.0.0, which is newer than target minimum of 11.0.0
         rust-lld: /Users/kooshapari/CodeProjects/Phenotype/repos/Tracera/target/debug/deps/libaws_lc_sys-a3b019717e25f3b6.rlib(c4391ac3c46825d6-sha256-armv8.o) has version 27.0.0, which is newer than target minimum of 11.0.0
         rust-lld: /Users/kooshapari/CodeProjects/Phenotype/repos/Tracera/target/debug/deps/libaws_lc_sys-a3b019717e25f3b6.rlib(c4391ac3c46825d6-sha512-armv8.o) has version 27.0.0, which is newer than target minimum of 11.0.0
         rust-lld: /Users/kooshapari/CodeProjects/Phenotype/repos/Tracera/target/debug/deps/libaws_lc_sys-a3b019717e25f3b6.rlib(c4391ac3c46825d6-vpaes-armv8.o) has version 27.0.0, which is newer than target minimum of 11.0.0
         rust-lld: /Users/kooshapari/CodeProjects/Phenotype/repos/Tracera/target/debug/deps/libaws_lc_sys-a3b019717e25f3b6.rlib(2a065450252c12f3-bignum_madd_n25519.o) has version 27.0.0, which is newer than target minimum of 11.0.0
         rust-lld: /Users/kooshapari/CodeProjects/Phenotype/repos/Tracera/target/debug/deps/libaws_lc_sys-a3b019717e25f3b6.rlib(2a065450252c12f3-bignum_madd_n25519_alt.o) has version 27.0.0, which is newer than target minimum of 11.0.0
         rust-lld: /Users/kooshapari/CodeProjects/Phenotype/repos/Tracera/target/debug/deps/libaws_lc_sys-a3b019717e25f3b6.rlib(2a065450252c12f3-bignum_mod_n25519.o) has version 27.0.0, which is newer than target minimum of 11.0.0
         rust-lld: /Users/kooshapari/CodeProjects/Phenotype/repos/Tracera/target/debug/deps/libaws_lc_sys-a3b019717e25f3b6.rlib(2a065450252c12f3-bignum_neg_p25519.o) has version 27.0.0, which is newer than target minimum of 11.0.0
         rust-lld: /Users/kooshapari/CodeProjects/Phenotype/repos/Tracera/target/debug/deps/libaws_lc_sys-a3b019717e25f3b6.rlib(2a065450252c12f3-curve25519_x25519base_byte.o) has version 27.0.0, which is newer than target minimum of 11.0.0
         rust-lld: /Users/kooshapari/CodeProjects/Phenotype/repos/Tracera/target/debug/deps/libaws_lc_sys-a3b019717e25f3b6.rlib(2a065450252c12f3-curve25519_x25519base_byte_alt.o) has version 27.0.0, which is newer than target minimum of 11.0.0
         rust-lld: /Users/kooshapari/CodeProjects/Phenotype/repos/Tracera/target/debug/deps/libaws_lc_sys-a3b019717e25f3b6.rlib(2a065450252c12f3-curve25519_x25519_byte.o) has version 27.0.0, which is newer than target minimum of 11.0.0
         rust-lld: /Users/kooshapari/CodeProjects/Phenotype/repos/Tracera/target/debug/deps/libaws_lc_sys-a3b019717e25f3b6.rlib(2a065450252c12f3-curve25519_x25519_byte_alt.o) has version 27.0.0, which is newer than target minimum of 11.0.0
         rust-lld: /Users/kooshapari/CodeProjects/Phenotype/repos/Tracera/target/debug/deps/libaws_lc_sys-a3b019717e25f3b6.rlib(2a065450252c12f3-edwards25519_decode.o) has version 27.0.0, which is newer than target minimum of 11.0.0
         rust-lld: /Users/kooshapari/CodeProjects/Phenotype/repos/Tracera/target/debug/deps/libaws_lc_sys-a3b019717e25f3b6.rlib(2a065450252c12f3-edwards25519_decode_alt.o) has version 27.0.0, which is newer than target minimum of 11.0.0
         rust-lld: /Users/kooshapari/CodeProjects/Phenotype/repos/Tracera/target/debug/deps/libaws_lc_sys-a3b019717e25f3b6.rlib(2a065450252c12f3-edwards25519_encode.o) has version 27.0.0, which is newer than target minimum of 11.0.0
         rust-lld: /Users/kooshapari/CodeProjects/Phenotype/repos/Tracera/target/debug/deps/libaws_lc_sys-a3b019717e25f3b6.rlib(2a065450252c12f3-edwards25519_scalarmulbase.o) has version 27.0.0, which is newer than target minimum of 11.0.0
         rust-lld: /Users/kooshapari/CodeProjects/Phenotype/repos/Tracera/target/debug/deps/libaws_lc_sys-a3b019717e25f3b6.rlib(2a065450252c12f3-edwards25519_scalarmulbase_alt.o) has version 27.0.0, which is newer than target minimum of 11.0.0
         rust-lld: /Users/kooshapari/CodeProjects/Phenotype/repos/Tracera/target/debug/deps/libaws_lc_sys-a3b019717e25f3b6.rlib(2a065450252c12f3-edwards25519_scalarmuldouble.o) has version 27.0.0, which is newer than target minimum of 11.0.0
         rust-lld: /Users/kooshapari/CodeProjects/Phenotype/repos/Tracera/target/debug/deps/libaws_lc_sys-a3b019717e25f3b6.rlib(2a065450252c12f3-edwards25519_scalarmuldouble_alt.o) has version 27.0.0, which is newer than target minimum of 11.0.0
         rust-lld: /Users/kooshapari/CodeProjects/Phenotype/repos/Tracera/target/debug/deps/libaws_lc_sys-a3b019717e25f3b6.rlib(2ee72d5a85c036ff-bignum_emontredc_8n.o) has version 27.0.0, which is newer than target minimum of 11.0.0
         rust-lld: /Users/kooshapari/CodeProjects/Phenotype/repos/Tracera/target/debug/deps/libaws_lc_sys-a3b019717e25f3b6.rlib(2ee72d5a85c036ff-bignum_kmul_16_32.o) has version 27.0.0, which is newer than target minimum of 11.0.0
         rust-lld: /Users/kooshapari/CodeProjects/Phenotype/repos/Tracera/target/debug/deps/libaws_lc_sys-a3b019717e25f3b6.rlib(2ee72d5a85c036ff-bignum_kmul_32_64.o) has version 27.0.0, which is newer than target minimum of 11.0.0
         rust-lld: /Users/kooshapari/CodeProjects/Phenotype/repos/Tracera/target/debug/deps/libaws_lc_sys-a3b019717e25f3b6.rlib(2ee72d5a85c036ff-bignum_ksqr_16_32.o) has version 27.0.0, which is newer than target minimum of 11.0.0
         rust-lld: /Users/kooshapari/CodeProjects/Phenotype/repos/Tracera/target/debug/deps/libaws_lc_sys-a3b019717e25f3b6.rlib(2ee72d5a85c036ff-bignum_ksqr_32_64.o) has version 27.0.0, which is newer than target minimum of 11.0.0
         rust-lld: /Users/kooshapari/CodeProjects/Phenotype/repos/Tracera/target/debug/deps/libaws_lc_sys-a3b019717e25f3b6.rlib(2eb9bba22ef5252d-bignum_copy_row_from_table.o) has version 27.0.0, which is newer than target minimum of 11.0.0
         rust-lld: /Users/kooshapari/CodeProjects/Phenotype/repos/Tracera/target/debug/deps/libaws_lc_sys-a3b019717e25f3b6.rlib(2eb9bba22ef5252d-bignum_copy_row_from_table_16.o) has version 27.0.0, which is newer than target minimum of 11.0.0
         rust-lld: /Users/kooshapari/CodeProjects/Phenotype/repos/Tracera/target/debug/deps/libaws_lc_sys-a3b019717e25f3b6.rlib(2eb9bba22ef5252d-bignum_copy_row_from_table_32.o) has version 27.0.0, which is newer than target minimum of 11.0.0
         rust-lld: /Users/kooshapari/CodeProjects/Phenotype/repos/Tracera/target/debug/deps/libaws_lc_sys-a3b019717e25f3b6.rlib(2eb9bba22ef5252d-bignum_copy_row_from_table_8n.o) has version 27.0.0, which is newer than target minimum of 11.0.0
         rust-lld: /Users/kooshapari/CodeProjects/Phenotype/repos/Tracera/target/debug/deps/libaws_lc_sys-a3b019717e25f3b6.rlib(2eb9bba22ef5252d-bignum_ge.o) has version 27.0.0, which is newer than target minimum of 11.0.0
         rust-lld: /Users/kooshapari/CodeProjects/Phenotype/repos/Tracera/target/debug/deps/libaws_lc_sys-a3b019717e25f3b6.rlib(2eb9bba22ef5252d-bignum_mul.o) has version 27.0.0, which is newer than target minimum of 11.0.0
         rust-lld: /Users/kooshapari/CodeProjects/Phenotype/repos/Tracera/target/debug/deps/libaws_lc_sys-a3b019717e25f3b6.rlib(2eb9bba22ef5252d-bignum_optsub.o) has version 27.0.0, which is newer than target minimum of 11.0.0
         rust-lld: /Users/kooshapari/CodeProjects/Phenotype/repos/Tracera/target/debug/deps/libaws_lc_sys-a3b019717e25f3b6.rlib(2eb9bba22ef5252d-bignum_sqr.o) has version 27.0.0, which is newer than target minimum of 11.0.0
         rust-lld: /Users/kooshapari/CodeProjects/Phenotype/repos/Tracera/target/debug/deps/libaws_lc_sys-a3b019717e25f3b6.rlib(46b3cee15136b9e3-bignum_montinv_p256.o) has version 27.0.0, which is newer than target minimum of 11.0.0
         rust-lld: /Users/kooshapari/CodeProjects/Phenotype/repos/Tracera/target/debug/deps/libaws_lc_sys-a3b019717e25f3b6.rlib(46b3cee15136b9e3-p256_montjscalarmul.o) has version 27.0.0, which is newer than target minimum of 11.0.0
         rust-lld: /Users/kooshapari/CodeProjects/Phenotype/repos/Tracera/target/debug/deps/libaws_lc_sys-a3b019717e25f3b6.rlib(46b3cee15136b9e3-p256_montjscalarmul_alt.o) has version 27.0.0, which is newer than target minimum of 11.0.0
         rust-lld: /Users/kooshapari/CodeProjects/Phenotype/repos/Tracera/target/debug/deps/libaws_lc_sys-a3b019717e25f3b6.rlib(33b0e8a9ff3ac954-bignum_add_p384.o) has version 27.0.0, which is newer than target minimum of 11.0.0
         rust-lld: /Users/kooshapari/CodeProjects/Phenotype/repos/Tracera/target/debug/deps/libaws_lc_sys-a3b019717e25f3b6.rlib(33b0e8a9ff3ac954-bignum_deamont_p384.o) has version 27.0.0, which is newer than target minimum of 11.0.0
         rust-lld: /Users/kooshapari/CodeProjects/Phenotype/repos/Tracera/target/debug/deps/libaws_lc_sys-a3b019717e25f3b6.rlib(33b0e8a9ff3ac954-bignum_littleendian_6.o) has version 27.0.0, which is newer than target minimum of 11.0.0
         rust-lld: /Users/kooshapari/CodeProjects/Phenotype/repos/Tracera/target/debug/deps/libaws_lc_sys-a3b019717e25f3b6.rlib(33b0e8a9ff3ac954-bignum_montinv_p384.o) has version 27.0.0, which is newer than target minimum of 11.0.0
         rust-lld: /Users/kooshapari/CodeProjects/Phenotype/repos/Tracera/target/debug/deps/libaws_lc_sys-a3b019717e25f3b6.rlib(33b0e8a9ff3ac954-bignum_montmul_p384.o) has version 27.0.0, which is newer than target minimum of 11.0.0
         rust-lld: /Users/kooshapari/CodeProjects/Phenotype/repos/Tracera/target/debug/deps/libaws_lc_sys-a3b019717e25f3b6.rlib(33b0e8a9ff3ac954-bignum_montmul_p384_alt.o) has version 27.0.0, which is newer than target minimum of 11.0.0
         rust-lld: /Users/kooshapari/CodeProjects/Phenotype/repos/Tracera/target/debug/deps/libaws_lc_sys-a3b019717e25f3b6.rlib(33b0e8a9ff3ac954-bignum_montsqr_p384.o) has version 27.0.0, which is newer than target minimum of 11.0.0
         rust-lld: /Users/kooshapari/CodeProjects/Phenotype/repos/Tracera/target/debug/deps/libaws_lc_sys-a3b019717e25f3b6.rlib(33b0e8a9ff3ac954-bignum_montsqr_p384_alt.o) has version 27.0.0, which is newer than target minimum of 11.0.0
         rust-lld: /Users/kooshapari/CodeProjects/Phenotype/repos/Tracera/target/debug/deps/libaws_lc_sys-a3b019717e25f3b6.rlib(33b0e8a9ff3ac954-bignum_neg_p384.o) has version 27.0.0, which is newer than target minimum of 11.0.0
         rust-lld: /Users/kooshapari/CodeProjects/Phenotype/repos/Tracera/target/debug/deps/libaws_lc_sys-a3b019717e25f3b6.rlib(33b0e8a9ff3ac954-bignum_nonzero_6.o) has version 27.0.0, which is newer than target minimum of 11.0.0
         rust-lld: /Users/kooshapari/CodeProjects/Phenotype/repos/Tracera/target/debug/deps/libaws_lc_sys-a3b019717e25f3b6.rlib(33b0e8a9ff3ac954-bignum_sub_p384.o) has version 27.0.0, which is newer than target minimum of 11.0.0
         rust-lld: /Users/kooshapari/CodeProjects/Phenotype/repos/Tracera/target/debug/deps/libaws_lc_sys-a3b019717e25f3b6.rlib(33b0e8a9ff3ac954-bignum_tomont_p384.o) has version 27.0.0, which is newer than target minimum of 11.0.0
         rust-lld: /Users/kooshapari/CodeProjects/Phenotype/repos/Tracera/target/debug/deps/libaws_lc_sys-a3b019717e25f3b6.rlib(33b0e8a9ff3ac954-p384_montjdouble.o) has version 27.0.0, which is newer than target minimum of 11.0.0
         rust-lld: /Users/kooshapari/CodeProjects/Phenotype/repos/Tracera/target/debug/deps/libaws_lc_sys-a3b019717e25f3b6.rlib(33b0e8a9ff3ac954-p384_montjdouble_alt.o) has version 27.0.0, which is newer than target minimum of 11.0.0
         rust-lld: /Users/kooshapari/CodeProjects/Phenotype/repos/Tracera/target/debug/deps/libaws_lc_sys-a3b019717e25f3b6.rlib(33b0e8a9ff3ac954-p384_montjscalarmul.o) has version 27.0.0, which is newer than target minimum of 11.0.0
         rust-lld: /Users/kooshapari/CodeProjects/Phenotype/repos/Tracera/target/debug/deps/libaws_lc_sys-a3b019717e25f3b6.rlib(33b0e8a9ff3ac954-p384_montjscalarmul_alt.o) has version 27.0.0, which is newer than target minimum of 11.0.0
         rust-lld: /Users/kooshapari/CodeProjects/Phenotype/repos/Tracera/target/debug/deps/libaws_lc_sys-a3b019717e25f3b6.rlib(ccbabe9886131d80-bignum_add_p521.o) has version 27.0.0, which is newer than target minimum of 11.0.0
         rust-lld: /Users/kooshapari/CodeProjects/Phenotype/repos/Tracera/target/debug/deps/libaws_lc_sys-a3b019717e25f3b6.rlib(ccbabe9886131d80-bignum_fromlebytes_p521.o) has version 27.0.0, which is newer than target minimum of 11.0.0
         rust-lld: /Users/kooshapari/CodeProjects/Phenotype/repos/Tracera/target/debug/deps/libaws_lc_sys-a3b019717e25f3b6.rlib(ccbabe9886131d80-bignum_inv_p521.o) has version 27.0.0, which is newer than target minimum of 11.0.0
         rust-lld: /Users/kooshapari/CodeProjects/Phenotype/repos/Tracera/target/debug/deps/libaws_lc_sys-a3b019717e25f3b6.rlib(ccbabe9886131d80-bignum_mul_p521.o) has version 27.0.0, which is newer than target minimum of 11.0.0
         rust-lld: /Users/kooshapari/CodeProjects/Phenotype/repos/Tracera/target/debug/deps/libaws_lc_sys-a3b019717e25f3b6.rlib(ccbabe9886131d80-bignum_mul_p521_alt.o) has version 27.0.0, which is newer than target minimum of 11.0.0
         rust-lld: /Users/kooshapari/CodeProjects/Phenotype/repos/Tracera/target/debug/deps/libaws_lc_sys-a3b019717e25f3b6.rlib(ccbabe9886131d80-bignum_neg_p521.o) has version 27.0.0, which is newer than target minimum of 11.0.0
         rust-lld: /Users/kooshapari/CodeProjects/Phenotype/repos/Tracera/target/debug/deps/libaws_lc_sys-a3b019717e25f3b6.rlib(ccbabe9886131d80-bignum_sqr_p521.o) has version 27.0.0, which is newer than target minimum of 11.0.0
         rust-lld: /Users/kooshapari/CodeProjects/Phenotype/repos/Tracera/target/debug/deps/libaws_lc_sys-a3b019717e25f3b6.rlib(ccbabe9886131d80-bignum_sqr_p521_alt.o) has version 27.0.0, which is newer than target minimum of 11.0.0
         rust-lld: /Users/kooshapari/CodeProjects/Phenotype/repos/Tracera/target/debug/deps/libaws_lc_sys-a3b019717e25f3b6.rlib(ccbabe9886131d80-bignum_sub_p521.o) has version 27.0.0, which is newer than target minimum of 11.0.0
         rust-lld: /Users/kooshapari/CodeProjects/Phenotype/repos/Tracera/target/debug/deps/libaws_lc_sys-a3b019717e25f3b6.rlib(ccbabe9886131d80-bignum_tolebytes_p521.o) has version 27.0.0, which is newer than target minimum of 11.0.0
         rust-lld: /Users/kooshapari/CodeProjects/Phenotype/repos/Tracera/target/debug/deps/libaws_lc_sys-a3b019717e25f3b6.rlib(ccbabe9886131d80-p521_jdouble.o) has version 27.0.0, which is newer than target minimum of 11.0.0
         rust-lld: /Users/kooshapari/CodeProjects/Phenotype/repos/Tracera/target/debug/deps/libaws_lc_sys-a3b019717e25f3b6.rlib(ccbabe9886131d80-p521_jdouble_alt.o) has version 27.0.0, which is newer than target minimum of 11.0.0
         rust-lld: /Users/kooshapari/CodeProjects/Phenotype/repos/Tracera/target/debug/deps/libaws_lc_sys-a3b019717e25f3b6.rlib(ccbabe9886131d80-p521_jscalarmul.o) has version 27.0.0, which is newer than target minimum of 11.0.0
         rust-lld: /Users/kooshapari/CodeProjects/Phenotype/repos/Tracera/target/debug/deps/libaws_lc_sys-a3b019717e25f3b6.rlib(ccbabe9886131d80-p521_jscalarmul_alt.o) has version 27.0.0, which is newer than target minimum of 11.0.0
         rust-lld: /Users/kooshapari/CodeProjects/Phenotype/repos/Tracera/target/debug/deps/libaws_lc_sys-a3b019717e25f3b6.rlib(ac9a06e0f1f9cd7d-sha3_keccak2_f1600.o) has version 27.0.0, which is newer than target minimum of 11.0.0
         rust-lld: /Users/kooshapari/CodeProjects/Phenotype/repos/Tracera/target/debug/deps/libaws_lc_sys-a3b019717e25f3b6.rlib(ac9a06e0f1f9cd7d-sha3_keccak4_f1600_alt.o) has version 27.0.0, which is newer than target minimum of 11.0.0
         rust-lld: /Users/kooshapari/CodeProjects/Phenotype/repos/Tracera/target/debug/deps/libaws_lc_sys-a3b019717e25f3b6.rlib(ac9a06e0f1f9cd7d-sha3_keccak4_f1600_alt2.o) has version 27.0.0, which is newer than target minimum of 11.0.0
         rust-lld: /Users/kooshapari/CodeProjects/Phenotype/repos/Tracera/target/debug/deps/libaws_lc_sys-a3b019717e25f3b6.rlib(ac9a06e0f1f9cd7d-sha3_keccak_f1600.o) has version 27.0.0, which is newer than target minimum of 11.0.0
         rust-lld: /Users/kooshapari/CodeProjects/Phenotype/repos/Tracera/target/debug/deps/libaws_lc_sys-a3b019717e25f3b6.rlib(ac9a06e0f1f9cd7d-sha3_keccak_f1600_alt.o) has version 27.0.0, which is newer than target minimum of 11.0.0
         rust-lld: /Users/kooshapari/CodeProjects/Phenotype/repos/Tracera/target/debug/deps/libaws_lc_sys-a3b019717e25f3b6.rlib(e9338ebcd69164a9-aes-xts-dec.o) has version 27.0.0, which is newer than target minimum of 11.0.0
         rust-lld: /Users/kooshapari/CodeProjects/Phenotype/repos/Tracera/target/debug/deps/libaws_lc_sys-a3b019717e25f3b6.rlib(e9338ebcd69164a9-aes-xts-enc.o) has version 27.0.0, which is newer than target minimum of 11.0.0
         rust-lld: /Users/kooshapari/CodeProjects/Phenotype/repos/Tracera/target/debug/deps/libaws_lc_sys-a3b019717e25f3b6.rlib(2d40dbbd793ef942-jitterentropy-base.o) has version 27.0.0, which is newer than target minimum of 11.0.0
         rust-lld: /Users/kooshapari/CodeProjects/Phenotype/repos/Tracera/target/debug/deps/libaws_lc_sys-a3b019717e25f3b6.rlib(2d40dbbd793ef942-jitterentropy-gcd.o) has version 27.0.0, which is newer than target minimum of 11.0.0
         rust-lld: /Users/kooshapari/CodeProjects/Phenotype/repos/Tracera/target/debug/deps/libaws_lc_sys-a3b019717e25f3b6.rlib(2d40dbbd793ef942-jitterentropy-health.o) has version 27.0.0, which is newer than target minimum of 11.0.0
         rust-lld: /Users/kooshapari/CodeProjects/Phenotype/repos/Tracera/target/debug/deps/libaws_lc_sys-a3b019717e25f3b6.rlib(2d40dbbd793ef942-jitterentropy-noise.o) has version 27.0.0, which is newer than target minimum of 11.0.0
         rust-lld: /Users/kooshapari/CodeProjects/Phenotype/repos/Tracera/target/debug/deps/libaws_lc_sys-a3b019717e25f3b6.rlib(2d40dbbd793ef942-jitterentropy-sha3.o) has version 27.0.0, which is newer than target minimum of 11.0.0
         rust-lld: Option `-no_compact_unwind' is undocumented. Should lld implement it?
  |
  = note: `#[warn(linker_messages)]` on by default

warning: `tracera-cli` (bin "tracera" test) generated 3 warnings
   Compiling worker v0.4.2
   Compiling sqlx-macros v0.9.0
   Compiling sqlx v0.9.0
   Compiling tracera-edge v0.1.0 (/Users/kooshapari/CodeProjects/Phenotype/repos/Tracera/crates/tracera-edge)
   Compiling tracera-server v0.1.3 (/Users/kooshapari/CodeProjects/Phenotype/repos/Tracera/crates/tracera-server)
warning: `tracera-edge` (lib test) generated 1 warning (1 duplicate)
warning: linker stderr: rust-lld: /Users/kooshapari/CodeProjects/Phenotype/repos/Tracera/target/debug/deps/libaws_lc_sys-a3b019717e25f3b6.rlib(7a596fe31a02c0e2-convert.o) has version 27.0.0, which is newer than target minimum of 11.0.0
         rust-lld: /Users/kooshapari/CodeProjects/Phenotype/repos/Tracera/target/debug/deps/libaws_lc_sys-a3b019717e25f3b6.rlib(76322f89f5cc2d96-bio.o) has version 27.0.0, which is newer than target minimum of 11.0.0
         rust-lld: /Users/kooshapari/CodeProjects/Phenotype/repos/Tracera/target/debug/deps/libaws_lc_sys-a3b019717e25f3b6.rlib(76322f89f5cc2d96-file.o) has version 27.0.0, which is newer than target minimum of 11.0.0
         rust-lld: /Users/kooshapari/CodeProjects/Phenotype/repos/Tracera/target/debug/deps/libaws_lc_sys-a3b019717e25f3b6.rlib(c4fcddba145918af-cbb.o) has version 27.0.0, which is newer than target minimum of 11.0.0
         rust-lld: /Users/kooshapari/CodeProjects/Phenotype/repos/Tracera/target/debug/deps/libaws_lc_sys-a3b019717e25f3b6.rlib(c4fcddba145918af-cbs.o) has version 27.0.0, which is newer than target minimum of 11.0.0
         rust-lld: /Users/kooshapari/CodeProjects/Phenotype/repos/Tracera/target/debug/deps/libaws_lc_sys-a3b019717e25f3b6.rlib(bc1b343226bc6a17-posix_time.o) has version 27.0.0, which is newer than target minimum of 11.0.0
         rust-lld: /Users/kooshapari/CodeProjects/Phenotype/repos/Tracera/target/debug/deps/libaws_lc_sys-a3b019717e25f3b6.rlib(a6455f51a2435c3f-chacha.o) has version 27.0.0, which is newer than target minimum of 11.0.0
         rust-lld: /Users/kooshapari/CodeProjects/Phenotype/repos/Tracera/target/debug/deps/libaws_lc_sys-a3b019717e25f3b6.rlib(89981633f66afe17-e_aesgcmsiv.o) has version 27.0.0, which is newer than target minimum of 11.0.0
         rust-lld: /Users/kooshapari/CodeProjects/Phenotype/repos/Tracera/target/debug/deps/libaws_lc_sys-a3b019717e25f3b6.rlib(89981633f66afe17-e_chacha20poly1305.o) has version 27.0.0, which is newer than target minimum of 11.0.0
         rust-lld: /Users/kooshapari/CodeProjects/Phenotype/repos/Tracera/target/debug/deps/libaws_lc_sys-a3b019717e25f3b6.rlib(89981633f66afe17-e_des.o) has version 27.0.0, which is newer than target minimum of 11.0.0
         rust-lld: /Users/kooshapari/CodeProjects/Phenotype/repos/Tracera/target/debug/deps/libaws_lc_sys-a3b019717e25f3b6.rlib(30a9a10d3f98970e-crypto.o) has version 27.0.0, which is newer than target minimum of 11.0.0
         rust-lld: /Users/kooshapari/CodeProjects/Phenotype/repos/Tracera/target/debug/deps/libaws_lc_sys-a3b019717e25f3b6.rlib(175e87304cd4663c-cfb.o) has version 27.0.0, which is newer than target minimum of 11.0.0
         rust-lld: /Users/kooshapari/CodeProjects/Phenotype/repos/Tracera/target/debug/deps/libaws_lc_sys-a3b019717e25f3b6.rlib(da5030c6f3330e8d-des.o) has version 27.0.0, which is newer than target minimum of 11.0.0
         rust-lld: /Users/kooshapari/CodeProjects/Phenotype/repos/Tracera/target/debug/deps/libaws_lc_sys-a3b019717e25f3b6.rlib(0c919c82d61b4518-ecdsa_asn1.o) has version 27.0.0, which is newer than target minimum of 11.0.0
         rust-lld: /Users/kooshapari/CodeProjects/Phenotype/repos/Tracera/target/debug/deps/libaws_lc_sys-a3b019717e25f3b6.rlib(7a596fe31a02c0e2-bn_asn1.o) has version 27.0.0, which is newer than target minimum of 11.0.0
         rust-lld: /Users/kooshapari/CodeProjects/Phenotype/repos/Tracera/target/debug/deps/libaws_lc_sys-a3b019717e25f3b6.rlib(c4fcddba145918af-asn1_compat.o) has version 27.0.0, which is newer than target minimum of 11.0.0
         rust-lld: /Users/kooshapari/CodeProjects/Phenotype/repos/Tracera/target/debug/deps/libaws_lc_sys-a3b019717e25f3b6.rlib(dfe446faf29f8012-ec_asn1.o) has version 27.0.0, which is newer than target minimum of 11.0.0
         rust-lld: /Users/kooshapari/CodeProjects/Phenotype/repos/Tracera/target/debug/deps/libaws_lc_sys-a3b019717e25f3b6.rlib(a3e95cd5f24d649a-err.o) has version 27.0.0, which is newer than target minimum of 11.0.0
         rust-lld: /Users/kooshapari/CodeProjects/Phenotype/repos/Tracera/target/debug/deps/libaws_lc_sys-a3b019717e25f3b6.rlib(7510312e0f5aa0be-evp_asn1.o) has version 27.0.0, which is newer than target minimum of 11.0.0
         rust-lld: /Users/kooshapari/CodeProjects/Phenotype/repos/Tracera/target/debug/deps/libaws_lc_sys-a3b019717e25f3b6.rlib(fb1f39df2ea6f08f-dsa.o) has version 27.0.0, which is newer than target minimum of 11.0.0
         rust-lld: /Users/kooshapari/CodeProjects/Phenotype/repos/Tracera/target/debug/deps/libaws_lc_sys-a3b019717e25f3b6.rlib(fb1f39df2ea6f08f-dsa_asn1.o) has version 27.0.0, which is newer than target minimum of 11.0.0
         rust-lld: /Users/kooshapari/CodeProjects/Phenotype/repos/Tracera/target/debug/deps/libaws_lc_sys-a3b019717e25f3b6.rlib(7510312e0f5aa0be-print.o) has version 27.0.0, which is newer than target minimum of 11.0.0
         rust-lld: /Users/kooshapari/CodeProjects/Phenotype/repos/Tracera/target/debug/deps/libaws_lc_sys-a3b019717e25f3b6.rlib(76322f89f5cc2d96-printf.o) has version 27.0.0, which is newer than target minimum of 11.0.0
         rust-lld: /Users/kooshapari/CodeProjects/Phenotype/repos/Tracera/target/debug/deps/libaws_lc_sys-a3b019717e25f3b6.rlib(7510312e0f5aa0be-p_methods.o) has version 27.0.0, which is newer than target minimum of 11.0.0
         rust-lld: /Users/kooshapari/CodeProjects/Phenotype/repos/Tracera/target/debug/deps/libaws_lc_sys-a3b019717e25f3b6.rlib(7510312e0f5aa0be-p_dh_asn1.o) has version 27.0.0, which is newer than target minimum of 11.0.0
         rust-lld: /Users/kooshapari/CodeProjects/Phenotype/repos/Tracera/target/debug/deps/libaws_lc_sys-a3b019717e25f3b6.rlib(c1300545a7d60e2b-dh_asn1.o) has version 27.0.0, which is newer than target minimum of 11.0.0
         rust-lld: /Users/kooshapari/CodeProjects/Phenotype/repos/Tracera/target/debug/deps/libaws_lc_sys-a3b019717e25f3b6.rlib(7510312e0f5aa0be-p_dh.o) has version 27.0.0, which is newer than target minimum of 11.0.0
         rust-lld: /Users/kooshapari/CodeProjects/Phenotype/repos/Tracera/target/debug/deps/libaws_lc_sys-a3b019717e25f3b6.rlib(c1300545a7d60e2b-params.o) has version 27.0.0, which is newer than target minimum of 11.0.0
         rust-lld: /Users/kooshapari/CodeProjects/Phenotype/repos/Tracera/target/debug/deps/libaws_lc_sys-a3b019717e25f3b6.rlib(7510312e0f5aa0be-p_dsa_asn1.o) has version 27.0.0, which is newer than target minimum of 11.0.0
         rust-lld: /Users/kooshapari/CodeProjects/Phenotype/repos/Tracera/target/debug/deps/libaws_lc_sys-a3b019717e25f3b6.rlib(7510312e0f5aa0be-p_dsa.o) has version 27.0.0, which is newer than target minimum of 11.0.0
         rust-lld: /Users/kooshapari/CodeProjects/Phenotype/repos/Tracera/target/debug/deps/libaws_lc_sys-a3b019717e25f3b6.rlib(e71c6558e17b1ce7-digest_extra.o) has version 27.0.0, which is newer than target minimum of 11.0.0
         rust-lld: /Users/kooshapari/CodeProjects/Phenotype/repos/Tracera/target/debug/deps/libaws_lc_sys-a3b019717e25f3b6.rlib(62e235b24f99f4ff-blake2.o) has version 27.0.0, which is newer than target minimum of 11.0.0
         rust-lld: /Users/kooshapari/CodeProjects/Phenotype/repos/Tracera/target/debug/deps/libaws_lc_sys-a3b019717e25f3b6.rlib(7510312e0f5aa0be-p_ec_asn1.o) has version 27.0.0, which is newer than target minimum of 11.0.0
         rust-lld: /Users/kooshapari/CodeProjects/Phenotype/repos/Tracera/target/debug/deps/libaws_lc_sys-a3b019717e25f3b6.rlib(7510312e0f5aa0be-p_ed25519_asn1.o) has version 27.0.0, which is newer than target minimum of 11.0.0
         rust-lld: /Users/kooshapari/CodeProjects/Phenotype/repos/Tracera/target/debug/deps/libaws_lc_sys-a3b019717e25f3b6.rlib(7510312e0f5aa0be-p_hmac_asn1.o) has version 27.0.0, which is newer than target minimum of 11.0.0
         rust-lld: /Users/kooshapari/CodeProjects/Phenotype/repos/Tracera/target/debug/deps/libaws_lc_sys-a3b019717e25f3b6.rlib(7510312e0f5aa0be-p_kem_asn1.o) has version 27.0.0, which is newer than target minimum of 11.0.0
         rust-lld: /Users/kooshapari/CodeProjects/Phenotype/repos/Tracera/target/debug/deps/libaws_lc_sys-a3b019717e25f3b6.rlib(7510312e0f5aa0be-p_pqdsa_asn1.o) has version 27.0.0, which is newer than target minimum of 11.0.0
         rust-lld: /Users/kooshapari/CodeProjects/Phenotype/repos/Tracera/target/debug/deps/libaws_lc_sys-a3b019717e25f3b6.rlib(7510312e0f5aa0be-p_rsa_asn1.o) has version 27.0.0, which is newer than target minimum of 11.0.0
         rust-lld: /Users/kooshapari/CodeProjects/Phenotype/repos/Tracera/target/debug/deps/libaws_lc_sys-a3b019717e25f3b6.rlib(7510312e0f5aa0be-p_x25519.o) has version 27.0.0, which is newer than target minimum of 11.0.0
         rust-lld: /Users/kooshapari/CodeProjects/Phenotype/repos/Tracera/target/debug/deps/libaws_lc_sys-a3b019717e25f3b6.rlib(7510312e0f5aa0be-p_x25519_asn1.o) has version 27.0.0, which is newer than target minimum of 11.0.0
         rust-lld: /Users/kooshapari/CodeProjects/Phenotype/repos/Tracera/target/debug/deps/libaws_lc_sys-a3b019717e25f3b6.rlib(30a9a10d3f98970e-ex_data.o) has version 27.0.0, which is newer than target minimum of 11.0.0
         rust-lld: /Users/kooshapari/CodeProjects/Phenotype/repos/Tracera/target/debug/deps/libaws_lc_sys-a3b019717e25f3b6.rlib(f8e4fd781484bd36-bcm.o) has version 27.0.0, which is newer than target minimum of 11.0.0
         rust-lld: /Users/kooshapari/CodeProjects/Phenotype/repos/Tracera/target/debug/deps/libaws_lc_sys-a3b019717e25f3b6.rlib(dcb7d53a9be33b0c-engine.o) has version 27.0.0, which is newer than target minimum of 11.0.0
         rust-lld: /Users/kooshapari/CodeProjects/Phenotype/repos/Tracera/target/debug/deps/libaws_lc_sys-a3b019717e25f3b6.rlib(199386740f3660f1-ripemd.o) has version 27.0.0, which is newer than target minimum of 11.0.0
         rust-lld: /Users/kooshapari/CodeProjects/Phenotype/repos/Tracera/target/debug/deps/libaws_lc_sys-a3b019717e25f3b6.rlib(763c374fde874a6d-console.o) has version 27.0.0, which is newer than target minimum of 11.0.0
         rust-lld: /Users/kooshapari/CodeProjects/Phenotype/repos/Tracera/target/debug/deps/libaws_lc_sys-a3b019717e25f3b6.rlib(001247bc65c2f5e5-cpucap.o) has version 27.0.0, which is newer than target minimum of 11.0.0
         rust-lld: /Users/kooshapari/CodeProjects/Phenotype/repos/Tracera/target/debug/deps/libaws_lc_sys-a3b019717e25f3b6.rlib(6e985d8b17b56a49-md4.o) has version 27.0.0, which is newer than target minimum of 11.0.0
         rust-lld: /Users/kooshapari/CodeProjects/Phenotype/repos/Tracera/target/debug/deps/libaws_lc_sys-a3b019717e25f3b6.rlib(30a9a10d3f98970e-mem.o) has version 27.0.0, which is newer than target minimum of 11.0.0
         rust-lld: /Users/kooshapari/CodeProjects/Phenotype/repos/Tracera/target/debug/deps/libaws_lc_sys-a3b019717e25f3b6.rlib(7ac4c9359514b807-obj.o) has version 27.0.0, which is newer than target minimum of 11.0.0
         rust-lld: /Users/kooshapari/CodeProjects/Phenotype/repos/Tracera/target/debug/deps/libaws_lc_sys-a3b019717e25f3b6.rlib(bc1b343226bc6a17-a_object.o) has version 27.0.0, which is newer than target minimum of 11.0.0
         rust-lld: /Users/kooshapari/CodeProjects/Phenotype/repos/Tracera/target/debug/deps/libaws_lc_sys-a3b019717e25f3b6.rlib(ea2b51a0b6630529-lhash.o) has version 27.0.0, which is newer than target minimum of 11.0.0
         rust-lld: /Users/kooshapari/CodeProjects/Phenotype/repos/Tracera/target/debug/deps/libaws_lc_sys-a3b019717e25f3b6.rlib(7ac4c9359514b807-obj_xref.o) has version 27.0.0, which is newer than target minimum of 11.0.0
         rust-lld: /Users/kooshapari/CodeProjects/Phenotype/repos/Tracera/target/debug/deps/libaws_lc_sys-a3b019717e25f3b6.rlib(5d4700fda13603f0-poly1305.o) has version 27.0.0, which is newer than target minimum of 11.0.0
         rust-lld: /Users/kooshapari/CodeProjects/Phenotype/repos/Tracera/target/debug/deps/libaws_lc_sys-a3b019717e25f3b6.rlib(7bf3e571b6558a6b-getentropy.o) has version 27.0.0, which is newer than target minimum of 11.0.0
         rust-lld: /Users/kooshapari/CodeProjects/Phenotype/repos/Tracera/target/debug/deps/libaws_lc_sys-a3b019717e25f3b6.rlib(7bf3e571b6558a6b-vm_ube_fallback.o) has version 27.0.0, which is newer than target minimum of 11.0.0
         rust-lld: /Users/kooshapari/CodeProjects/Phenotype/repos/Tracera/target/debug/deps/libaws_lc_sys-a3b019717e25f3b6.rlib(30a9a10d3f98970e-refcount_c11.o) has version 27.0.0, which is newer than target minimum of 11.0.0
         rust-lld: /Users/kooshapari/CodeProjects/Phenotype/repos/Tracera/target/debug/deps/libaws_lc_sys-a3b019717e25f3b6.rlib(b0fd2550ab09b04e-rsassa_pss_asn1.o) has version 27.0.0, which is newer than target minimum of 11.0.0
         rust-lld: /Users/kooshapari/CodeProjects/Phenotype/repos/Tracera/target/debug/deps/libaws_lc_sys-a3b019717e25f3b6.rlib(b0fd2550ab09b04e-rsa_asn1.o) has version 27.0.0, which is newer than target minimum of 11.0.0
         rust-lld: /Users/kooshapari/CodeProjects/Phenotype/repos/Tracera/target/debug/deps/libaws_lc_sys-a3b019717e25f3b6.rlib(b0fd2550ab09b04e-rsa_crypt.o) has version 27.0.0, which is newer than target minimum of 11.0.0
         rust-lld: /Users/kooshapari/CodeProjects/Phenotype/repos/Tracera/target/debug/deps/libaws_lc_sys-a3b019717e25f3b6.rlib(60df219e9fcbc210-stack.o) has version 27.0.0, which is newer than target minimum of 11.0.0
         rust-lld: /Users/kooshapari/CodeProjects/Phenotype/repos/Tracera/target/debug/deps/libaws_lc_sys-a3b019717e25f3b6.rlib(30a9a10d3f98970e-thread_pthread.o) has version 27.0.0, which is newer than target minimum of 11.0.0
         rust-lld: /Users/kooshapari/CodeProjects/Phenotype/repos/Tracera/target/debug/deps/libaws_lc_sys-a3b019717e25f3b6.rlib(45070f5a112d041b-fork_ube_detect.o) has version 27.0.0, which is newer than target minimum of 11.0.0
         rust-lld: /Users/kooshapari/CodeProjects/Phenotype/repos/Tracera/target/debug/deps/libaws_lc_sys-a3b019717e25f3b6.rlib(45070f5a112d041b-ube.o) has version 27.0.0, which is newer than target minimum of 11.0.0
         rust-lld: /Users/kooshapari/CodeProjects/Phenotype/repos/Tracera/target/debug/deps/libaws_lc_sys-a3b019717e25f3b6.rlib(45070f5a112d041b-vm_ube_detect.o) has version 27.0.0, which is newer than target minimum of 11.0.0
         rust-lld: /Users/kooshapari/CodeProjects/Phenotype/repos/Tracera/target/debug/deps/libaws_lc_sys-a3b019717e25f3b6.rlib(c2f744a0f6403e0c-err_data.o) has version 27.0.0, which is newer than target minimum of 11.0.0
         rust-lld: /Users/kooshapari/CodeProjects/Phenotype/repos/Tracera/target/debug/deps/libaws_lc_sys-a3b019717e25f3b6.rlib(044d1b1af49c8a28-intt_aarch64_asm.o) has version 27.0.0, which is newer than target minimum of 11.0.0
         rust-lld: /Users/kooshapari/CodeProjects/Phenotype/repos/Tracera/target/debug/deps/libaws_lc_sys-a3b019717e25f3b6.rlib(044d1b1af49c8a28-mld_polyvecl_pointwise_acc_montgomery_l4_aarch64_asm.o) has version 27.0.0, which is newer than target minimum of 11.0.0
         rust-lld: /Users/kooshapari/CodeProjects/Phenotype/repos/Tracera/target/debug/deps/libaws_lc_sys-a3b019717e25f3b6.rlib(044d1b1af49c8a28-mld_polyvecl_pointwise_acc_montgomery_l5_aarch64_asm.o) has version 27.0.0, which is newer than target minimum of 11.0.0
         rust-lld: /Users/kooshapari/CodeProjects/Phenotype/repos/Tracera/target/debug/deps/libaws_lc_sys-a3b019717e25f3b6.rlib(044d1b1af49c8a28-mld_polyvecl_pointwise_acc_montgomery_l7_aarch64_asm.o) has version 27.0.0, which is newer than target minimum of 11.0.0
         rust-lld: /Users/kooshapari/CodeProjects/Phenotype/repos/Tracera/target/debug/deps/libaws_lc_sys-a3b019717e25f3b6.rlib(044d1b1af49c8a28-ntt_aarch64_asm.o) has version 27.0.0, which is newer than target minimum of 11.0.0
         rust-lld: /Users/kooshapari/CodeProjects/Phenotype/repos/Tracera/target/debug/deps/libaws_lc_sys-a3b019717e25f3b6.rlib(044d1b1af49c8a28-pointwise_montgomery_aarch64_asm.o) has version 27.0.0, which is newer than target minimum of 11.0.0
         rust-lld: /Users/kooshapari/CodeProjects/Phenotype/repos/Tracera/target/debug/deps/libaws_lc_sys-a3b019717e25f3b6.rlib(044d1b1af49c8a28-polyz_unpack_17_aarch64_asm.o) has version 27.0.0, which is newer than target minimum of 11.0.0
         rust-lld: /Users/kooshapari/CodeProjects/Phenotype/repos/Tracera/target/debug/deps/libaws_lc_sys-a3b019717e25f3b6.rlib(044d1b1af49c8a28-polyz_unpack_19_aarch64_asm.o) has version 27.0.0, which is newer than target minimum of 11.0.0
         rust-lld: /Users/kooshapari/CodeProjects/Phenotype/repos/Tracera/target/debug/deps/libaws_lc_sys-a3b019717e25f3b6.rlib(044d1b1af49c8a28-poly_caddq_aarch64_asm.o) has version 27.0.0, which is newer than target minimum of 11.0.0
         rust-lld: /Users/kooshapari/CodeProjects/Phenotype/repos/Tracera/target/debug/deps/libaws_lc_sys-a3b019717e25f3b6.rlib(044d1b1af49c8a28-poly_chknorm_aarch64_asm.o) has version 27.0.0, which is newer than target minimum of 11.0.0
         rust-lld: /Users/kooshapari/CodeProjects/Phenotype/repos/Tracera/target/debug/deps/libaws_lc_sys-a3b019717e25f3b6.rlib(044d1b1af49c8a28-poly_decompose_32_aarch64_asm.o) has version 27.0.0, which is newer than target minimum of 11.0.0
         rust-lld: /Users/kooshapari/CodeProjects/Phenotype/repos/Tracera/target/debug/deps/libaws_lc_sys-a3b019717e25f3b6.rlib(044d1b1af49c8a28-poly_decompose_88_aarch64_asm.o) has version 27.0.0, which is newer than target minimum of 11.0.0
         rust-lld: /Users/kooshapari/CodeProjects/Phenotype/repos/Tracera/target/debug/deps/libaws_lc_sys-a3b019717e25f3b6.rlib(044d1b1af49c8a28-poly_use_hint_32_aarch64_asm.o) has version 27.0.0, which is newer than target minimum of 11.0.0
         rust-lld: /Users/kooshapari/CodeProjects/Phenotype/repos/Tracera/target/debug/deps/libaws_lc_sys-a3b019717e25f3b6.rlib(044d1b1af49c8a28-poly_use_hint_88_aarch64_asm.o) has version 27.0.0, which is newer than target minimum of 11.0.0
         rust-lld: /Users/kooshapari/CodeProjects/Phenotype/repos/Tracera/target/debug/deps/libaws_lc_sys-a3b019717e25f3b6.rlib(044d1b1af49c8a28-rej_uniform_aarch64_asm.o) has version 27.0.0, which is newer than target minimum of 11.0.0
         rust-lld: /Users/kooshapari/CodeProjects/Phenotype/repos/Tracera/target/debug/deps/libaws_lc_sys-a3b019717e25f3b6.rlib(044d1b1af49c8a28-rej_uniform_eta2_aarch64_asm.o) has version 27.0.0, which is newer than target minimum of 11.0.0
         rust-lld: /Users/kooshapari/CodeProjects/Phenotype/repos/Tracera/target/debug/deps/libaws_lc_sys-a3b019717e25f3b6.rlib(044d1b1af49c8a28-rej_uniform_eta4_aarch64_asm.o) has version 27.0.0, which is newer than target minimum of 11.0.0
         rust-lld: /Users/kooshapari/CodeProjects/Phenotype/repos/Tracera/target/debug/deps/libaws_lc_sys-a3b019717e25f3b6.rlib(7a51880ffa82f69b-intt.o) has version 27.0.0, which is newer than target minimum of 11.0.0
         rust-lld: /Users/kooshapari/CodeProjects/Phenotype/repos/Tracera/target/debug/deps/libaws_lc_sys-a3b019717e25f3b6.rlib(7a51880ffa82f69b-ntt.o) has version 27.0.0, which is newer than target minimum of 11.0.0
         rust-lld: /Users/kooshapari/CodeProjects/Phenotype/repos/Tracera/target/debug/deps/libaws_lc_sys-a3b019717e25f3b6.rlib(7a51880ffa82f69b-polyvec_basemul_acc_montgomery_cached_asm_k2.o) has version 27.0.0, which is newer than target minimum of 11.0.0
         rust-lld: /Users/kooshapari/CodeProjects/Phenotype/repos/Tracera/target/debug/deps/libaws_lc_sys-a3b019717e25f3b6.rlib(7a51880ffa82f69b-polyvec_basemul_acc_montgomery_cached_asm_k3.o) has version 27.0.0, which is newer than target minimum of 11.0.0
         rust-lld: /Users/kooshapari/CodeProjects/Phenotype/repos/Tracera/target/debug/deps/libaws_lc_sys-a3b019717e25f3b6.rlib(7a51880ffa82f69b-polyvec_basemul_acc_montgomery_cached_asm_k4.o) has version 27.0.0, which is newer than target minimum of 11.0.0
         rust-lld: /Users/kooshapari/CodeProjects/Phenotype/repos/Tracera/target/debug/deps/libaws_lc_sys-a3b019717e25f3b6.rlib(7a51880ffa82f69b-poly_mulcache_compute_asm.o) has version 27.0.0, which is newer than target minimum of 11.0.0
         rust-lld: /Users/kooshapari/CodeProjects/Phenotype/repos/Tracera/target/debug/deps/libaws_lc_sys-a3b019717e25f3b6.rlib(7a51880ffa82f69b-poly_reduce_asm.o) has version 27.0.0, which is newer than target minimum of 11.0.0
         rust-lld: /Users/kooshapari/CodeProjects/Phenotype/repos/Tracera/target/debug/deps/libaws_lc_sys-a3b019717e25f3b6.rlib(7a51880ffa82f69b-poly_tobytes_asm.o) has version 27.0.0, which is newer than target minimum of 11.0.0
         rust-lld: /Users/kooshapari/CodeProjects/Phenotype/repos/Tracera/target/debug/deps/libaws_lc_sys-a3b019717e25f3b6.rlib(7a51880ffa82f69b-poly_tomont_asm.o) has version 27.0.0, which is newer than target minimum of 11.0.0
         rust-lld: /Users/kooshapari/CodeProjects/Phenotype/repos/Tracera/target/debug/deps/libaws_lc_sys-a3b019717e25f3b6.rlib(7a51880ffa82f69b-rej_uniform_asm.o) has version 27.0.0, which is newer than target minimum of 11.0.0
         rust-lld: /Users/kooshapari/CodeProjects/Phenotype/repos/Tracera/target/debug/deps/libaws_lc_sys-a3b019717e25f3b6.rlib(6cb977b152c40450-chacha-armv8.o) has version 27.0.0, which is newer than target minimum of 11.0.0
         rust-lld: /Users/kooshapari/CodeProjects/Phenotype/repos/Tracera/target/debug/deps/libaws_lc_sys-a3b019717e25f3b6.rlib(c53e8c40df789e0d-chacha20_poly1305_armv8.o) has version 27.0.0, which is newer than target minimum of 11.0.0
         rust-lld: /Users/kooshapari/CodeProjects/Phenotype/repos/Tracera/target/debug/deps/libaws_lc_sys-a3b019717e25f3b6.rlib(c4391ac3c46825d6-aesv8-armx.o) has version 27.0.0, which is newer than target minimum of 11.0.0
         rust-lld: /Users/kooshapari/CodeProjects/Phenotype/repos/Tracera/target/debug/deps/libaws_lc_sys-a3b019717e25f3b6.rlib(c4391ac3c46825d6-aesv8-gcm-armv8-unroll8.o) has version 27.0.0, which is newer than target minimum of 11.0.0
         rust-lld: /Users/kooshapari/CodeProjects/Phenotype/repos/Tracera/target/debug/deps/libaws_lc_sys-a3b019717e25f3b6.rlib(c4391ac3c46825d6-aesv8-gcm-armv8.o) has version 27.0.0, which is newer than target minimum of 11.0.0
         rust-lld: /Users/kooshapari/CodeProjects/Phenotype/repos/Tracera/target/debug/deps/libaws_lc_sys-a3b019717e25f3b6.rlib(c4391ac3c46825d6-armv8-mont.o) has version 27.0.0, which is newer than target minimum of 11.0.0
         rust-lld: /Users/kooshapari/CodeProjects/Phenotype/repos/Tracera/target/debug/deps/libaws_lc_sys-a3b019717e25f3b6.rlib(c4391ac3c46825d6-bn-armv8.o) has version 27.0.0, which is newer than target minimum of 11.0.0
         rust-lld: /Users/kooshapari/CodeProjects/Phenotype/repos/Tracera/target/debug/deps/libaws_lc_sys-a3b019717e25f3b6.rlib(c4391ac3c46825d6-ghash-neon-armv8.o) has version 27.0.0, which is newer than target minimum of 11.0.0
         rust-lld: /Users/kooshapari/CodeProjects/Phenotype/repos/Tracera/target/debug/deps/libaws_lc_sys-a3b019717e25f3b6.rlib(c4391ac3c46825d6-ghashv8-armx.o) has version 27.0.0, which is newer than target minimum of 11.0.0
         rust-lld: /Users/kooshapari/CodeProjects/Phenotype/repos/Tracera/target/debug/deps/libaws_lc_sys-a3b019717e25f3b6.rlib(c4391ac3c46825d6-keccak1600-armv8.o) has version 27.0.0, which is newer than target minimum of 11.0.0
         rust-lld: /Users/kooshapari/CodeProjects/Phenotype/repos/Tracera/target/debug/deps/libaws_lc_sys-a3b019717e25f3b6.rlib(c4391ac3c46825d6-md5-armv8.o) has version 27.0.0, which is newer than target minimum of 11.0.0
         rust-lld: /Users/kooshapari/CodeProjects/Phenotype/repos/Tracera/target/debug/deps/libaws_lc_sys-a3b019717e25f3b6.rlib(c4391ac3c46825d6-p256-armv8-asm.o) has version 27.0.0, which is newer than target minimum of 11.0.0
         rust-lld: /Users/kooshapari/CodeProjects/Phenotype/repos/Tracera/target/debug/deps/libaws_lc_sys-a3b019717e25f3b6.rlib(c4391ac3c46825d6-p256_beeu-armv8-asm.o) has version 27.0.0, which is newer than target minimum of 11.0.0
         rust-lld: /Users/kooshapari/CodeProjects/Phenotype/repos/Tracera/target/debug/deps/libaws_lc_sys-a3b019717e25f3b6.rlib(c4391ac3c46825d6-rndr-armv8.o) has version 27.0.0, which is newer than target minimum of 11.0.0
         rust-lld: /Users/kooshapari/CodeProjects/Phenotype/repos/Tracera/target/debug/deps/libaws_lc_sys-a3b019717e25f3b6.rlib(c4391ac3c46825d6-sha1-armv8.o) has version 27.0.0, which is newer than target minimum of 11.0.0
         rust-lld: /Users/kooshapari/CodeProjects/Phenotype/repos/Tracera/target/debug/deps/libaws_lc_sys-a3b019717e25f3b6.rlib(c4391ac3c46825d6-sha256-armv8.o) has version 27.0.0, which is newer than target minimum of 11.0.0
         rust-lld: /Users/kooshapari/CodeProjects/Phenotype/repos/Tracera/target/debug/deps/libaws_lc_sys-a3b019717e25f3b6.rlib(c4391ac3c46825d6-sha512-armv8.o) has version 27.0.0, which is newer than target minimum of 11.0.0
         rust-lld: /Users/kooshapari/CodeProjects/Phenotype/repos/Tracera/target/debug/deps/libaws_lc_sys-a3b019717e25f3b6.rlib(c4391ac3c46825d6-vpaes-armv8.o) has version 27.0.0, which is newer than target minimum of 11.0.0
         rust-lld: /Users/kooshapari/CodeProjects/Phenotype/repos/Tracera/target/debug/deps/libaws_lc_sys-a3b019717e25f3b6.rlib(2a065450252c12f3-bignum_madd_n25519.o) has version 27.0.0, which is newer than target minimum of 11.0.0
         rust-lld: /Users/kooshapari/CodeProjects/Phenotype/repos/Tracera/target/debug/deps/libaws_lc_sys-a3b019717e25f3b6.rlib(2a065450252c12f3-bignum_madd_n25519_alt.o) has version 27.0.0, which is newer than target minimum of 11.0.0
         rust-lld: /Users/kooshapari/CodeProjects/Phenotype/repos/Tracera/target/debug/deps/libaws_lc_sys-a3b019717e25f3b6.rlib(2a065450252c12f3-bignum_mod_n25519.o) has version 27.0.0, which is newer than target minimum of 11.0.0
         rust-lld: /Users/kooshapari/CodeProjects/Phenotype/repos/Tracera/target/debug/deps/libaws_lc_sys-a3b019717e25f3b6.rlib(2a065450252c12f3-bignum_neg_p25519.o) has version 27.0.0, which is newer than target minimum of 11.0.0
         rust-lld: /Users/kooshapari/CodeProjects/Phenotype/repos/Tracera/target/debug/deps/libaws_lc_sys-a3b019717e25f3b6.rlib(2a065450252c12f3-curve25519_x25519base_byte.o) has version 27.0.0, which is newer than target minimum of 11.0.0
         rust-lld: /Users/kooshapari/CodeProjects/Phenotype/repos/Tracera/target/debug/deps/libaws_lc_sys-a3b019717e25f3b6.rlib(2a065450252c12f3-curve25519_x25519base_byte_alt.o) has version 27.0.0, which is newer than target minimum of 11.0.0
         rust-lld: /Users/kooshapari/CodeProjects/Phenotype/repos/Tracera/target/debug/deps/libaws_lc_sys-a3b019717e25f3b6.rlib(2a065450252c12f3-curve25519_x25519_byte.o) has version 27.0.0, which is newer than target minimum of 11.0.0
         rust-lld: /Users/kooshapari/CodeProjects/Phenotype/repos/Tracera/target/debug/deps/libaws_lc_sys-a3b019717e25f3b6.rlib(2a065450252c12f3-curve25519_x25519_byte_alt.o) has version 27.0.0, which is newer than target minimum of 11.0.0
         rust-lld: /Users/kooshapari/CodeProjects/Phenotype/repos/Tracera/target/debug/deps/libaws_lc_sys-a3b019717e25f3b6.rlib(2a065450252c12f3-edwards25519_decode.o) has version 27.0.0, which is newer than target minimum of 11.0.0
         rust-lld: /Users/kooshapari/CodeProjects/Phenotype/repos/Tracera/target/debug/deps/libaws_lc_sys-a3b019717e25f3b6.rlib(2a065450252c12f3-edwards25519_decode_alt.o) has version 27.0.0, which is newer than target minimum of 11.0.0
         rust-lld: /Users/kooshapari/CodeProjects/Phenotype/repos/Tracera/target/debug/deps/libaws_lc_sys-a3b019717e25f3b6.rlib(2a065450252c12f3-edwards25519_encode.o) has version 27.0.0, which is newer than target minimum of 11.0.0
         rust-lld: /Users/kooshapari/CodeProjects/Phenotype/repos/Tracera/target/debug/deps/libaws_lc_sys-a3b019717e25f3b6.rlib(2a065450252c12f3-edwards25519_scalarmulbase.o) has version 27.0.0, which is newer than target minimum of 11.0.0
         rust-lld: /Users/kooshapari/CodeProjects/Phenotype/repos/Tracera/target/debug/deps/libaws_lc_sys-a3b019717e25f3b6.rlib(2a065450252c12f3-edwards25519_scalarmulbase_alt.o) has version 27.0.0, which is newer than target minimum of 11.0.0
         rust-lld: /Users/kooshapari/CodeProjects/Phenotype/repos/Tracera/target/debug/deps/libaws_lc_sys-a3b019717e25f3b6.rlib(2a065450252c12f3-edwards25519_scalarmuldouble.o) has version 27.0.0, which is newer than target minimum of 11.0.0
         rust-lld: /Users/kooshapari/CodeProjects/Phenotype/repos/Tracera/target/debug/deps/libaws_lc_sys-a3b019717e25f3b6.rlib(2a065450252c12f3-edwards25519_scalarmuldouble_alt.o) has version 27.0.0, which is newer than target minimum of 11.0.0
         rust-lld: /Users/kooshapari/CodeProjects/Phenotype/repos/Tracera/target/debug/deps/libaws_lc_sys-a3b019717e25f3b6.rlib(2ee72d5a85c036ff-bignum_emontredc_8n.o) has version 27.0.0, which is newer than target minimum of 11.0.0
         rust-lld: /Users/kooshapari/CodeProjects/Phenotype/repos/Tracera/target/debug/deps/libaws_lc_sys-a3b019717e25f3b6.rlib(2ee72d5a85c036ff-bignum_kmul_16_32.o) has version 27.0.0, which is newer than target minimum of 11.0.0
         rust-lld: /Users/kooshapari/CodeProjects/Phenotype/repos/Tracera/target/debug/deps/libaws_lc_sys-a3b019717e25f3b6.rlib(2ee72d5a85c036ff-bignum_kmul_32_64.o) has version 27.0.0, which is newer than target minimum of 11.0.0
         rust-lld: /Users/kooshapari/CodeProjects/Phenotype/repos/Tracera/target/debug/deps/libaws_lc_sys-a3b019717e25f3b6.rlib(2ee72d5a85c036ff-bignum_ksqr_16_32.o) has version 27.0.0, which is newer than target minimum of 11.0.0
         rust-lld: /Users/kooshapari/CodeProjects/Phenotype/repos/Tracera/target/debug/deps/libaws_lc_sys-a3b019717e25f3b6.rlib(2ee72d5a85c036ff-bignum_ksqr_32_64.o) has version 27.0.0, which is newer than target minimum of 11.0.0
         rust-lld: /Users/kooshapari/CodeProjects/Phenotype/repos/Tracera/target/debug/deps/libaws_lc_sys-a3b019717e25f3b6.rlib(2eb9bba22ef5252d-bignum_copy_row_from_table.o) has version 27.0.0, which is newer than target minimum of 11.0.0
         rust-lld: /Users/kooshapari/CodeProjects/Phenotype/repos/Tracera/target/debug/deps/libaws_lc_sys-a3b019717e25f3b6.rlib(2eb9bba22ef5252d-bignum_copy_row_from_table_16.o) has version 27.0.0, which is newer than target minimum of 11.0.0
         rust-lld: /Users/kooshapari/CodeProjects/Phenotype/repos/Tracera/target/debug/deps/libaws_lc_sys-a3b019717e25f3b6.rlib(2eb9bba22ef5252d-bignum_copy_row_from_table_32.o) has version 27.0.0, which is newer than target minimum of 11.0.0
         rust-lld: /Users/kooshapari/CodeProjects/Phenotype/repos/Tracera/target/debug/deps/libaws_lc_sys-a3b019717e25f3b6.rlib(2eb9bba22ef5252d-bignum_copy_row_from_table_8n.o) has version 27.0.0, which is newer than target minimum of 11.0.0
         rust-lld: /Users/kooshapari/CodeProjects/Phenotype/repos/Tracera/target/debug/deps/libaws_lc_sys-a3b019717e25f3b6.rlib(2eb9bba22ef5252d-bignum_ge.o) has version 27.0.0, which is newer than target minimum of 11.0.0
         rust-lld: /Users/kooshapari/CodeProjects/Phenotype/repos/Tracera/target/debug/deps/libaws_lc_sys-a3b019717e25f3b6.rlib(2eb9bba22ef5252d-bignum_mul.o) has version 27.0.0, which is newer than target minimum of 11.0.0
         rust-lld: /Users/kooshapari/CodeProjects/Phenotype/repos/Tracera/target/debug/deps/libaws_lc_sys-a3b019717e25f3b6.rlib(2eb9bba22ef5252d-bignum_optsub.o) has version 27.0.0, which is newer than target minimum of 11.0.0
         rust-lld: /Users/kooshapari/CodeProjects/Phenotype/repos/Tracera/target/debug/deps/libaws_lc_sys-a3b019717e25f3b6.rlib(2eb9bba22ef5252d-bignum_sqr.o) has version 27.0.0, which is newer than target minimum of 11.0.0
         rust-lld: /Users/kooshapari/CodeProjects/Phenotype/repos/Tracera/target/debug/deps/libaws_lc_sys-a3b019717e25f3b6.rlib(46b3cee15136b9e3-bignum_montinv_p256.o) has version 27.0.0, which is newer than target minimum of 11.0.0
         rust-lld: /Users/kooshapari/CodeProjects/Phenotype/repos/Tracera/target/debug/deps/libaws_lc_sys-a3b019717e25f3b6.rlib(46b3cee15136b9e3-p256_montjscalarmul.o) has version 27.0.0, which is newer than target minimum of 11.0.0
         rust-lld: /Users/kooshapari/CodeProjects/Phenotype/repos/Tracera/target/debug/deps/libaws_lc_sys-a3b019717e25f3b6.rlib(46b3cee15136b9e3-p256_montjscalarmul_alt.o) has version 27.0.0, which is newer than target minimum of 11.0.0
         rust-lld: /Users/kooshapari/CodeProjects/Phenotype/repos/Tracera/target/debug/deps/libaws_lc_sys-a3b019717e25f3b6.rlib(33b0e8a9ff3ac954-bignum_add_p384.o) has version 27.0.0, which is newer than target minimum of 11.0.0
         rust-lld: /Users/kooshapari/CodeProjects/Phenotype/repos/Tracera/target/debug/deps/libaws_lc_sys-a3b019717e25f3b6.rlib(33b0e8a9ff3ac954-bignum_deamont_p384.o) has version 27.0.0, which is newer than target minimum of 11.0.0
         rust-lld: /Users/kooshapari/CodeProjects/Phenotype/repos/Tracera/target/debug/deps/libaws_lc_sys-a3b019717e25f3b6.rlib(33b0e8a9ff3ac954-bignum_littleendian_6.o) has version 27.0.0, which is newer than target minimum of 11.0.0
         rust-lld: /Users/kooshapari/CodeProjects/Phenotype/repos/Tracera/target/debug/deps/libaws_lc_sys-a3b019717e25f3b6.rlib(33b0e8a9ff3ac954-bignum_montinv_p384.o) has version 27.0.0, which is newer than target minimum of 11.0.0
         rust-lld: /Users/kooshapari/CodeProjects/Phenotype/repos/Tracera/target/debug/deps/libaws_lc_sys-a3b019717e25f3b6.rlib(33b0e8a9ff3ac954-bignum_montmul_p384.o) has version 27.0.0, which is newer than target minimum of 11.0.0
         rust-lld: /Users/kooshapari/CodeProjects/Phenotype/repos/Tracera/target/debug/deps/libaws_lc_sys-a3b019717e25f3b6.rlib(33b0e8a9ff3ac954-bignum_montmul_p384_alt.o) has version 27.0.0, which is newer than target minimum of 11.0.0
         rust-lld: /Users/kooshapari/CodeProjects/Phenotype/repos/Tracera/target/debug/deps/libaws_lc_sys-a3b019717e25f3b6.rlib(33b0e8a9ff3ac954-bignum_montsqr_p384.o) has version 27.0.0, which is newer than target minimum of 11.0.0
         rust-lld: /Users/kooshapari/CodeProjects/Phenotype/repos/Tracera/target/debug/deps/libaws_lc_sys-a3b019717e25f3b6.rlib(33b0e8a9ff3ac954-bignum_montsqr_p384_alt.o) has version 27.0.0, which is newer than target minimum of 11.0.0
         rust-lld: /Users/kooshapari/CodeProjects/Phenotype/repos/Tracera/target/debug/deps/libaws_lc_sys-a3b019717e25f3b6.rlib(33b0e8a9ff3ac954-bignum_neg_p384.o) has version 27.0.0, which is newer than target minimum of 11.0.0
         rust-lld: /Users/kooshapari/CodeProjects/Phenotype/repos/Tracera/target/debug/deps/libaws_lc_sys-a3b019717e25f3b6.rlib(33b0e8a9ff3ac954-bignum_nonzero_6.o) has version 27.0.0, which is newer than target minimum of 11.0.0
         rust-lld: /Users/kooshapari/CodeProjects/Phenotype/repos/Tracera/target/debug/deps/libaws_lc_sys-a3b019717e25f3b6.rlib(33b0e8a9ff3ac954-bignum_sub_p384.o) has version 27.0.0, which is newer than target minimum of 11.0.0
         rust-lld: /Users/kooshapari/CodeProjects/Phenotype/repos/Tracera/target/debug/deps/libaws_lc_sys-a3b019717e25f3b6.rlib(33b0e8a9ff3ac954-bignum_tomont_p384.o) has version 27.0.0, which is newer than target minimum of 11.0.0
         rust-lld: /Users/kooshapari/CodeProjects/Phenotype/repos/Tracera/target/debug/deps/libaws_lc_sys-a3b019717e25f3b6.rlib(33b0e8a9ff3ac954-p384_montjdouble.o) has version 27.0.0, which is newer than target minimum of 11.0.0
         rust-lld: /Users/kooshapari/CodeProjects/Phenotype/repos/Tracera/target/debug/deps/libaws_lc_sys-a3b019717e25f3b6.rlib(33b0e8a9ff3ac954-p384_montjdouble_alt.o) has version 27.0.0, which is newer than target minimum of 11.0.0
         rust-lld: /Users/kooshapari/CodeProjects/Phenotype/repos/Tracera/target/debug/deps/libaws_lc_sys-a3b019717e25f3b6.rlib(33b0e8a9ff3ac954-p384_montjscalarmul.o) has version 27.0.0, which is newer than target minimum of 11.0.0
         rust-lld: /Users/kooshapari/CodeProjects/Phenotype/repos/Tracera/target/debug/deps/libaws_lc_sys-a3b019717e25f3b6.rlib(33b0e8a9ff3ac954-p384_montjscalarmul_alt.o) has version 27.0.0, which is newer than target minimum of 11.0.0
         rust-lld: /Users/kooshapari/CodeProjects/Phenotype/repos/Tracera/target/debug/deps/libaws_lc_sys-a3b019717e25f3b6.rlib(ccbabe9886131d80-bignum_add_p521.o) has version 27.0.0, which is newer than target minimum of 11.0.0
         rust-lld: /Users/kooshapari/CodeProjects/Phenotype/repos/Tracera/target/debug/deps/libaws_lc_sys-a3b019717e25f3b6.rlib(ccbabe9886131d80-bignum_fromlebytes_p521.o) has version 27.0.0, which is newer than target minimum of 11.0.0
         rust-lld: /Users/kooshapari/CodeProjects/Phenotype/repos/Tracera/target/debug/deps/libaws_lc_sys-a3b019717e25f3b6.rlib(ccbabe9886131d80-bignum_inv_p521.o) has version 27.0.0, which is newer than target minimum of 11.0.0
         rust-lld: /Users/kooshapari/CodeProjects/Phenotype/repos/Tracera/target/debug/deps/libaws_lc_sys-a3b019717e25f3b6.rlib(ccbabe9886131d80-bignum_mul_p521.o) has version 27.0.0, which is newer than target minimum of 11.0.0
         rust-lld: /Users/kooshapari/CodeProjects/Phenotype/repos/Tracera/target/debug/deps/libaws_lc_sys-a3b019717e25f3b6.rlib(ccbabe9886131d80-bignum_mul_p521_alt.o) has version 27.0.0, which is newer than target minimum of 11.0.0
         rust-lld: /Users/kooshapari/CodeProjects/Phenotype/repos/Tracera/target/debug/deps/libaws_lc_sys-a3b019717e25f3b6.rlib(ccbabe9886131d80-bignum_neg_p521.o) has version 27.0.0, which is newer than target minimum of 11.0.0
         rust-lld: /Users/kooshapari/CodeProjects/Phenotype/repos/Tracera/target/debug/deps/libaws_lc_sys-a3b019717e25f3b6.rlib(ccbabe9886131d80-bignum_sqr_p521.o) has version 27.0.0, which is newer than target minimum of 11.0.0
         rust-lld: /Users/kooshapari/CodeProjects/Phenotype/repos/Tracera/target/debug/deps/libaws_lc_sys-a3b019717e25f3b6.rlib(ccbabe9886131d80-bignum_sqr_p521_alt.o) has version 27.0.0, which is newer than target minimum of 11.0.0
         rust-lld: /Users/kooshapari/CodeProjects/Phenotype/repos/Tracera/target/debug/deps/libaws_lc_sys-a3b019717e25f3b6.rlib(ccbabe9886131d80-bignum_sub_p521.o) has version 27.0.0, which is newer than target minimum of 11.0.0
         rust-lld: /Users/kooshapari/CodeProjects/Phenotype/repos/Tracera/target/debug/deps/libaws_lc_sys-a3b019717e25f3b6.rlib(ccbabe9886131d80-bignum_tolebytes_p521.o) has version 27.0.0, which is newer than target minimum of 11.0.0
         rust-lld: /Users/kooshapari/CodeProjects/Phenotype/repos/Tracera/target/debug/deps/libaws_lc_sys-a3b019717e25f3b6.rlib(ccbabe9886131d80-p521_jdouble.o) has version 27.0.0, which is newer than target minimum of 11.0.0
         rust-lld: /Users/kooshapari/CodeProjects/Phenotype/repos/Tracera/target/debug/deps/libaws_lc_sys-a3b019717e25f3b6.rlib(ccbabe9886131d80-p521_jdouble_alt.o) has version 27.0.0, which is newer than target minimum of 11.0.0
         rust-lld: /Users/kooshapari/CodeProjects/Phenotype/repos/Tracera/target/debug/deps/libaws_lc_sys-a3b019717e25f3b6.rlib(ccbabe9886131d80-p521_jscalarmul.o) has version 27.0.0, which is newer than target minimum of 11.0.0
         rust-lld: /Users/kooshapari/CodeProjects/Phenotype/repos/Tracera/target/debug/deps/libaws_lc_sys-a3b019717e25f3b6.rlib(ccbabe9886131d80-p521_jscalarmul_alt.o) has version 27.0.0, which is newer than target minimum of 11.0.0
         rust-lld: /Users/kooshapari/CodeProjects/Phenotype/repos/Tracera/target/debug/deps/libaws_lc_sys-a3b019717e25f3b6.rlib(ac9a06e0f1f9cd7d-sha3_keccak2_f1600.o) has version 27.0.0, which is newer than target minimum of 11.0.0
         rust-lld: /Users/kooshapari/CodeProjects/Phenotype/repos/Tracera/target/debug/deps/libaws_lc_sys-a3b019717e25f3b6.rlib(ac9a06e0f1f9cd7d-sha3_keccak4_f1600_alt.o) has version 27.0.0, which is newer than target minimum of 11.0.0
         rust-lld: /Users/kooshapari/CodeProjects/Phenotype/repos/Tracera/target/debug/deps/libaws_lc_sys-a3b019717e25f3b6.rlib(ac9a06e0f1f9cd7d-sha3_keccak4_f1600_alt2.o) has version 27.0.0, which is newer than target minimum of 11.0.0
         rust-lld: /Users/kooshapari/CodeProjects/Phenotype/repos/Tracera/target/debug/deps/libaws_lc_sys-a3b019717e25f3b6.rlib(ac9a06e0f1f9cd7d-sha3_keccak_f1600.o) has version 27.0.0, which is newer than target minimum of 11.0.0
         rust-lld: /Users/kooshapari/CodeProjects/Phenotype/repos/Tracera/target/debug/deps/libaws_lc_sys-a3b019717e25f3b6.rlib(ac9a06e0f1f9cd7d-sha3_keccak_f1600_alt.o) has version 27.0.0, which is newer than target minimum of 11.0.0
         rust-lld: /Users/kooshapari/CodeProjects/Phenotype/repos/Tracera/target/debug/deps/libaws_lc_sys-a3b019717e25f3b6.rlib(e9338ebcd69164a9-aes-xts-dec.o) has version 27.0.0, which is newer than target minimum of 11.0.0
         rust-lld: /Users/kooshapari/CodeProjects/Phenotype/repos/Tracera/target/debug/deps/libaws_lc_sys-a3b019717e25f3b6.rlib(e9338ebcd69164a9-aes-xts-enc.o) has version 27.0.0, which is newer than target minimum of 11.0.0
         rust-lld: /Users/kooshapari/CodeProjects/Phenotype/repos/Tracera/target/debug/deps/libaws_lc_sys-a3b019717e25f3b6.rlib(2d40dbbd793ef942-jitterentropy-base.o) has version 27.0.0, which is newer than target minimum of 11.0.0
         rust-lld: /Users/kooshapari/CodeProjects/Phenotype/repos/Tracera/target/debug/deps/libaws_lc_sys-a3b019717e25f3b6.rlib(2d40dbbd793ef942-jitterentropy-gcd.o) has version 27.0.0, which is newer than target minimum of 11.0.0
         rust-lld: /Users/kooshapari/CodeProjects/Phenotype/repos/Tracera/target/debug/deps/libaws_lc_sys-a3b019717e25f3b6.rlib(2d40dbbd793ef942-jitterentropy-health.o) has version 27.0.0, which is newer than target minimum of 11.0.0
         rust-lld: /Users/kooshapari/CodeProjects/Phenotype/repos/Tracera/target/debug/deps/libaws_lc_sys-a3b019717e25f3b6.rlib(2d40dbbd793ef942-jitterentropy-noise.o) has version 27.0.0, which is newer than target minimum of 11.0.0
         rust-lld: /Users/kooshapari/CodeProjects/Phenotype/repos/Tracera/target/debug/deps/libaws_lc_sys-a3b019717e25f3b6.rlib(2d40dbbd793ef942-jitterentropy-sha3.o) has version 27.0.0, which is newer than target minimum of 11.0.0
         rust-lld: /Users/kooshapari/CodeProjects/Phenotype/repos/Tracera/target/debug/deps/liblibsqlite3_sys-f36a1e6826713229.rlib(c877a2978823c39d-sqlite3.o) has version 27.0.0, which is newer than target minimum of 11.0.0
         rust-lld: Option `-no_compact_unwind' is undocumented. Should lld implement it?
  |
  = note: `#[warn(linker_messages)]` on by default

warning: `tracera-server` (bin "tracera-server" test) generated 1 warning
    Finished `test` profile [unoptimized + debuginfo] target(s) in 28.05s
     Running unittests src/main.rs (target/debug/deps/tracera-b6c1bea7597e8c5e)
     Running unittests src/lib.rs (target/debug/deps/tracera_edge-02c3ecacd6eac335)
     Running unittests src/main.rs (target/debug/deps/tracera_server-23540d47ebedc48f)
     Running unittests src/main.rs (target/debug/deps/tracertm_mcp-9036f34d754adca9)
warning: linker stderr: rust-lld: Option `-no_compact_unwind' is undocumented. Should lld implement it?
  |
  = note: `#[warn(linker_messages)]` on by default

warning: `tracertm-mcp` (bin "tracertm-mcp" test) generated 1 warning
warning: linker stderr: rust-lld: /Users/kooshapari/CodeProjects/Phenotype/repos/Tracera/target/debug/deps/libaws_lc_sys-a3b019717e25f3b6.rlib(7a596fe31a02c0e2-convert.o) has version 27.0.0, which is newer than target minimum of 11.0.0
         rust-lld: /Users/kooshapari/CodeProjects/Phenotype/repos/Tracera/target/debug/deps/libaws_lc_sys-a3b019717e25f3b6.rlib(76322f89f5cc2d96-bio.o) has version 27.0.0, which is newer than target minimum of 11.0.0
         rust-lld: /Users/kooshapari/CodeProjects/Phenotype/repos/Tracera/target/debug/deps/libaws_lc_sys-a3b019717e25f3b6.rlib(76322f89f5cc2d96-file.o) has version 27.0.0, which is newer than target minimum of 11.0.0
         rust-lld: /Users/kooshapari/CodeProjects/Phenotype/repos/Tracera/target/debug/deps/libaws_lc_sys-a3b019717e25f3b6.rlib(c4fcddba145918af-cbb.o) has version 27.0.0, which is newer than target minimum of 11.0.0
         rust-lld: /Users/kooshapari/CodeProjects/Phenotype/repos/Tracera/target/debug/deps/libaws_lc_sys-a3b019717e25f3b6.rlib(c4fcddba145918af-cbs.o) has version 27.0.0, which is newer than target minimum of 11.0.0
         rust-lld: /Users/kooshapari/CodeProjects/Phenotype/repos/Tracera/target/debug/deps/libaws_lc_sys-a3b019717e25f3b6.rlib(bc1b343226bc6a17-posix_time.o) has version 27.0.0, which is newer than target minimum of 11.0.0
         rust-lld: /Users/kooshapari/CodeProjects/Phenotype/repos/Tracera/target/debug/deps/libaws_lc_sys-a3b019717e25f3b6.rlib(a6455f51a2435c3f-chacha.o) has version 27.0.0, which is newer than target minimum of 11.0.0
         rust-lld: /Users/kooshapari/CodeProjects/Phenotype/repos/Tracera/target/debug/deps/libaws_lc_sys-a3b019717e25f3b6.rlib(89981633f66afe17-e_aesgcmsiv.o) has version 27.0.0, which is newer than target minimum of 11.0.0
         rust-lld: /Users/kooshapari/CodeProjects/Phenotype/repos/Tracera/target/debug/deps/libaws_lc_sys-a3b019717e25f3b6.rlib(89981633f66afe17-e_chacha20poly1305.o) has version 27.0.0, which is newer than target minimum of 11.0.0
         rust-lld: /Users/kooshapari/CodeProjects/Phenotype/repos/Tracera/target/debug/deps/libaws_lc_sys-a3b019717e25f3b6.rlib(89981633f66afe17-e_des.o) has version 27.0.0, which is newer than target minimum of 11.0.0
         rust-lld: /Users/kooshapari/CodeProjects/Phenotype/repos/Tracera/target/debug/deps/libaws_lc_sys-a3b019717e25f3b6.rlib(30a9a10d3f98970e-crypto.o) has version 27.0.0, which is newer than target minimum of 11.0.0
         rust-lld: /Users/kooshapari/CodeProjects/Phenotype/repos/Tracera/target/debug/deps/libaws_lc_sys-a3b019717e25f3b6.rlib(175e87304cd4663c-cfb.o) has version 27.0.0, which is newer than target minimum of 11.0.0
         rust-lld: /Users/kooshapari/CodeProjects/Phenotype/repos/Tracera/target/debug/deps/libaws_lc_sys-a3b019717e25f3b6.rlib(da5030c6f3330e8d-des.o) has version 27.0.0, which is newer than target minimum of 11.0.0
         rust-lld: /Users/kooshapari/CodeProjects/Phenotype/repos/Tracera/target/debug/deps/libaws_lc_sys-a3b019717e25f3b6.rlib(0c919c82d61b4518-ecdsa_asn1.o) has version 27.0.0, which is newer than target minimum of 11.0.0
         rust-lld: /Users/kooshapari/CodeProjects/Phenotype/repos/Tracera/target/debug/deps/libaws_lc_sys-a3b019717e25f3b6.rlib(7a596fe31a02c0e2-bn_asn1.o) has version 27.0.0, which is newer than target minimum of 11.0.0
         rust-lld: /Users/kooshapari/CodeProjects/Phenotype/repos/Tracera/target/debug/deps/libaws_lc_sys-a3b019717e25f3b6.rlib(c4fcddba145918af-asn1_compat.o) has version 27.0.0, which is newer than target minimum of 11.0.0
         rust-lld: /Users/kooshapari/CodeProjects/Phenotype/repos/Tracera/target/debug/deps/libaws_lc_sys-a3b019717e25f3b6.rlib(dfe446faf29f8012-ec_asn1.o) has version 27.0.0, which is newer than target minimum of 11.0.0
         rust-lld: /Users/kooshapari/CodeProjects/Phenotype/repos/Tracera/target/debug/deps/libaws_lc_sys-a3b019717e25f3b6.rlib(a3e95cd5f24d649a-err.o) has version 27.0.0, which is newer than target minimum of 11.0.0
         rust-lld: /Users/kooshapari/CodeProjects/Phenotype/repos/Tracera/target/debug/deps/libaws_lc_sys-a3b019717e25f3b6.rlib(7510312e0f5aa0be-evp_asn1.o) has version 27.0.0, which is newer than target minimum of 11.0.0
         rust-lld: /Users/kooshapari/CodeProjects/Phenotype/repos/Tracera/target/debug/deps/libaws_lc_sys-a3b019717e25f3b6.rlib(fb1f39df2ea6f08f-dsa.o) has version 27.0.0, which is newer than target minimum of 11.0.0
         rust-lld: /Users/kooshapari/CodeProjects/Phenotype/repos/Tracera/target/debug/deps/libaws_lc_sys-a3b019717e25f3b6.rlib(fb1f39df2ea6f08f-dsa_asn1.o) has version 27.0.0, which is newer than target minimum of 11.0.0
         rust-lld: /Users/kooshapari/CodeProjects/Phenotype/repos/Tracera/target/debug/deps/libaws_lc_sys-a3b019717e25f3b6.rlib(7510312e0f5aa0be-print.o) has version 27.0.0, which is newer than target minimum of 11.0.0
         rust-lld: /Users/kooshapari/CodeProjects/Phenotype/repos/Tracera/target/debug/deps/libaws_lc_sys-a3b019717e25f3b6.rlib(76322f89f5cc2d96-printf.o) has version 27.0.0, which is newer than target minimum of 11.0.0
         rust-lld: /Users/kooshapari/CodeProjects/Phenotype/repos/Tracera/target/debug/deps/libaws_lc_sys-a3b019717e25f3b6.rlib(7510312e0f5aa0be-p_methods.o) has version 27.0.0, which is newer than target minimum of 11.0.0
         rust-lld: /Users/kooshapari/CodeProjects/Phenotype/repos/Tracera/target/debug/deps/libaws_lc_sys-a3b019717e25f3b6.rlib(7510312e0f5aa0be-p_dh_asn1.o) has version 27.0.0, which is newer than target minimum of 11.0.0
         rust-lld: /Users/kooshapari/CodeProjects/Phenotype/repos/Tracera/target/debug/deps/libaws_lc_sys-a3b019717e25f3b6.rlib(c1300545a7d60e2b-dh_asn1.o) has version 27.0.0, which is newer than target minimum of 11.0.0
         rust-lld: /Users/kooshapari/CodeProjects/Phenotype/repos/Tracera/target/debug/deps/libaws_lc_sys-a3b019717e25f3b6.rlib(7510312e0f5aa0be-p_dh.o) has version 27.0.0, which is newer than target minimum of 11.0.0
         rust-lld: /Users/kooshapari/CodeProjects/Phenotype/repos/Tracera/target/debug/deps/libaws_lc_sys-a3b019717e25f3b6.rlib(c1300545a7d60e2b-params.o) has version 27.0.0, which is newer than target minimum of 11.0.0
         rust-lld: /Users/kooshapari/CodeProjects/Phenotype/repos/Tracera/target/debug/deps/libaws_lc_sys-a3b019717e25f3b6.rlib(7510312e0f5aa0be-p_dsa_asn1.o) has version 27.0.0, which is newer than target minimum of 11.0.0
         rust-lld: /Users/kooshapari/CodeProjects/Phenotype/repos/Tracera/target/debug/deps/libaws_lc_sys-a3b019717e25f3b6.rlib(7510312e0f5aa0be-p_dsa.o) has version 27.0.0, which is newer than target minimum of 11.0.0
         rust-lld: /Users/kooshapari/CodeProjects/Phenotype/repos/Tracera/target/debug/deps/libaws_lc_sys-a3b019717e25f3b6.rlib(e71c6558e17b1ce7-digest_extra.o) has version 27.0.0, which is newer than target minimum of 11.0.0
         rust-lld: /Users/kooshapari/CodeProjects/Phenotype/repos/Tracera/target/debug/deps/libaws_lc_sys-a3b019717e25f3b6.rlib(62e235b24f99f4ff-blake2.o) has version 27.0.0, which is newer than target minimum of 11.0.0
         rust-lld: /Users/kooshapari/CodeProjects/Phenotype/repos/Tracera/target/debug/deps/libaws_lc_sys-a3b019717e25f3b6.rlib(7510312e0f5aa0be-p_ec_asn1.o) has version 27.0.0, which is newer than target minimum of 11.0.0
         rust-lld: /Users/kooshapari/CodeProjects/Phenotype/repos/Tracera/target/debug/deps/libaws_lc_sys-a3b019717e25f3b6.rlib(7510312e0f5aa0be-p_ed25519_asn1.o) has version 27.0.0, which is newer than target minimum of 11.0.0
         rust-lld: /Users/kooshapari/CodeProjects/Phenotype/repos/Tracera/target/debug/deps/libaws_lc_sys-a3b019717e25f3b6.rlib(7510312e0f5aa0be-p_hmac_asn1.o) has version 27.0.0, which is newer than target minimum of 11.0.0
         rust-lld: /Users/kooshapari/CodeProjects/Phenotype/repos/Tracera/target/debug/deps/libaws_lc_sys-a3b019717e25f3b6.rlib(7510312e0f5aa0be-p_kem_asn1.o) has version 27.0.0, which is newer than target minimum of 11.0.0
         rust-lld: /Users/kooshapari/CodeProjects/Phenotype/repos/Tracera/target/debug/deps/libaws_lc_sys-a3b019717e25f3b6.rlib(7510312e0f5aa0be-p_pqdsa_asn1.o) has version 27.0.0, which is newer than target minimum of 11.0.0
         rust-lld: /Users/kooshapari/CodeProjects/Phenotype/repos/Tracera/target/debug/deps/libaws_lc_sys-a3b019717e25f3b6.rlib(7510312e0f5aa0be-p_rsa_asn1.o) has version 27.0.0, which is newer than target minimum of 11.0.0
         rust-lld: /Users/kooshapari/CodeProjects/Phenotype/repos/Tracera/target/debug/deps/libaws_lc_sys-a3b019717e25f3b6.rlib(7510312e0f5aa0be-p_x25519.o) has version 27.0.0, which is newer than target minimum of 11.0.0
         rust-lld: /Users/kooshapari/CodeProjects/Phenotype/repos/Tracera/target/debug/deps/libaws_lc_sys-a3b019717e25f3b6.rlib(7510312e0f5aa0be-p_x25519_asn1.o) has version 27.0.0, which is newer than target minimum of 11.0.0
         rust-lld: /Users/kooshapari/CodeProjects/Phenotype/repos/Tracera/target/debug/deps/libaws_lc_sys-a3b019717e25f3b6.rlib(30a9a10d3f98970e-ex_data.o) has version 27.0.0, which is newer than target minimum of 11.0.0
         rust-lld: /Users/kooshapari/CodeProjects/Phenotype/repos/Tracera/target/debug/deps/libaws_lc_sys-a3b019717e25f3b6.rlib(f8e4fd781484bd36-bcm.o) has version 27.0.0, which is newer than target minimum of 11.0.0
         rust-lld: /Users/kooshapari/CodeProjects/Phenotype/repos/Tracera/target/debug/deps/libaws_lc_sys-a3b019717e25f3b6.rlib(dcb7d53a9be33b0c-engine.o) has version 27.0.0, which is newer than target minimum of 11.0.0
         rust-lld: /Users/kooshapari/CodeProjects/Phenotype/repos/Tracera/target/debug/deps/libaws_lc_sys-a3b019717e25f3b6.rlib(199386740f3660f1-ripemd.o) has version 27.0.0, which is newer than target minimum of 11.0.0
         rust-lld: /Users/kooshapari/CodeProjects/Phenotype/repos/Tracera/target/debug/deps/libaws_lc_sys-a3b019717e25f3b6.rlib(763c374fde874a6d-console.o) has version 27.0.0, which is newer than target minimum of 11.0.0
         rust-lld: /Users/kooshapari/CodeProjects/Phenotype/repos/Tracera/target/debug/deps/libaws_lc_sys-a3b019717e25f3b6.rlib(001247bc65c2f5e5-cpucap.o) has version 27.0.0, which is newer than target minimum of 11.0.0
         rust-lld: /Users/kooshapari/CodeProjects/Phenotype/repos/Tracera/target/debug/deps/libaws_lc_sys-a3b019717e25f3b6.rlib(6e985d8b17b56a49-md4.o) has version 27.0.0, which is newer than target minimum of 11.0.0
         rust-lld: /Users/kooshapari/CodeProjects/Phenotype/repos/Tracera/target/debug/deps/libaws_lc_sys-a3b019717e25f3b6.rlib(30a9a10d3f98970e-mem.o) has version 27.0.0, which is newer than target minimum of 11.0.0
         rust-lld: /Users/kooshapari/CodeProjects/Phenotype/repos/Tracera/target/debug/deps/libaws_lc_sys-a3b019717e25f3b6.rlib(7ac4c9359514b807-obj.o) has version 27.0.0, which is newer than target minimum of 11.0.0
         rust-lld: /Users/kooshapari/CodeProjects/Phenotype/repos/Tracera/target/debug/deps/libaws_lc_sys-a3b019717e25f3b6.rlib(bc1b343226bc6a17-a_object.o) has version 27.0.0, which is newer than target minimum of 11.0.0
         rust-lld: /Users/kooshapari/CodeProjects/Phenotype/repos/Tracera/target/debug/deps/libaws_lc_sys-a3b019717e25f3b6.rlib(ea2b51a0b6630529-lhash.o) has version 27.0.0, which is newer than target minimum of 11.0.0
         rust-lld: /Users/kooshapari/CodeProjects/Phenotype/repos/Tracera/target/debug/deps/libaws_lc_sys-a3b019717e25f3b6.rlib(7ac4c9359514b807-obj_xref.o) has version 27.0.0, which is newer than target minimum of 11.0.0
         rust-lld: /Users/kooshapari/CodeProjects/Phenotype/repos/Tracera/target/debug/deps/libaws_lc_sys-a3b019717e25f3b6.rlib(5d4700fda13603f0-poly1305.o) has version 27.0.0, which is newer than target minimum of 11.0.0
         rust-lld: /Users/kooshapari/CodeProjects/Phenotype/repos/Tracera/target/debug/deps/libaws_lc_sys-a3b019717e25f3b6.rlib(7bf3e571b6558a6b-getentropy.o) has version 27.0.0, which is newer than target minimum of 11.0.0
         rust-lld: /Users/kooshapari/CodeProjects/Phenotype/repos/Tracera/target/debug/deps/libaws_lc_sys-a3b019717e25f3b6.rlib(7bf3e571b6558a6b-vm_ube_fallback.o) has version 27.0.0, which is newer than target minimum of 11.0.0
         rust-lld: /Users/kooshapari/CodeProjects/Phenotype/repos/Tracera/target/debug/deps/libaws_lc_sys-a3b019717e25f3b6.rlib(30a9a10d3f98970e-refcount_c11.o) has version 27.0.0, which is newer than target minimum of 11.0.0
         rust-lld: /Users/kooshapari/CodeProjects/Phenotype/repos/Tracera/target/debug/deps/libaws_lc_sys-a3b019717e25f3b6.rlib(b0fd2550ab09b04e-rsassa_pss_asn1.o) has version 27.0.0, which is newer than target minimum of 11.0.0
         rust-lld: /Users/kooshapari/CodeProjects/Phenotype/repos/Tracera/target/debug/deps/libaws_lc_sys-a3b019717e25f3b6.rlib(b0fd2550ab09b04e-rsa_asn1.o) has version 27.0.0, which is newer than target minimum of 11.0.0
         rust-lld: /Users/kooshapari/CodeProjects/Phenotype/repos/Tracera/target/debug/deps/libaws_lc_sys-a3b019717e25f3b6.rlib(b0fd2550ab09b04e-rsa_crypt.o) has version 27.0.0, which is newer than target minimum of 11.0.0
         rust-lld: /Users/kooshapari/CodeProjects/Phenotype/repos/Tracera/target/debug/deps/libaws_lc_sys-a3b019717e25f3b6.rlib(60df219e9fcbc210-stack.o) has version 27.0.0, which is newer than target minimum of 11.0.0
         rust-lld: /Users/kooshapari/CodeProjects/Phenotype/repos/Tracera/target/debug/deps/libaws_lc_sys-a3b019717e25f3b6.rlib(30a9a10d3f98970e-thread_pthread.o) has version 27.0.0, which is newer than target minimum of 11.0.0
         rust-lld: /Users/kooshapari/CodeProjects/Phenotype/repos/Tracera/target/debug/deps/libaws_lc_sys-a3b019717e25f3b6.rlib(45070f5a112d041b-fork_ube_detect.o) has version 27.0.0, which is newer than target minimum of 11.0.0
         rust-lld: /Users/kooshapari/CodeProjects/Phenotype/repos/Tracera/target/debug/deps/libaws_lc_sys-a3b019717e25f3b6.rlib(45070f5a112d041b-ube.o) has version 27.0.0, which is newer than target minimum of 11.0.0
         rust-lld: /Users/kooshapari/CodeProjects/Phenotype/repos/Tracera/target/debug/deps/libaws_lc_sys-a3b019717e25f3b6.rlib(45070f5a112d041b-vm_ube_detect.o) has version 27.0.0, which is newer than target minimum of 11.0.0
         rust-lld: /Users/kooshapari/CodeProjects/Phenotype/repos/Tracera/target/debug/deps/libaws_lc_sys-a3b019717e25f3b6.rlib(c2f744a0f6403e0c-err_data.o) has version 27.0.0, which is newer than target minimum of 11.0.0
         rust-lld: /Users/kooshapari/CodeProjects/Phenotype/repos/Tracera/target/debug/deps/libaws_lc_sys-a3b019717e25f3b6.rlib(044d1b1af49c8a28-intt_aarch64_asm.o) has version 27.0.0, which is newer than target minimum of 11.0.0
         rust-lld: /Users/kooshapari/CodeProjects/Phenotype/repos/Tracera/target/debug/deps/libaws_lc_sys-a3b019717e25f3b6.rlib(044d1b1af49c8a28-mld_polyvecl_pointwise_acc_montgomery_l4_aarch64_asm.o) has version 27.0.0, which is newer than target minimum of 11.0.0
         rust-lld: /Users/kooshapari/CodeProjects/Phenotype/repos/Tracera/target/debug/deps/libaws_lc_sys-a3b019717e25f3b6.rlib(044d1b1af49c8a28-mld_polyvecl_pointwise_acc_montgomery_l5_aarch64_asm.o) has version 27.0.0, which is newer than target minimum of 11.0.0
         rust-lld: /Users/kooshapari/CodeProjects/Phenotype/repos/Tracera/target/debug/deps/libaws_lc_sys-a3b019717e25f3b6.rlib(044d1b1af49c8a28-mld_polyvecl_pointwise_acc_montgomery_l7_aarch64_asm.o) has version 27.0.0, which is newer than target minimum of 11.0.0
         rust-lld: /Users/kooshapari/CodeProjects/Phenotype/repos/Tracera/target/debug/deps/libaws_lc_sys-a3b019717e25f3b6.rlib(044d1b1af49c8a28-ntt_aarch64_asm.o) has version 27.0.0, which is newer than target minimum of 11.0.0
         rust-lld: /Users/kooshapari/CodeProjects/Phenotype/repos/Tracera/target/debug/deps/libaws_lc_sys-a3b019717e25f3b6.rlib(044d1b1af49c8a28-pointwise_montgomery_aarch64_asm.o) has version 27.0.0, which is newer than target minimum of 11.0.0
         rust-lld: /Users/kooshapari/CodeProjects/Phenotype/repos/Tracera/target/debug/deps/libaws_lc_sys-a3b019717e25f3b6.rlib(044d1b1af49c8a28-polyz_unpack_17_aarch64_asm.o) has version 27.0.0, which is newer than target minimum of 11.0.0
         rust-lld: /Users/kooshapari/CodeProjects/Phenotype/repos/Tracera/target/debug/deps/libaws_lc_sys-a3b019717e25f3b6.rlib(044d1b1af49c8a28-polyz_unpack_19_aarch64_asm.o) has version 27.0.0, which is newer than target minimum of 11.0.0
         rust-lld: /Users/kooshapari/CodeProjects/Phenotype/repos/Tracera/target/debug/deps/libaws_lc_sys-a3b019717e25f3b6.rlib(044d1b1af49c8a28-poly_caddq_aarch64_asm.o) has version 27.0.0, which is newer than target minimum of 11.0.0
         rust-lld: /Users/kooshapari/CodeProjects/Phenotype/repos/Tracera/target/debug/deps/libaws_lc_sys-a3b019717e25f3b6.rlib(044d1b1af49c8a28-poly_chknorm_aarch64_asm.o) has version 27.0.0, which is newer than target minimum of 11.0.0
         rust-lld: /Users/kooshapari/CodeProjects/Phenotype/repos/Tracera/target/debug/deps/libaws_lc_sys-a3b019717e25f3b6.rlib(044d1b1af49c8a28-poly_decompose_32_aarch64_asm.o) has version 27.0.0, which is newer than target minimum of 11.0.0
         rust-lld: /Users/kooshapari/CodeProjects/Phenotype/repos/Tracera/target/debug/deps/libaws_lc_sys-a3b019717e25f3b6.rlib(044d1b1af49c8a28-poly_decompose_88_aarch64_asm.o) has version 27.0.0, which is newer than target minimum of 11.0.0
         rust-lld: /Users/kooshapari/CodeProjects/Phenotype/repos/Tracera/target/debug/deps/libaws_lc_sys-a3b019717e25f3b6.rlib(044d1b1af49c8a28-poly_use_hint_32_aarch64_asm.o) has version 27.0.0, which is newer than target minimum of 11.0.0
         rust-lld: /Users/kooshapari/CodeProjects/Phenotype/repos/Tracera/target/debug/deps/libaws_lc_sys-a3b019717e25f3b6.rlib(044d1b1af49c8a28-poly_use_hint_88_aarch64_asm.o) has version 27.0.0, which is newer than target minimum of 11.0.0
         rust-lld: /Users/kooshapari/CodeProjects/Phenotype/repos/Tracera/target/debug/deps/libaws_lc_sys-a3b019717e25f3b6.rlib(044d1b1af49c8a28-rej_uniform_aarch64_asm.o) has version 27.0.0, which is newer than target minimum of 11.0.0
         rust-lld: /Users/kooshapari/CodeProjects/Phenotype/repos/Tracera/target/debug/deps/libaws_lc_sys-a3b019717e25f3b6.rlib(044d1b1af49c8a28-rej_uniform_eta2_aarch64_asm.o) has version 27.0.0, which is newer than target minimum of 11.0.0
         rust-lld: /Users/kooshapari/CodeProjects/Phenotype/repos/Tracera/target/debug/deps/libaws_lc_sys-a3b019717e25f3b6.rlib(044d1b1af49c8a28-rej_uniform_eta4_aarch64_asm.o) has version 27.0.0, which is newer than target minimum of 11.0.0
         rust-lld: /Users/kooshapari/CodeProjects/Phenotype/repos/Tracera/target/debug/deps/libaws_lc_sys-a3b019717e25f3b6.rlib(7a51880ffa82f69b-intt.o) has version 27.0.0, which is newer than target minimum of 11.0.0
         rust-lld: /Users/kooshapari/CodeProjects/Phenotype/repos/Tracera/target/debug/deps/libaws_lc_sys-a3b019717e25f3b6.rlib(7a51880ffa82f69b-ntt.o) has version 27.0.0, which is newer than target minimum of 11.0.0
         rust-lld: /Users/kooshapari/CodeProjects/Phenotype/repos/Tracera/target/debug/deps/libaws_lc_sys-a3b019717e25f3b6.rlib(7a51880ffa82f69b-polyvec_basemul_acc_montgomery_cached_asm_k2.o) has version 27.0.0, which is newer than target minimum of 11.0.0
         rust-lld: /Users/kooshapari/CodeProjects/Phenotype/repos/Tracera/target/debug/deps/libaws_lc_sys-a3b019717e25f3b6.rlib(7a51880ffa82f69b-polyvec_basemul_acc_montgomery_cached_asm_k3.o) has version 27.0.0, which is newer than target minimum of 11.0.0
         rust-lld: /Users/kooshapari/CodeProjects/Phenotype/repos/Tracera/target/debug/deps/libaws_lc_sys-a3b019717e25f3b6.rlib(7a51880ffa82f69b-polyvec_basemul_acc_montgomery_cached_asm_k4.o) has version 27.0.0, which is newer than target minimum of 11.0.0
         rust-lld: /Users/kooshapari/CodeProjects/Phenotype/repos/Tracera/target/debug/deps/libaws_lc_sys-a3b019717e25f3b6.rlib(7a51880ffa82f69b-poly_mulcache_compute_asm.o) has version 27.0.0, which is newer than target minimum of 11.0.0
         rust-lld: /Users/kooshapari/CodeProjects/Phenotype/repos/Tracera/target/debug/deps/libaws_lc_sys-a3b019717e25f3b6.rlib(7a51880ffa82f69b-poly_reduce_asm.o) has version 27.0.0, which is newer than target minimum of 11.0.0
         rust-lld: /Users/kooshapari/CodeProjects/Phenotype/repos/Tracera/target/debug/deps/libaws_lc_sys-a3b019717e25f3b6.rlib(7a51880ffa82f69b-poly_tobytes_asm.o) has version 27.0.0, which is newer than target minimum of 11.0.0
         rust-lld: /Users/kooshapari/CodeProjects/Phenotype/repos/Tracera/target/debug/deps/libaws_lc_sys-a3b019717e25f3b6.rlib(7a51880ffa82f69b-poly_tomont_asm.o) has version 27.0.0, which is newer than target minimum of 11.0.0
         rust-lld: /Users/kooshapari/CodeProjects/Phenotype/repos/Tracera/target/debug/deps/libaws_lc_sys-a3b019717e25f3b6.rlib(7a51880ffa82f69b-rej_uniform_asm.o) has version 27.0.0, which is newer than target minimum of 11.0.0
         rust-lld: /Users/kooshapari/CodeProjects/Phenotype/repos/Tracera/target/debug/deps/libaws_lc_sys-a3b019717e25f3b6.rlib(6cb977b152c40450-chacha-armv8.o) has version 27.0.0, which is newer than target minimum of 11.0.0
         rust-lld: /Users/kooshapari/CodeProjects/Phenotype/repos/Tracera/target/debug/deps/libaws_lc_sys-a3b019717e25f3b6.rlib(c53e8c40df789e0d-chacha20_poly1305_armv8.o) has version 27.0.0, which is newer than target minimum of 11.0.0
         rust-lld: /Users/kooshapari/CodeProjects/Phenotype/repos/Tracera/target/debug/deps/libaws_lc_sys-a3b019717e25f3b6.rlib(c4391ac3c46825d6-aesv8-armx.o) has version 27.0.0, which is newer than target minimum of 11.0.0
         rust-lld: /Users/kooshapari/CodeProjects/Phenotype/repos/Tracera/target/debug/deps/libaws_lc_sys-a3b019717e25f3b6.rlib(c4391ac3c46825d6-aesv8-gcm-armv8-unroll8.o) has version 27.0.0, which is newer than target minimum of 11.0.0
         rust-lld: /Users/kooshapari/CodeProjects/Phenotype/repos/Tracera/target/debug/deps/libaws_lc_sys-a3b019717e25f3b6.rlib(c4391ac3c46825d6-aesv8-gcm-armv8.o) has version 27.0.0, which is newer than target minimum of 11.0.0
         rust-lld: /Users/kooshapari/CodeProjects/Phenotype/repos/Tracera/target/debug/deps/libaws_lc_sys-a3b019717e25f3b6.rlib(c4391ac3c46825d6-armv8-mont.o) has version 27.0.0, which is newer than target minimum of 11.0.0
         rust-lld: /Users/kooshapari/CodeProjects/Phenotype/repos/Tracera/target/debug/deps/libaws_lc_sys-a3b019717e25f3b6.rlib(c4391ac3c46825d6-bn-armv8.o) has version 27.0.0, which is newer than target minimum of 11.0.0
         rust-lld: /Users/kooshapari/CodeProjects/Phenotype/repos/Tracera/target/debug/deps/libaws_lc_sys-a3b019717e25f3b6.rlib(c4391ac3c46825d6-ghash-neon-armv8.o) has version 27.0.0, which is newer than target minimum of 11.0.0
         rust-lld: /Users/kooshapari/CodeProjects/Phenotype/repos/Tracera/target/debug/deps/libaws_lc_sys-a3b019717e25f3b6.rlib(c4391ac3c46825d6-ghashv8-armx.o) has version 27.0.0, which is newer than target minimum of 11.0.0
         rust-lld: /Users/kooshapari/CodeProjects/Phenotype/repos/Tracera/target/debug/deps/libaws_lc_sys-a3b019717e25f3b6.rlib(c4391ac3c46825d6-keccak1600-armv8.o) has version 27.0.0, which is newer than target minimum of 11.0.0
         rust-lld: /Users/kooshapari/CodeProjects/Phenotype/repos/Tracera/target/debug/deps/libaws_lc_sys-a3b019717e25f3b6.rlib(c4391ac3c46825d6-md5-armv8.o) has version 27.0.0, which is newer than target minimum of 11.0.0
         rust-lld: /Users/kooshapari/CodeProjects/Phenotype/repos/Tracera/target/debug/deps/libaws_lc_sys-a3b019717e25f3b6.rlib(c4391ac3c46825d6-p256-armv8-asm.o) has version 27.0.0, which is newer than target minimum of 11.0.0
         rust-lld: /Users/kooshapari/CodeProjects/Phenotype/repos/Tracera/target/debug/deps/libaws_lc_sys-a3b019717e25f3b6.rlib(c4391ac3c46825d6-p256_beeu-armv8-asm.o) has version 27.0.0, which is newer than target minimum of 11.0.0
         rust-lld: /Users/kooshapari/CodeProjects/Phenotype/repos/Tracera/target/debug/deps/libaws_lc_sys-a3b019717e25f3b6.rlib(c4391ac3c46825d6-rndr-armv8.o) has version 27.0.0, which is newer than target minimum of 11.0.0
         rust-lld: /Users/kooshapari/CodeProjects/Phenotype/repos/Tracera/target/debug/deps/libaws_lc_sys-a3b019717e25f3b6.rlib(c4391ac3c46825d6-sha1-armv8.o) has version 27.0.0, which is newer than target minimum of 11.0.0
         rust-lld: /Users/kooshapari/CodeProjects/Phenotype/repos/Tracera/target/debug/deps/libaws_lc_sys-a3b019717e25f3b6.rlib(c4391ac3c46825d6-sha256-armv8.o) has version 27.0.0, which is newer than target minimum of 11.0.0
         rust-lld: /Users/kooshapari/CodeProjects/Phenotype/repos/Tracera/target/debug/deps/libaws_lc_sys-a3b019717e25f3b6.rlib(c4391ac3c46825d6-sha512-armv8.o) has version 27.0.0, which is newer than target minimum of 11.0.0
         rust-lld: /Users/kooshapari/CodeProjects/Phenotype/repos/Tracera/target/debug/deps/libaws_lc_sys-a3b019717e25f3b6.rlib(c4391ac3c46825d6-vpaes-armv8.o) has version 27.0.0, which is newer than target minimum of 11.0.0
         rust-lld: /Users/kooshapari/CodeProjects/Phenotype/repos/Tracera/target/debug/deps/libaws_lc_sys-a3b019717e25f3b6.rlib(2a065450252c12f3-bignum_madd_n25519.o) has version 27.0.0, which is newer than target minimum of 11.0.0
         rust-lld: /Users/kooshapari/CodeProjects/Phenotype/repos/Tracera/target/debug/deps/libaws_lc_sys-a3b019717e25f3b6.rlib(2a065450252c12f3-bignum_madd_n25519_alt.o) has version 27.0.0, which is newer than target minimum of 11.0.0
         rust-lld: /Users/kooshapari/CodeProjects/Phenotype/repos/Tracera/target/debug/deps/libaws_lc_sys-a3b019717e25f3b6.rlib(2a065450252c12f3-bignum_mod_n25519.o) has version 27.0.0, which is newer than target minimum of 11.0.0
         rust-lld: /Users/kooshapari/CodeProjects/Phenotype/repos/Tracera/target/debug/deps/libaws_lc_sys-a3b019717e25f3b6.rlib(2a065450252c12f3-bignum_neg_p25519.o) has version 27.0.0, which is newer than target minimum of 11.0.0
         rust-lld: /Users/kooshapari/CodeProjects/Phenotype/repos/Tracera/target/debug/deps/libaws_lc_sys-a3b019717e25f3b6.rlib(2a065450252c12f3-curve25519_x25519base_byte.o) has version 27.0.0, which is newer than target minimum of 11.0.0
         rust-lld: /Users/kooshapari/CodeProjects/Phenotype/repos/Tracera/target/debug/deps/libaws_lc_sys-a3b019717e25f3b6.rlib(2a065450252c12f3-curve25519_x25519base_byte_alt.o) has version 27.0.0, which is newer than target minimum of 11.0.0
         rust-lld: /Users/kooshapari/CodeProjects/Phenotype/repos/Tracera/target/debug/deps/libaws_lc_sys-a3b019717e25f3b6.rlib(2a065450252c12f3-curve25519_x25519_byte.o) has version 27.0.0, which is newer than target minimum of 11.0.0
         rust-lld: /Users/kooshapari/CodeProjects/Phenotype/repos/Tracera/target/debug/deps/libaws_lc_sys-a3b019717e25f3b6.rlib(2a065450252c12f3-curve25519_x25519_byte_alt.o) has version 27.0.0, which is newer than target minimum of 11.0.0
         rust-lld: /Users/kooshapari/CodeProjects/Phenotype/repos/Tracera/target/debug/deps/libaws_lc_sys-a3b019717e25f3b6.rlib(2a065450252c12f3-edwards25519_decode.o) has version 27.0.0, which is newer than target minimum of 11.0.0
         rust-lld: /Users/kooshapari/CodeProjects/Phenotype/repos/Tracera/target/debug/deps/libaws_lc_sys-a3b019717e25f3b6.rlib(2a065450252c12f3-edwards25519_decode_alt.o) has version 27.0.0, which is newer than target minimum of 11.0.0
         rust-lld: /Users/kooshapari/CodeProjects/Phenotype/repos/Tracera/target/debug/deps/libaws_lc_sys-a3b019717e25f3b6.rlib(2a065450252c12f3-edwards25519_encode.o) has version 27.0.0, which is newer than target minimum of 11.0.0
         rust-lld: /Users/kooshapari/CodeProjects/Phenotype/repos/Tracera/target/debug/deps/libaws_lc_sys-a3b019717e25f3b6.rlib(2a065450252c12f3-edwards25519_scalarmulbase.o) has version 27.0.0, which is newer than target minimum of 11.0.0
         rust-lld: /Users/kooshapari/CodeProjects/Phenotype/repos/Tracera/target/debug/deps/libaws_lc_sys-a3b019717e25f3b6.rlib(2a065450252c12f3-edwards25519_scalarmulbase_alt.o) has version 27.0.0, which is newer than target minimum of 11.0.0
         rust-lld: /Users/kooshapari/CodeProjects/Phenotype/repos/Tracera/target/debug/deps/libaws_lc_sys-a3b019717e25f3b6.rlib(2a065450252c12f3-edwards25519_scalarmuldouble.o) has version 27.0.0, which is newer than target minimum of 11.0.0
         rust-lld: /Users/kooshapari/CodeProjects/Phenotype/repos/Tracera/target/debug/deps/libaws_lc_sys-a3b019717e25f3b6.rlib(2a065450252c12f3-edwards25519_scalarmuldouble_alt.o) has version 27.0.0, which is newer than target minimum of 11.0.0
         rust-lld: /Users/kooshapari/CodeProjects/Phenotype/repos/Tracera/target/debug/deps/libaws_lc_sys-a3b019717e25f3b6.rlib(2ee72d5a85c036ff-bignum_emontredc_8n.o) has version 27.0.0, which is newer than target minimum of 11.0.0
         rust-lld: /Users/kooshapari/CodeProjects/Phenotype/repos/Tracera/target/debug/deps/libaws_lc_sys-a3b019717e25f3b6.rlib(2ee72d5a85c036ff-bignum_kmul_16_32.o) has version 27.0.0, which is newer than target minimum of 11.0.0
         rust-lld: /Users/kooshapari/CodeProjects/Phenotype/repos/Tracera/target/debug/deps/libaws_lc_sys-a3b019717e25f3b6.rlib(2ee72d5a85c036ff-bignum_kmul_32_64.o) has version 27.0.0, which is newer than target minimum of 11.0.0
         rust-lld: /Users/kooshapari/CodeProjects/Phenotype/repos/Tracera/target/debug/deps/libaws_lc_sys-a3b019717e25f3b6.rlib(2ee72d5a85c036ff-bignum_ksqr_16_32.o) has version 27.0.0, which is newer than target minimum of 11.0.0
         rust-lld: /Users/kooshapari/CodeProjects/Phenotype/repos/Tracera/target/debug/deps/libaws_lc_sys-a3b019717e25f3b6.rlib(2ee72d5a85c036ff-bignum_ksqr_32_64.o) has version 27.0.0, which is newer than target minimum of 11.0.0
         rust-lld: /Users/kooshapari/CodeProjects/Phenotype/repos/Tracera/target/debug/deps/libaws_lc_sys-a3b019717e25f3b6.rlib(2eb9bba22ef5252d-bignum_copy_row_from_table.o) has version 27.0.0, which is newer than target minimum of 11.0.0
         rust-lld: /Users/kooshapari/CodeProjects/Phenotype/repos/Tracera/target/debug/deps/libaws_lc_sys-a3b019717e25f3b6.rlib(2eb9bba22ef5252d-bignum_copy_row_from_table_16.o) has version 27.0.0, which is newer than target minimum of 11.0.0
         rust-lld: /Users/kooshapari/CodeProjects/Phenotype/repos/Tracera/target/debug/deps/libaws_lc_sys-a3b019717e25f3b6.rlib(2eb9bba22ef5252d-bignum_copy_row_from_table_32.o) has version 27.0.0, which is newer than target minimum of 11.0.0
         rust-lld: /Users/kooshapari/CodeProjects/Phenotype/repos/Tracera/target/debug/deps/libaws_lc_sys-a3b019717e25f3b6.rlib(2eb9bba22ef5252d-bignum_copy_row_from_table_8n.o) has version 27.0.0, which is newer than target minimum of 11.0.0
         rust-lld: /Users/kooshapari/CodeProjects/Phenotype/repos/Tracera/target/debug/deps/libaws_lc_sys-a3b019717e25f3b6.rlib(2eb9bba22ef5252d-bignum_ge.o) has version 27.0.0, which is newer than target minimum of 11.0.0
         rust-lld: /Users/kooshapari/CodeProjects/Phenotype/repos/Tracera/target/debug/deps/libaws_lc_sys-a3b019717e25f3b6.rlib(2eb9bba22ef5252d-bignum_mul.o) has version 27.0.0, which is newer than target minimum of 11.0.0
         rust-lld: /Users/kooshapari/CodeProjects/Phenotype/repos/Tracera/target/debug/deps/libaws_lc_sys-a3b019717e25f3b6.rlib(2eb9bba22ef5252d-bignum_optsub.o) has version 27.0.0, which is newer than target minimum of 11.0.0
         rust-lld: /Users/kooshapari/CodeProjects/Phenotype/repos/Tracera/target/debug/deps/libaws_lc_sys-a3b019717e25f3b6.rlib(2eb9bba22ef5252d-bignum_sqr.o) has version 27.0.0, which is newer than target minimum of 11.0.0
         rust-lld: /Users/kooshapari/CodeProjects/Phenotype/repos/Tracera/target/debug/deps/libaws_lc_sys-a3b019717e25f3b6.rlib(46b3cee15136b9e3-bignum_montinv_p256.o) has version 27.0.0, which is newer than target minimum of 11.0.0
         rust-lld: /Users/kooshapari/CodeProjects/Phenotype/repos/Tracera/target/debug/deps/libaws_lc_sys-a3b019717e25f3b6.rlib(46b3cee15136b9e3-p256_montjscalarmul.o) has version 27.0.0, which is newer than target minimum of 11.0.0
         rust-lld: /Users/kooshapari/CodeProjects/Phenotype/repos/Tracera/target/debug/deps/libaws_lc_sys-a3b019717e25f3b6.rlib(46b3cee15136b9e3-p256_montjscalarmul_alt.o) has version 27.0.0, which is newer than target minimum of 11.0.0
         rust-lld: /Users/kooshapari/CodeProjects/Phenotype/repos/Tracera/target/debug/deps/libaws_lc_sys-a3b019717e25f3b6.rlib(33b0e8a9ff3ac954-bignum_add_p384.o) has version 27.0.0, which is newer than target minimum of 11.0.0
         rust-lld: /Users/kooshapari/CodeProjects/Phenotype/repos/Tracera/target/debug/deps/libaws_lc_sys-a3b019717e25f3b6.rlib(33b0e8a9ff3ac954-bignum_deamont_p384.o) has version 27.0.0, which is newer than target minimum of 11.0.0
         rust-lld: /Users/kooshapari/CodeProjects/Phenotype/repos/Tracera/target/debug/deps/libaws_lc_sys-a3b019717e25f3b6.rlib(33b0e8a9ff3ac954-bignum_littleendian_6.o) has version 27.0.0, which is newer than target minimum of 11.0.0
         rust-lld: /Users/kooshapari/CodeProjects/Phenotype/repos/Tracera/target/debug/deps/libaws_lc_sys-a3b019717e25f3b6.rlib(33b0e8a9ff3ac954-bignum_montinv_p384.o) has version 27.0.0, which is newer than target minimum of 11.0.0
         rust-lld: /Users/kooshapari/CodeProjects/Phenotype/repos/Tracera/target/debug/deps/libaws_lc_sys-a3b019717e25f3b6.rlib(33b0e8a9ff3ac954-bignum_montmul_p384.o) has version 27.0.0, which is newer than target minimum of 11.0.0
         rust-lld: /Users/kooshapari/CodeProjects/Phenotype/repos/Tracera/target/debug/deps/libaws_lc_sys-a3b019717e25f3b6.rlib(33b0e8a9ff3ac954-bignum_montmul_p384_alt.o) has version 27.0.0, which is newer than target minimum of 11.0.0
         rust-lld: /Users/kooshapari/CodeProjects/Phenotype/repos/Tracera/target/debug/deps/libaws_lc_sys-a3b019717e25f3b6.rlib(33b0e8a9ff3ac954-bignum_montsqr_p384.o) has version 27.0.0, which is newer than target minimum of 11.0.0
         rust-lld: /Users/kooshapari/CodeProjects/Phenotype/repos/Tracera/target/debug/deps/libaws_lc_sys-a3b019717e25f3b6.rlib(33b0e8a9ff3ac954-bignum_montsqr_p384_alt.o) has version 27.0.0, which is newer than target minimum of 11.0.0
         rust-lld: /Users/kooshapari/CodeProjects/Phenotype/repos/Tracera/target/debug/deps/libaws_lc_sys-a3b019717e25f3b6.rlib(33b0e8a9ff3ac954-bignum_neg_p384.o) has version 27.0.0, which is newer than target minimum of 11.0.0
         rust-lld: /Users/kooshapari/CodeProjects/Phenotype/repos/Tracera/target/debug/deps/libaws_lc_sys-a3b019717e25f3b6.rlib(33b0e8a9ff3ac954-bignum_nonzero_6.o) has version 27.0.0, which is newer than target minimum of 11.0.0
         rust-lld: /Users/kooshapari/CodeProjects/Phenotype/repos/Tracera/target/debug/deps/libaws_lc_sys-a3b019717e25f3b6.rlib(33b0e8a9ff3ac954-bignum_sub_p384.o) has version 27.0.0, which is newer than target minimum of 11.0.0
         rust-lld: /Users/kooshapari/CodeProjects/Phenotype/repos/Tracera/target/debug/deps/libaws_lc_sys-a3b019717e25f3b6.rlib(33b0e8a9ff3ac954-bignum_tomont_p384.o) has version 27.0.0, which is newer than target minimum of 11.0.0
         rust-lld: /Users/kooshapari/CodeProjects/Phenotype/repos/Tracera/target/debug/deps/libaws_lc_sys-a3b019717e25f3b6.rlib(33b0e8a9ff3ac954-p384_montjdouble.o) has version 27.0.0, which is newer than target minimum of 11.0.0
         rust-lld: /Users/kooshapari/CodeProjects/Phenotype/repos/Tracera/target/debug/deps/libaws_lc_sys-a3b019717e25f3b6.rlib(33b0e8a9ff3ac954-p384_montjdouble_alt.o) has version 27.0.0, which is newer than target minimum of 11.0.0
         rust-lld: /Users/kooshapari/CodeProjects/Phenotype/repos/Tracera/target/debug/deps/libaws_lc_sys-a3b019717e25f3b6.rlib(33b0e8a9ff3ac954-p384_montjscalarmul.o) has version 27.0.0, which is newer than target minimum of 11.0.0
         rust-lld: /Users/kooshapari/CodeProjects/Phenotype/repos/Tracera/target/debug/deps/libaws_lc_sys-a3b019717e25f3b6.rlib(33b0e8a9ff3ac954-p384_montjscalarmul_alt.o) has version 27.0.0, which is newer than target minimum of 11.0.0
         rust-lld: /Users/kooshapari/CodeProjects/Phenotype/repos/Tracera/target/debug/deps/libaws_lc_sys-a3b019717e25f3b6.rlib(ccbabe9886131d80-bignum_add_p521.o) has version 27.0.0, which is newer than target minimum of 11.0.0
         rust-lld: /Users/kooshapari/CodeProjects/Phenotype/repos/Tracera/target/debug/deps/libaws_lc_sys-a3b019717e25f3b6.rlib(ccbabe9886131d80-bignum_fromlebytes_p521.o) has version 27.0.0, which is newer than target minimum of 11.0.0
         rust-lld: /Users/kooshapari/CodeProjects/Phenotype/repos/Tracera/target/debug/deps/libaws_lc_sys-a3b019717e25f3b6.rlib(ccbabe9886131d80-bignum_inv_p521.o) has version 27.0.0, which is newer than target minimum of 11.0.0
         rust-lld: /Users/kooshapari/CodeProjects/Phenotype/repos/Tracera/target/debug/deps/libaws_lc_sys-a3b019717e25f3b6.rlib(ccbabe9886131d80-bignum_mul_p521.o) has version 27.0.0, which is newer than target minimum of 11.0.0
         rust-lld: /Users/kooshapari/CodeProjects/Phenotype/repos/Tracera/target/debug/deps/libaws_lc_sys-a3b019717e25f3b6.rlib(ccbabe9886131d80-bignum_mul_p521_alt.o) has version 27.0.0, which is newer than target minimum of 11.0.0
         rust-lld: /Users/kooshapari/CodeProjects/Phenotype/repos/Tracera/target/debug/deps/libaws_lc_sys-a3b019717e25f3b6.rlib(ccbabe9886131d80-bignum_neg_p521.o) has version 27.0.0, which is newer than target minimum of 11.0.0
         rust-lld: /Users/kooshapari/CodeProjects/Phenotype/repos/Tracera/target/debug/deps/libaws_lc_sys-a3b019717e25f3b6.rlib(ccbabe9886131d80-bignum_sqr_p521.o) has version 27.0.0, which is newer than target minimum of 11.0.0
         rust-lld: /Users/kooshapari/CodeProjects/Phenotype/repos/Tracera/target/debug/deps/libaws_lc_sys-a3b019717e25f3b6.rlib(ccbabe9886131d80-bignum_sqr_p521_alt.o) has version 27.0.0, which is newer than target minimum of 11.0.0
         rust-lld: /Users/kooshapari/CodeProjects/Phenotype/repos/Tracera/target/debug/deps/libaws_lc_sys-a3b019717e25f3b6.rlib(ccbabe9886131d80-bignum_sub_p521.o) has version 27.0.0, which is newer than target minimum of 11.0.0
         rust-lld: /Users/kooshapari/CodeProjects/Phenotype/repos/Tracera/target/debug/deps/libaws_lc_sys-a3b019717e25f3b6.rlib(ccbabe9886131d80-bignum_tolebytes_p521.o) has version 27.0.0, which is newer than target minimum of 11.0.0
         rust-lld: /Users/kooshapari/CodeProjects/Phenotype/repos/Tracera/target/debug/deps/libaws_lc_sys-a3b019717e25f3b6.rlib(ccbabe9886131d80-p521_jdouble.o) has version 27.0.0, which is newer than target minimum of 11.0.0
         rust-lld: /Users/kooshapari/CodeProjects/Phenotype/repos/Tracera/target/debug/deps/libaws_lc_sys-a3b019717e25f3b6.rlib(ccbabe9886131d80-p521_jdouble_alt.o) has version 27.0.0, which is newer than target minimum of 11.0.0
         rust-lld: /Users/kooshapari/CodeProjects/Phenotype/repos/Tracera/target/debug/deps/libaws_lc_sys-a3b019717e25f3b6.rlib(ccbabe9886131d80-p521_jscalarmul.o) has version 27.0.0, which is newer than target minimum of 11.0.0
         rust-lld: /Users/kooshapari/CodeProjects/Phenotype/repos/Tracera/target/debug/deps/libaws_lc_sys-a3b019717e25f3b6.rlib(ccbabe9886131d80-p521_jscalarmul_alt.o) has version 27.0.0, which is newer than target minimum of 11.0.0
         rust-lld: /Users/kooshapari/CodeProjects/Phenotype/repos/Tracera/target/debug/deps/libaws_lc_sys-a3b019717e25f3b6.rlib(ac9a06e0f1f9cd7d-sha3_keccak2_f1600.o) has version 27.0.0, which is newer than target minimum of 11.0.0
         rust-lld: /Users/kooshapari/CodeProjects/Phenotype/repos/Tracera/target/debug/deps/libaws_lc_sys-a3b019717e25f3b6.rlib(ac9a06e0f1f9cd7d-sha3_keccak4_f1600_alt.o) has version 27.0.0, which is newer than target minimum of 11.0.0
         rust-lld: /Users/kooshapari/CodeProjects/Phenotype/repos/Tracera/target/debug/deps/libaws_lc_sys-a3b019717e25f3b6.rlib(ac9a06e0f1f9cd7d-sha3_keccak4_f1600_alt2.o) has version 27.0.0, which is newer than target minimum of 11.0.0
         rust-lld: /Users/kooshapari/CodeProjects/Phenotype/repos/Tracera/target/debug/deps/libaws_lc_sys-a3b019717e25f3b6.rlib(ac9a06e0f1f9cd7d-sha3_keccak_f1600.o) has version 27.0.0, which is newer than target minimum of 11.0.0
         rust-lld: /Users/kooshapari/CodeProjects/Phenotype/repos/Tracera/target/debug/deps/libaws_lc_sys-a3b019717e25f3b6.rlib(ac9a06e0f1f9cd7d-sha3_keccak_f1600_alt.o) has version 27.0.0, which is newer than target minimum of 11.0.0
         rust-lld: /Users/kooshapari/CodeProjects/Phenotype/repos/Tracera/target/debug/deps/libaws_lc_sys-a3b019717e25f3b6.rlib(e9338ebcd69164a9-aes-xts-dec.o) has version 27.0.0, which is newer than target minimum of 11.0.0
         rust-lld: /Users/kooshapari/CodeProjects/Phenotype/repos/Tracera/target/debug/deps/libaws_lc_sys-a3b019717e25f3b6.rlib(e9338ebcd69164a9-aes-xts-enc.o) has version 27.0.0, which is newer than target minimum of 11.0.0
         rust-lld: /Users/kooshapari/CodeProjects/Phenotype/repos/Tracera/target/debug/deps/libaws_lc_sys-a3b019717e25f3b6.rlib(2d40dbbd793ef942-jitterentropy-base.o) has version 27.0.0, which is newer than target minimum of 11.0.0
         rust-lld: /Users/kooshapari/CodeProjects/Phenotype/repos/Tracera/target/debug/deps/libaws_lc_sys-a3b019717e25f3b6.rlib(2d40dbbd793ef942-jitterentropy-gcd.o) has version 27.0.0, which is newer than target minimum of 11.0.0
         rust-lld: /Users/kooshapari/CodeProjects/Phenotype/repos/Tracera/target/debug/deps/libaws_lc_sys-a3b019717e25f3b6.rlib(2d40dbbd793ef942-jitterentropy-health.o) has version 27.0.0, which is newer than target minimum of 11.0.0
         rust-lld: /Users/kooshapari/CodeProjects/Phenotype/repos/Tracera/target/debug/deps/libaws_lc_sys-a3b019717e25f3b6.rlib(2d40dbbd793ef942-jitterentropy-noise.o) has version 27.0.0, which is newer than target minimum of 11.0.0
         rust-lld: /Users/kooshapari/CodeProjects/Phenotype/repos/Tracera/target/debug/deps/libaws_lc_sys-a3b019717e25f3b6.rlib(2d40dbbd793ef942-jitterentropy-sha3.o) has version 27.0.0, which is newer than target minimum of 11.0.0
         rust-lld: /Users/kooshapari/CodeProjects/Phenotype/repos/Tracera/target/debug/deps/liblibsqlite3_sys-f36a1e6826713229.rlib(c877a2978823c39d-sqlite3.o) has version 27.0.0, which is newer than target minimum of 11.0.0
         rust-lld: Option `-no_compact_unwind' is undocumented. Should lld implement it?
  |
  = note: `#[warn(linker_messages)]` on by default

warning: `tracera-edge` (lib test) generated 1 warning (1 duplicate)
warning: `tracera-server` (bin "tracera-server" test) generated 1 warning
warning: field `root` is never read
  --> crates/tracera-cli/src/bundle.rs:25:9
   |
22 | pub struct BundleLayout {
   |            ------------ field in this struct
...
25 |     pub root: PathBuf,
   |         ^^^^
   |
   = note: `BundleLayout` has derived impls for the traits `Clone` and `Debug`, but these are intentionally ignored during dead code analysis
   = note: `#[warn(dead_code)]` (part of `#[warn(unused)]`) on by default

warning: function `pick_free_port` is never used
   --> crates/tracera-cli/src/runtime.rs:163:8
    |
163 | pub fn pick_free_port() -> anyhow::Result<u16> {
    |        ^^^^^^^^^^^^^^

warning: linker stderr: rust-lld: /Users/kooshapari/CodeProjects/Phenotype/repos/Tracera/target/debug/deps/libaws_lc_sys-a3b019717e25f3b6.rlib(7a596fe31a02c0e2-convert.o) has version 27.0.0, which is newer than target minimum of 11.0.0
         rust-lld: /Users/kooshapari/CodeProjects/Phenotype/repos/Tracera/target/debug/deps/libaws_lc_sys-a3b019717e25f3b6.rlib(76322f89f5cc2d96-bio.o) has version 27.0.0, which is newer than target minimum of 11.0.0
         rust-lld: /Users/kooshapari/CodeProjects/Phenotype/repos/Tracera/target/debug/deps/libaws_lc_sys-a3b019717e25f3b6.rlib(76322f89f5cc2d96-file.o) has version 27.0.0, which is newer than target minimum of 11.0.0
         rust-lld: /Users/kooshapari/CodeProjects/Phenotype/repos/Tracera/target/debug/deps/libaws_lc_sys-a3b019717e25f3b6.rlib(c4fcddba145918af-cbb.o) has version 27.0.0, which is newer than target minimum of 11.0.0
         rust-lld: /Users/kooshapari/CodeProjects/Phenotype/repos/Tracera/target/debug/deps/libaws_lc_sys-a3b019717e25f3b6.rlib(c4fcddba145918af-cbs.o) has version 27.0.0, which is newer than target minimum of 11.0.0
         rust-lld: /Users/kooshapari/CodeProjects/Phenotype/repos/Tracera/target/debug/deps/libaws_lc_sys-a3b019717e25f3b6.rlib(bc1b343226bc6a17-posix_time.o) has version 27.0.0, which is newer than target minimum of 11.0.0
         rust-lld: /Users/kooshapari/CodeProjects/Phenotype/repos/Tracera/target/debug/deps/libaws_lc_sys-a3b019717e25f3b6.rlib(a6455f51a2435c3f-chacha.o) has version 27.0.0, which is newer than target minimum of 11.0.0
         rust-lld: /Users/kooshapari/CodeProjects/Phenotype/repos/Tracera/target/debug/deps/libaws_lc_sys-a3b019717e25f3b6.rlib(89981633f66afe17-e_aesgcmsiv.o) has version 27.0.0, which is newer than target minimum of 11.0.0
         rust-lld: /Users/kooshapari/CodeProjects/Phenotype/repos/Tracera/target/debug/deps/libaws_lc_sys-a3b019717e25f3b6.rlib(89981633f66afe17-e_chacha20poly1305.o) has version 27.0.0, which is newer than target minimum of 11.0.0
         rust-lld: /Users/kooshapari/CodeProjects/Phenotype/repos/Tracera/target/debug/deps/libaws_lc_sys-a3b019717e25f3b6.rlib(89981633f66afe17-e_des.o) has version 27.0.0, which is newer than target minimum of 11.0.0
         rust-lld: /Users/kooshapari/CodeProjects/Phenotype/repos/Tracera/target/debug/deps/libaws_lc_sys-a3b019717e25f3b6.rlib(30a9a10d3f98970e-crypto.o) has version 27.0.0, which is newer than target minimum of 11.0.0
         rust-lld: /Users/kooshapari/CodeProjects/Phenotype/repos/Tracera/target/debug/deps/libaws_lc_sys-a3b019717e25f3b6.rlib(175e87304cd4663c-cfb.o) has version 27.0.0, which is newer than target minimum of 11.0.0
         rust-lld: /Users/kooshapari/CodeProjects/Phenotype/repos/Tracera/target/debug/deps/libaws_lc_sys-a3b019717e25f3b6.rlib(da5030c6f3330e8d-des.o) has version 27.0.0, which is newer than target minimum of 11.0.0
         rust-lld: /Users/kooshapari/CodeProjects/Phenotype/repos/Tracera/target/debug/deps/libaws_lc_sys-a3b019717e25f3b6.rlib(0c919c82d61b4518-ecdsa_asn1.o) has version 27.0.0, which is newer than target minimum of 11.0.0
         rust-lld: /Users/kooshapari/CodeProjects/Phenotype/repos/Tracera/target/debug/deps/libaws_lc_sys-a3b019717e25f3b6.rlib(7a596fe31a02c0e2-bn_asn1.o) has version 27.0.0, which is newer than target minimum of 11.0.0
         rust-lld: /Users/kooshapari/CodeProjects/Phenotype/repos/Tracera/target/debug/deps/libaws_lc_sys-a3b019717e25f3b6.rlib(c4fcddba145918af-asn1_compat.o) has version 27.0.0, which is newer than target minimum of 11.0.0
         rust-lld: /Users/kooshapari/CodeProjects/Phenotype/repos/Tracera/target/debug/deps/libaws_lc_sys-a3b019717e25f3b6.rlib(dfe446faf29f8012-ec_asn1.o) has version 27.0.0, which is newer than target minimum of 11.0.0
         rust-lld: /Users/kooshapari/CodeProjects/Phenotype/repos/Tracera/target/debug/deps/libaws_lc_sys-a3b019717e25f3b6.rlib(a3e95cd5f24d649a-err.o) has version 27.0.0, which is newer than target minimum of 11.0.0
         rust-lld: /Users/kooshapari/CodeProjects/Phenotype/repos/Tracera/target/debug/deps/libaws_lc_sys-a3b019717e25f3b6.rlib(7510312e0f5aa0be-evp_asn1.o) has version 27.0.0, which is newer than target minimum of 11.0.0
         rust-lld: /Users/kooshapari/CodeProjects/Phenotype/repos/Tracera/target/debug/deps/libaws_lc_sys-a3b019717e25f3b6.rlib(fb1f39df2ea6f08f-dsa.o) has version 27.0.0, which is newer than target minimum of 11.0.0
         rust-lld: /Users/kooshapari/CodeProjects/Phenotype/repos/Tracera/target/debug/deps/libaws_lc_sys-a3b019717e25f3b6.rlib(fb1f39df2ea6f08f-dsa_asn1.o) has version 27.0.0, which is newer than target minimum of 11.0.0
         rust-lld: /Users/kooshapari/CodeProjects/Phenotype/repos/Tracera/target/debug/deps/libaws_lc_sys-a3b019717e25f3b6.rlib(7510312e0f5aa0be-print.o) has version 27.0.0, which is newer than target minimum of 11.0.0
         rust-lld: /Users/kooshapari/CodeProjects/Phenotype/repos/Tracera/target/debug/deps/libaws_lc_sys-a3b019717e25f3b6.rlib(76322f89f5cc2d96-printf.o) has version 27.0.0, which is newer than target minimum of 11.0.0
         rust-lld: /Users/kooshapari/CodeProjects/Phenotype/repos/Tracera/target/debug/deps/libaws_lc_sys-a3b019717e25f3b6.rlib(7510312e0f5aa0be-p_methods.o) has version 27.0.0, which is newer than target minimum of 11.0.0
         rust-lld: /Users/kooshapari/CodeProjects/Phenotype/repos/Tracera/target/debug/deps/libaws_lc_sys-a3b019717e25f3b6.rlib(7510312e0f5aa0be-p_dh_asn1.o) has version 27.0.0, which is newer than target minimum of 11.0.0
         rust-lld: /Users/kooshapari/CodeProjects/Phenotype/repos/Tracera/target/debug/deps/libaws_lc_sys-a3b019717e25f3b6.rlib(c1300545a7d60e2b-dh_asn1.o) has version 27.0.0, which is newer than target minimum of 11.0.0
         rust-lld: /Users/kooshapari/CodeProjects/Phenotype/repos/Tracera/target/debug/deps/libaws_lc_sys-a3b019717e25f3b6.rlib(7510312e0f5aa0be-p_dh.o) has version 27.0.0, which is newer than target minimum of 11.0.0
         rust-lld: /Users/kooshapari/CodeProjects/Phenotype/repos/Tracera/target/debug/deps/libaws_lc_sys-a3b019717e25f3b6.rlib(c1300545a7d60e2b-params.o) has version 27.0.0, which is newer than target minimum of 11.0.0
         rust-lld: /Users/kooshapari/CodeProjects/Phenotype/repos/Tracera/target/debug/deps/libaws_lc_sys-a3b019717e25f3b6.rlib(7510312e0f5aa0be-p_dsa_asn1.o) has version 27.0.0, which is newer than target minimum of 11.0.0
         rust-lld: /Users/kooshapari/CodeProjects/Phenotype/repos/Tracera/target/debug/deps/libaws_lc_sys-a3b019717e25f3b6.rlib(7510312e0f5aa0be-p_dsa.o) has version 27.0.0, which is newer than target minimum of 11.0.0
         rust-lld: /Users/kooshapari/CodeProjects/Phenotype/repos/Tracera/target/debug/deps/libaws_lc_sys-a3b019717e25f3b6.rlib(e71c6558e17b1ce7-digest_extra.o) has version 27.0.0, which is newer than target minimum of 11.0.0
         rust-lld: /Users/kooshapari/CodeProjects/Phenotype/repos/Tracera/target/debug/deps/libaws_lc_sys-a3b019717e25f3b6.rlib(62e235b24f99f4ff-blake2.o) has version 27.0.0, which is newer than target minimum of 11.0.0
         rust-lld: /Users/kooshapari/CodeProjects/Phenotype/repos/Tracera/target/debug/deps/libaws_lc_sys-a3b019717e25f3b6.rlib(7510312e0f5aa0be-p_ec_asn1.o) has version 27.0.0, which is newer than target minimum of 11.0.0
         rust-lld: /Users/kooshapari/CodeProjects/Phenotype/repos/Tracera/target/debug/deps/libaws_lc_sys-a3b019717e25f3b6.rlib(7510312e0f5aa0be-p_ed25519_asn1.o) has version 27.0.0, which is newer than target minimum of 11.0.0
         rust-lld: /Users/kooshapari/CodeProjects/Phenotype/repos/Tracera/target/debug/deps/libaws_lc_sys-a3b019717e25f3b6.rlib(7510312e0f5aa0be-p_hmac_asn1.o) has version 27.0.0, which is newer than target minimum of 11.0.0
         rust-lld: /Users/kooshapari/CodeProjects/Phenotype/repos/Tracera/target/debug/deps/libaws_lc_sys-a3b019717e25f3b6.rlib(7510312e0f5aa0be-p_kem_asn1.o) has version 27.0.0, which is newer than target minimum of 11.0.0
         rust-lld: /Users/kooshapari/CodeProjects/Phenotype/repos/Tracera/target/debug/deps/libaws_lc_sys-a3b019717e25f3b6.rlib(7510312e0f5aa0be-p_pqdsa_asn1.o) has version 27.0.0, which is newer than target minimum of 11.0.0
         rust-lld: /Users/kooshapari/CodeProjects/Phenotype/repos/Tracera/target/debug/deps/libaws_lc_sys-a3b019717e25f3b6.rlib(7510312e0f5aa0be-p_rsa_asn1.o) has version 27.0.0, which is newer than target minimum of 11.0.0
         rust-lld: /Users/kooshapari/CodeProjects/Phenotype/repos/Tracera/target/debug/deps/libaws_lc_sys-a3b019717e25f3b6.rlib(7510312e0f5aa0be-p_x25519.o) has version 27.0.0, which is newer than target minimum of 11.0.0
         rust-lld: /Users/kooshapari/CodeProjects/Phenotype/repos/Tracera/target/debug/deps/libaws_lc_sys-a3b019717e25f3b6.rlib(7510312e0f5aa0be-p_x25519_asn1.o) has version 27.0.0, which is newer than target minimum of 11.0.0
         rust-lld: /Users/kooshapari/CodeProjects/Phenotype/repos/Tracera/target/debug/deps/libaws_lc_sys-a3b019717e25f3b6.rlib(30a9a10d3f98970e-ex_data.o) has version 27.0.0, which is newer than target minimum of 11.0.0
         rust-lld: /Users/kooshapari/CodeProjects/Phenotype/repos/Tracera/target/debug/deps/libaws_lc_sys-a3b019717e25f3b6.rlib(f8e4fd781484bd36-bcm.o) has version 27.0.0, which is newer than target minimum of 11.0.0
         rust-lld: /Users/kooshapari/CodeProjects/Phenotype/repos/Tracera/target/debug/deps/libaws_lc_sys-a3b019717e25f3b6.rlib(dcb7d53a9be33b0c-engine.o) has version 27.0.0, which is newer than target minimum of 11.0.0
         rust-lld: /Users/kooshapari/CodeProjects/Phenotype/repos/Tracera/target/debug/deps/libaws_lc_sys-a3b019717e25f3b6.rlib(199386740f3660f1-ripemd.o) has version 27.0.0, which is newer than target minimum of 11.0.0
         rust-lld: /Users/kooshapari/CodeProjects/Phenotype/repos/Tracera/target/debug/deps/libaws_lc_sys-a3b019717e25f3b6.rlib(763c374fde874a6d-console.o) has version 27.0.0, which is newer than target minimum of 11.0.0
         rust-lld: /Users/kooshapari/CodeProjects/Phenotype/repos/Tracera/target/debug/deps/libaws_lc_sys-a3b019717e25f3b6.rlib(001247bc65c2f5e5-cpucap.o) has version 27.0.0, which is newer than target minimum of 11.0.0
         rust-lld: /Users/kooshapari/CodeProjects/Phenotype/repos/Tracera/target/debug/deps/libaws_lc_sys-a3b019717e25f3b6.rlib(6e985d8b17b56a49-md4.o) has version 27.0.0, which is newer than target minimum of 11.0.0
         rust-lld: /Users/kooshapari/CodeProjects/Phenotype/repos/Tracera/target/debug/deps/libaws_lc_sys-a3b019717e25f3b6.rlib(30a9a10d3f98970e-mem.o) has version 27.0.0, which is newer than target minimum of 11.0.0
         rust-lld: /Users/kooshapari/CodeProjects/Phenotype/repos/Tracera/target/debug/deps/libaws_lc_sys-a3b019717e25f3b6.rlib(7ac4c9359514b807-obj.o) has version 27.0.0, which is newer than target minimum of 11.0.0
         rust-lld: /Users/kooshapari/CodeProjects/Phenotype/repos/Tracera/target/debug/deps/libaws_lc_sys-a3b019717e25f3b6.rlib(bc1b343226bc6a17-a_object.o) has version 27.0.0, which is newer than target minimum of 11.0.0
         rust-lld: /Users/kooshapari/CodeProjects/Phenotype/repos/Tracera/target/debug/deps/libaws_lc_sys-a3b019717e25f3b6.rlib(ea2b51a0b6630529-lhash.o) has version 27.0.0, which is newer than target minimum of 11.0.0
         rust-lld: /Users/kooshapari/CodeProjects/Phenotype/repos/Tracera/target/debug/deps/libaws_lc_sys-a3b019717e25f3b6.rlib(7ac4c9359514b807-obj_xref.o) has version 27.0.0, which is newer than target minimum of 11.0.0
         rust-lld: /Users/kooshapari/CodeProjects/Phenotype/repos/Tracera/target/debug/deps/libaws_lc_sys-a3b019717e25f3b6.rlib(5d4700fda13603f0-poly1305.o) has version 27.0.0, which is newer than target minimum of 11.0.0
         rust-lld: /Users/kooshapari/CodeProjects/Phenotype/repos/Tracera/target/debug/deps/libaws_lc_sys-a3b019717e25f3b6.rlib(7bf3e571b6558a6b-getentropy.o) has version 27.0.0, which is newer than target minimum of 11.0.0
         rust-lld: /Users/kooshapari/CodeProjects/Phenotype/repos/Tracera/target/debug/deps/libaws_lc_sys-a3b019717e25f3b6.rlib(7bf3e571b6558a6b-vm_ube_fallback.o) has version 27.0.0, which is newer than target minimum of 11.0.0
         rust-lld: /Users/kooshapari/CodeProjects/Phenotype/repos/Tracera/target/debug/deps/libaws_lc_sys-a3b019717e25f3b6.rlib(30a9a10d3f98970e-refcount_c11.o) has version 27.0.0, which is newer than target minimum of 11.0.0
         rust-lld: /Users/kooshapari/CodeProjects/Phenotype/repos/Tracera/target/debug/deps/libaws_lc_sys-a3b019717e25f3b6.rlib(b0fd2550ab09b04e-rsassa_pss_asn1.o) has version 27.0.0, which is newer than target minimum of 11.0.0
         rust-lld: /Users/kooshapari/CodeProjects/Phenotype/repos/Tracera/target/debug/deps/libaws_lc_sys-a3b019717e25f3b6.rlib(b0fd2550ab09b04e-rsa_asn1.o) has version 27.0.0, which is newer than target minimum of 11.0.0
         rust-lld: /Users/kooshapari/CodeProjects/Phenotype/repos/Tracera/target/debug/deps/libaws_lc_sys-a3b019717e25f3b6.rlib(b0fd2550ab09b04e-rsa_crypt.o) has version 27.0.0, which is newer than target minimum of 11.0.0
         rust-lld: /Users/kooshapari/CodeProjects/Phenotype/repos/Tracera/target/debug/deps/libaws_lc_sys-a3b019717e25f3b6.rlib(60df219e9fcbc210-stack.o) has version 27.0.0, which is newer than target minimum of 11.0.0
         rust-lld: /Users/kooshapari/CodeProjects/Phenotype/repos/Tracera/target/debug/deps/libaws_lc_sys-a3b019717e25f3b6.rlib(30a9a10d3f98970e-thread_pthread.o) has version 27.0.0, which is newer than target minimum of 11.0.0
         rust-lld: /Users/kooshapari/CodeProjects/Phenotype/repos/Tracera/target/debug/deps/libaws_lc_sys-a3b019717e25f3b6.rlib(45070f5a112d041b-fork_ube_detect.o) has version 27.0.0, which is newer than target minimum of 11.0.0
         rust-lld: /Users/kooshapari/CodeProjects/Phenotype/repos/Tracera/target/debug/deps/libaws_lc_sys-a3b019717e25f3b6.rlib(45070f5a112d041b-ube.o) has version 27.0.0, which is newer than target minimum of 11.0.0
         rust-lld: /Users/kooshapari/CodeProjects/Phenotype/repos/Tracera/target/debug/deps/libaws_lc_sys-a3b019717e25f3b6.rlib(45070f5a112d041b-vm_ube_detect.o) has version 27.0.0, which is newer than target minimum of 11.0.0
         rust-lld: /Users/kooshapari/CodeProjects/Phenotype/repos/Tracera/target/debug/deps/libaws_lc_sys-a3b019717e25f3b6.rlib(c2f744a0f6403e0c-err_data.o) has version 27.0.0, which is newer than target minimum of 11.0.0
         rust-lld: /Users/kooshapari/CodeProjects/Phenotype/repos/Tracera/target/debug/deps/libaws_lc_sys-a3b019717e25f3b6.rlib(044d1b1af49c8a28-intt_aarch64_asm.o) has version 27.0.0, which is newer than target minimum of 11.0.0
         rust-lld: /Users/kooshapari/CodeProjects/Phenotype/repos/Tracera/target/debug/deps/libaws_lc_sys-a3b019717e25f3b6.rlib(044d1b1af49c8a28-mld_polyvecl_pointwise_acc_montgomery_l4_aarch64_asm.o) has version 27.0.0, which is newer than target minimum of 11.0.0
         rust-lld: /Users/kooshapari/CodeProjects/Phenotype/repos/Tracera/target/debug/deps/libaws_lc_sys-a3b019717e25f3b6.rlib(044d1b1af49c8a28-mld_polyvecl_pointwise_acc_montgomery_l5_aarch64_asm.o) has version 27.0.0, which is newer than target minimum of 11.0.0
         rust-lld: /Users/kooshapari/CodeProjects/Phenotype/repos/Tracera/target/debug/deps/libaws_lc_sys-a3b019717e25f3b6.rlib(044d1b1af49c8a28-mld_polyvecl_pointwise_acc_montgomery_l7_aarch64_asm.o) has version 27.0.0, which is newer than target minimum of 11.0.0
         rust-lld: /Users/kooshapari/CodeProjects/Phenotype/repos/Tracera/target/debug/deps/libaws_lc_sys-a3b019717e25f3b6.rlib(044d1b1af49c8a28-ntt_aarch64_asm.o) has version 27.0.0, which is newer than target minimum of 11.0.0
         rust-lld: /Users/kooshapari/CodeProjects/Phenotype/repos/Tracera/target/debug/deps/libaws_lc_sys-a3b019717e25f3b6.rlib(044d1b1af49c8a28-pointwise_montgomery_aarch64_asm.o) has version 27.0.0, which is newer than target minimum of 11.0.0
         rust-lld: /Users/kooshapari/CodeProjects/Phenotype/repos/Tracera/target/debug/deps/libaws_lc_sys-a3b019717e25f3b6.rlib(044d1b1af49c8a28-polyz_unpack_17_aarch64_asm.o) has version 27.0.0, which is newer than target minimum of 11.0.0
         rust-lld: /Users/kooshapari/CodeProjects/Phenotype/repos/Tracera/target/debug/deps/libaws_lc_sys-a3b019717e25f3b6.rlib(044d1b1af49c8a28-polyz_unpack_19_aarch64_asm.o) has version 27.0.0, which is newer than target minimum of 11.0.0
         rust-lld: /Users/kooshapari/CodeProjects/Phenotype/repos/Tracera/target/debug/deps/libaws_lc_sys-a3b019717e25f3b6.rlib(044d1b1af49c8a28-poly_caddq_aarch64_asm.o) has version 27.0.0, which is newer than target minimum of 11.0.0
         rust-lld: /Users/kooshapari/CodeProjects/Phenotype/repos/Tracera/target/debug/deps/libaws_lc_sys-a3b019717e25f3b6.rlib(044d1b1af49c8a28-poly_chknorm_aarch64_asm.o) has version 27.0.0, which is newer than target minimum of 11.0.0
         rust-lld: /Users/kooshapari/CodeProjects/Phenotype/repos/Tracera/target/debug/deps/libaws_lc_sys-a3b019717e25f3b6.rlib(044d1b1af49c8a28-poly_decompose_32_aarch64_asm.o) has version 27.0.0, which is newer than target minimum of 11.0.0
         rust-lld: /Users/kooshapari/CodeProjects/Phenotype/repos/Tracera/target/debug/deps/libaws_lc_sys-a3b019717e25f3b6.rlib(044d1b1af49c8a28-poly_decompose_88_aarch64_asm.o) has version 27.0.0, which is newer than target minimum of 11.0.0
         rust-lld: /Users/kooshapari/CodeProjects/Phenotype/repos/Tracera/target/debug/deps/libaws_lc_sys-a3b019717e25f3b6.rlib(044d1b1af49c8a28-poly_use_hint_32_aarch64_asm.o) has version 27.0.0, which is newer than target minimum of 11.0.0
         rust-lld: /Users/kooshapari/CodeProjects/Phenotype/repos/Tracera/target/debug/deps/libaws_lc_sys-a3b019717e25f3b6.rlib(044d1b1af49c8a28-poly_use_hint_88_aarch64_asm.o) has version 27.0.0, which is newer than target minimum of 11.0.0
         rust-lld: /Users/kooshapari/CodeProjects/Phenotype/repos/Tracera/target/debug/deps/libaws_lc_sys-a3b019717e25f3b6.rlib(044d1b1af49c8a28-rej_uniform_aarch64_asm.o) has version 27.0.0, which is newer than target minimum of 11.0.0
         rust-lld: /Users/kooshapari/CodeProjects/Phenotype/repos/Tracera/target/debug/deps/libaws_lc_sys-a3b019717e25f3b6.rlib(044d1b1af49c8a28-rej_uniform_eta2_aarch64_asm.o) has version 27.0.0, which is newer than target minimum of 11.0.0
         rust-lld: /Users/kooshapari/CodeProjects/Phenotype/repos/Tracera/target/debug/deps/libaws_lc_sys-a3b019717e25f3b6.rlib(044d1b1af49c8a28-rej_uniform_eta4_aarch64_asm.o) has version 27.0.0, which is newer than target minimum of 11.0.0
         rust-lld: /Users/kooshapari/CodeProjects/Phenotype/repos/Tracera/target/debug/deps/libaws_lc_sys-a3b019717e25f3b6.rlib(7a51880ffa82f69b-intt.o) has version 27.0.0, which is newer than target minimum of 11.0.0
         rust-lld: /Users/kooshapari/CodeProjects/Phenotype/repos/Tracera/target/debug/deps/libaws_lc_sys-a3b019717e25f3b6.rlib(7a51880ffa82f69b-ntt.o) has version 27.0.0, which is newer than target minimum of 11.0.0
         rust-lld: /Users/kooshapari/CodeProjects/Phenotype/repos/Tracera/target/debug/deps/libaws_lc_sys-a3b019717e25f3b6.rlib(7a51880ffa82f69b-polyvec_basemul_acc_montgomery_cached_asm_k2.o) has version 27.0.0, which is newer than target minimum of 11.0.0
         rust-lld: /Users/kooshapari/CodeProjects/Phenotype/repos/Tracera/target/debug/deps/libaws_lc_sys-a3b019717e25f3b6.rlib(7a51880ffa82f69b-polyvec_basemul_acc_montgomery_cached_asm_k3.o) has version 27.0.0, which is newer than target minimum of 11.0.0
         rust-lld: /Users/kooshapari/CodeProjects/Phenotype/repos/Tracera/target/debug/deps/libaws_lc_sys-a3b019717e25f3b6.rlib(7a51880ffa82f69b-polyvec_basemul_acc_montgomery_cached_asm_k4.o) has version 27.0.0, which is newer than target minimum of 11.0.0
         rust-lld: /Users/kooshapari/CodeProjects/Phenotype/repos/Tracera/target/debug/deps/libaws_lc_sys-a3b019717e25f3b6.rlib(7a51880ffa82f69b-poly_mulcache_compute_asm.o) has version 27.0.0, which is newer than target minimum of 11.0.0
         rust-lld: /Users/kooshapari/CodeProjects/Phenotype/repos/Tracera/target/debug/deps/libaws_lc_sys-a3b019717e25f3b6.rlib(7a51880ffa82f69b-poly_reduce_asm.o) has version 27.0.0, which is newer than target minimum of 11.0.0
         rust-lld: /Users/kooshapari/CodeProjects/Phenotype/repos/Tracera/target/debug/deps/libaws_lc_sys-a3b019717e25f3b6.rlib(7a51880ffa82f69b-poly_tobytes_asm.o) has version 27.0.0, which is newer than target minimum of 11.0.0
         rust-lld: /Users/kooshapari/CodeProjects/Phenotype/repos/Tracera/target/debug/deps/libaws_lc_sys-a3b019717e25f3b6.rlib(7a51880ffa82f69b-poly_tomont_asm.o) has version 27.0.0, which is newer than target minimum of 11.0.0
         rust-lld: /Users/kooshapari/CodeProjects/Phenotype/repos/Tracera/target/debug/deps/libaws_lc_sys-a3b019717e25f3b6.rlib(7a51880ffa82f69b-rej_uniform_asm.o) has version 27.0.0, which is newer than target minimum of 11.0.0
         rust-lld: /Users/kooshapari/CodeProjects/Phenotype/repos/Tracera/target/debug/deps/libaws_lc_sys-a3b019717e25f3b6.rlib(6cb977b152c40450-chacha-armv8.o) has version 27.0.0, which is newer than target minimum of 11.0.0
         rust-lld: /Users/kooshapari/CodeProjects/Phenotype/repos/Tracera/target/debug/deps/libaws_lc_sys-a3b019717e25f3b6.rlib(c53e8c40df789e0d-chacha20_poly1305_armv8.o) has version 27.0.0, which is newer than target minimum of 11.0.0
         rust-lld: /Users/kooshapari/CodeProjects/Phenotype/repos/Tracera/target/debug/deps/libaws_lc_sys-a3b019717e25f3b6.rlib(c4391ac3c46825d6-aesv8-armx.o) has version 27.0.0, which is newer than target minimum of 11.0.0
         rust-lld: /Users/kooshapari/CodeProjects/Phenotype/repos/Tracera/target/debug/deps/libaws_lc_sys-a3b019717e25f3b6.rlib(c4391ac3c46825d6-aesv8-gcm-armv8-unroll8.o) has version 27.0.0, which is newer than target minimum of 11.0.0
         rust-lld: /Users/kooshapari/CodeProjects/Phenotype/repos/Tracera/target/debug/deps/libaws_lc_sys-a3b019717e25f3b6.rlib(c4391ac3c46825d6-aesv8-gcm-armv8.o) has version 27.0.0, which is newer than target minimum of 11.0.0
         rust-lld: /Users/kooshapari/CodeProjects/Phenotype/repos/Tracera/target/debug/deps/libaws_lc_sys-a3b019717e25f3b6.rlib(c4391ac3c46825d6-armv8-mont.o) has version 27.0.0, which is newer than target minimum of 11.0.0
         rust-lld: /Users/kooshapari/CodeProjects/Phenotype/repos/Tracera/target/debug/deps/libaws_lc_sys-a3b019717e25f3b6.rlib(c4391ac3c46825d6-bn-armv8.o) has version 27.0.0, which is newer than target minimum of 11.0.0
         rust-lld: /Users/kooshapari/CodeProjects/Phenotype/repos/Tracera/target/debug/deps/libaws_lc_sys-a3b019717e25f3b6.rlib(c4391ac3c46825d6-ghash-neon-armv8.o) has version 27.0.0, which is newer than target minimum of 11.0.0
         rust-lld: /Users/kooshapari/CodeProjects/Phenotype/repos/Tracera/target/debug/deps/libaws_lc_sys-a3b019717e25f3b6.rlib(c4391ac3c46825d6-ghashv8-armx.o) has version 27.0.0, which is newer than target minimum of 11.0.0
         rust-lld: /Users/kooshapari/CodeProjects/Phenotype/repos/Tracera/target/debug/deps/libaws_lc_sys-a3b019717e25f3b6.rlib(c4391ac3c46825d6-keccak1600-armv8.o) has version 27.0.0, which is newer than target minimum of 11.0.0
         rust-lld: /Users/kooshapari/CodeProjects/Phenotype/repos/Tracera/target/debug/deps/libaws_lc_sys-a3b019717e25f3b6.rlib(c4391ac3c46825d6-md5-armv8.o) has version 27.0.0, which is newer than target minimum of 11.0.0
         rust-lld: /Users/kooshapari/CodeProjects/Phenotype/repos/Tracera/target/debug/deps/libaws_lc_sys-a3b019717e25f3b6.rlib(c4391ac3c46825d6-p256-armv8-asm.o) has version 27.0.0, which is newer than target minimum of 11.0.0
         rust-lld: /Users/kooshapari/CodeProjects/Phenotype/repos/Tracera/target/debug/deps/libaws_lc_sys-a3b019717e25f3b6.rlib(c4391ac3c46825d6-p256_beeu-armv8-asm.o) has version 27.0.0, which is newer than target minimum of 11.0.0
         rust-lld: /Users/kooshapari/CodeProjects/Phenotype/repos/Tracera/target/debug/deps/libaws_lc_sys-a3b019717e25f3b6.rlib(c4391ac3c46825d6-rndr-armv8.o) has version 27.0.0, which is newer than target minimum of 11.0.0
         rust-lld: /Users/kooshapari/CodeProjects/Phenotype/repos/Tracera/target/debug/deps/libaws_lc_sys-a3b019717e25f3b6.rlib(c4391ac3c46825d6-sha1-armv8.o) has version 27.0.0, which is newer than target minimum of 11.0.0
         rust-lld: /Users/kooshapari/CodeProjects/Phenotype/repos/Tracera/target/debug/deps/libaws_lc_sys-a3b019717e25f3b6.rlib(c4391ac3c46825d6-sha256-armv8.o) has version 27.0.0, which is newer than target minimum of 11.0.0
         rust-lld: /Users/kooshapari/CodeProjects/Phenotype/repos/Tracera/target/debug/deps/libaws_lc_sys-a3b019717e25f3b6.rlib(c4391ac3c46825d6-sha512-armv8.o) has version 27.0.0, which is newer than target minimum of 11.0.0
         rust-lld: /Users/kooshapari/CodeProjects/Phenotype/repos/Tracera/target/debug/deps/libaws_lc_sys-a3b019717e25f3b6.rlib(c4391ac3c46825d6-vpaes-armv8.o) has version 27.0.0, which is newer than target minimum of 11.0.0
         rust-lld: /Users/kooshapari/CodeProjects/Phenotype/repos/Tracera/target/debug/deps/libaws_lc_sys-a3b019717e25f3b6.rlib(2a065450252c12f3-bignum_madd_n25519.o) has version 27.0.0, which is newer than target minimum of 11.0.0
         rust-lld: /Users/kooshapari/CodeProjects/Phenotype/repos/Tracera/target/debug/deps/libaws_lc_sys-a3b019717e25f3b6.rlib(2a065450252c12f3-bignum_madd_n25519_alt.o) has version 27.0.0, which is newer than target minimum of 11.0.0
         rust-lld: /Users/kooshapari/CodeProjects/Phenotype/repos/Tracera/target/debug/deps/libaws_lc_sys-a3b019717e25f3b6.rlib(2a065450252c12f3-bignum_mod_n25519.o) has version 27.0.0, which is newer than target minimum of 11.0.0
         rust-lld: /Users/kooshapari/CodeProjects/Phenotype/repos/Tracera/target/debug/deps/libaws_lc_sys-a3b019717e25f3b6.rlib(2a065450252c12f3-bignum_neg_p25519.o) has version 27.0.0, which is newer than target minimum of 11.0.0
         rust-lld: /Users/kooshapari/CodeProjects/Phenotype/repos/Tracera/target/debug/deps/libaws_lc_sys-a3b019717e25f3b6.rlib(2a065450252c12f3-curve25519_x25519base_byte.o) has version 27.0.0, which is newer than target minimum of 11.0.0
         rust-lld: /Users/kooshapari/CodeProjects/Phenotype/repos/Tracera/target/debug/deps/libaws_lc_sys-a3b019717e25f3b6.rlib(2a065450252c12f3-curve25519_x25519base_byte_alt.o) has version 27.0.0, which is newer than target minimum of 11.0.0
         rust-lld: /Users/kooshapari/CodeProjects/Phenotype/repos/Tracera/target/debug/deps/libaws_lc_sys-a3b019717e25f3b6.rlib(2a065450252c12f3-curve25519_x25519_byte.o) has version 27.0.0, which is newer than target minimum of 11.0.0
         rust-lld: /Users/kooshapari/CodeProjects/Phenotype/repos/Tracera/target/debug/deps/libaws_lc_sys-a3b019717e25f3b6.rlib(2a065450252c12f3-curve25519_x25519_byte_alt.o) has version 27.0.0, which is newer than target minimum of 11.0.0
         rust-lld: /Users/kooshapari/CodeProjects/Phenotype/repos/Tracera/target/debug/deps/libaws_lc_sys-a3b019717e25f3b6.rlib(2a065450252c12f3-edwards25519_decode.o) has version 27.0.0, which is newer than target minimum of 11.0.0
         rust-lld: /Users/kooshapari/CodeProjects/Phenotype/repos/Tracera/target/debug/deps/libaws_lc_sys-a3b019717e25f3b6.rlib(2a065450252c12f3-edwards25519_decode_alt.o) has version 27.0.0, which is newer than target minimum of 11.0.0
         rust-lld: /Users/kooshapari/CodeProjects/Phenotype/repos/Tracera/target/debug/deps/libaws_lc_sys-a3b019717e25f3b6.rlib(2a065450252c12f3-edwards25519_encode.o) has version 27.0.0, which is newer than target minimum of 11.0.0
         rust-lld: /Users/kooshapari/CodeProjects/Phenotype/repos/Tracera/target/debug/deps/libaws_lc_sys-a3b019717e25f3b6.rlib(2a065450252c12f3-edwards25519_scalarmulbase.o) has version 27.0.0, which is newer than target minimum of 11.0.0
         rust-lld: /Users/kooshapari/CodeProjects/Phenotype/repos/Tracera/target/debug/deps/libaws_lc_sys-a3b019717e25f3b6.rlib(2a065450252c12f3-edwards25519_scalarmulbase_alt.o) has version 27.0.0, which is newer than target minimum of 11.0.0
         rust-lld: /Users/kooshapari/CodeProjects/Phenotype/repos/Tracera/target/debug/deps/libaws_lc_sys-a3b019717e25f3b6.rlib(2a065450252c12f3-edwards25519_scalarmuldouble.o) has version 27.0.0, which is newer than target minimum of 11.0.0
         rust-lld: /Users/kooshapari/CodeProjects/Phenotype/repos/Tracera/target/debug/deps/libaws_lc_sys-a3b019717e25f3b6.rlib(2a065450252c12f3-edwards25519_scalarmuldouble_alt.o) has version 27.0.0, which is newer than target minimum of 11.0.0
         rust-lld: /Users/kooshapari/CodeProjects/Phenotype/repos/Tracera/target/debug/deps/libaws_lc_sys-a3b019717e25f3b6.rlib(2ee72d5a85c036ff-bignum_emontredc_8n.o) has version 27.0.0, which is newer than target minimum of 11.0.0
         rust-lld: /Users/kooshapari/CodeProjects/Phenotype/repos/Tracera/target/debug/deps/libaws_lc_sys-a3b019717e25f3b6.rlib(2ee72d5a85c036ff-bignum_kmul_16_32.o) has version 27.0.0, which is newer than target minimum of 11.0.0
         rust-lld: /Users/kooshapari/CodeProjects/Phenotype/repos/Tracera/target/debug/deps/libaws_lc_sys-a3b019717e25f3b6.rlib(2ee72d5a85c036ff-bignum_kmul_32_64.o) has version 27.0.0, which is newer than target minimum of 11.0.0
         rust-lld: /Users/kooshapari/CodeProjects/Phenotype/repos/Tracera/target/debug/deps/libaws_lc_sys-a3b019717e25f3b6.rlib(2ee72d5a85c036ff-bignum_ksqr_16_32.o) has version 27.0.0, which is newer than target minimum of 11.0.0
         rust-lld: /Users/kooshapari/CodeProjects/Phenotype/repos/Tracera/target/debug/deps/libaws_lc_sys-a3b019717e25f3b6.rlib(2ee72d5a85c036ff-bignum_ksqr_32_64.o) has version 27.0.0, which is newer than target minimum of 11.0.0
         rust-lld: /Users/kooshapari/CodeProjects/Phenotype/repos/Tracera/target/debug/deps/libaws_lc_sys-a3b019717e25f3b6.rlib(2eb9bba22ef5252d-bignum_copy_row_from_table.o) has version 27.0.0, which is newer than target minimum of 11.0.0
         rust-lld: /Users/kooshapari/CodeProjects/Phenotype/repos/Tracera/target/debug/deps/libaws_lc_sys-a3b019717e25f3b6.rlib(2eb9bba22ef5252d-bignum_copy_row_from_table_16.o) has version 27.0.0, which is newer than target minimum of 11.0.0
         rust-lld: /Users/kooshapari/CodeProjects/Phenotype/repos/Tracera/target/debug/deps/libaws_lc_sys-a3b019717e25f3b6.rlib(2eb9bba22ef5252d-bignum_copy_row_from_table_32.o) has version 27.0.0, which is newer than target minimum of 11.0.0
         rust-lld: /Users/kooshapari/CodeProjects/Phenotype/repos/Tracera/target/debug/deps/libaws_lc_sys-a3b019717e25f3b6.rlib(2eb9bba22ef5252d-bignum_copy_row_from_table_8n.o) has version 27.0.0, which is newer than target minimum of 11.0.0
         rust-lld: /Users/kooshapari/CodeProjects/Phenotype/repos/Tracera/target/debug/deps/libaws_lc_sys-a3b019717e25f3b6.rlib(2eb9bba22ef5252d-bignum_ge.o) has version 27.0.0, which is newer than target minimum of 11.0.0
         rust-lld: /Users/kooshapari/CodeProjects/Phenotype/repos/Tracera/target/debug/deps/libaws_lc_sys-a3b019717e25f3b6.rlib(2eb9bba22ef5252d-bignum_mul.o) has version 27.0.0, which is newer than target minimum of 11.0.0
         rust-lld: /Users/kooshapari/CodeProjects/Phenotype/repos/Tracera/target/debug/deps/libaws_lc_sys-a3b019717e25f3b6.rlib(2eb9bba22ef5252d-bignum_optsub.o) has version 27.0.0, which is newer than target minimum of 11.0.0
         rust-lld: /Users/kooshapari/CodeProjects/Phenotype/repos/Tracera/target/debug/deps/libaws_lc_sys-a3b019717e25f3b6.rlib(2eb9bba22ef5252d-bignum_sqr.o) has version 27.0.0, which is newer than target minimum of 11.0.0
         rust-lld: /Users/kooshapari/CodeProjects/Phenotype/repos/Tracera/target/debug/deps/libaws_lc_sys-a3b019717e25f3b6.rlib(46b3cee15136b9e3-bignum_montinv_p256.o) has version 27.0.0, which is newer than target minimum of 11.0.0
         rust-lld: /Users/kooshapari/CodeProjects/Phenotype/repos/Tracera/target/debug/deps/libaws_lc_sys-a3b019717e25f3b6.rlib(46b3cee15136b9e3-p256_montjscalarmul.o) has version 27.0.0, which is newer than target minimum of 11.0.0
         rust-lld: /Users/kooshapari/CodeProjects/Phenotype/repos/Tracera/target/debug/deps/libaws_lc_sys-a3b019717e25f3b6.rlib(46b3cee15136b9e3-p256_montjscalarmul_alt.o) has version 27.0.0, which is newer than target minimum of 11.0.0
         rust-lld: /Users/kooshapari/CodeProjects/Phenotype/repos/Tracera/target/debug/deps/libaws_lc_sys-a3b019717e25f3b6.rlib(33b0e8a9ff3ac954-bignum_add_p384.o) has version 27.0.0, which is newer than target minimum of 11.0.0
         rust-lld: /Users/kooshapari/CodeProjects/Phenotype/repos/Tracera/target/debug/deps/libaws_lc_sys-a3b019717e25f3b6.rlib(33b0e8a9ff3ac954-bignum_deamont_p384.o) has version 27.0.0, which is newer than target minimum of 11.0.0
         rust-lld: /Users/kooshapari/CodeProjects/Phenotype/repos/Tracera/target/debug/deps/libaws_lc_sys-a3b019717e25f3b6.rlib(33b0e8a9ff3ac954-bignum_littleendian_6.o) has version 27.0.0, which is newer than target minimum of 11.0.0
         rust-lld: /Users/kooshapari/CodeProjects/Phenotype/repos/Tracera/target/debug/deps/libaws_lc_sys-a3b019717e25f3b6.rlib(33b0e8a9ff3ac954-bignum_montinv_p384.o) has version 27.0.0, which is newer than target minimum of 11.0.0
         rust-lld: /Users/kooshapari/CodeProjects/Phenotype/repos/Tracera/target/debug/deps/libaws_lc_sys-a3b019717e25f3b6.rlib(33b0e8a9ff3ac954-bignum_montmul_p384.o) has version 27.0.0, which is newer than target minimum of 11.0.0
         rust-lld: /Users/kooshapari/CodeProjects/Phenotype/repos/Tracera/target/debug/deps/libaws_lc_sys-a3b019717e25f3b6.rlib(33b0e8a9ff3ac954-bignum_montmul_p384_alt.o) has version 27.0.0, which is newer than target minimum of 11.0.0
         rust-lld: /Users/kooshapari/CodeProjects/Phenotype/repos/Tracera/target/debug/deps/libaws_lc_sys-a3b019717e25f3b6.rlib(33b0e8a9ff3ac954-bignum_montsqr_p384.o) has version 27.0.0, which is newer than target minimum of 11.0.0
         rust-lld: /Users/kooshapari/CodeProjects/Phenotype/repos/Tracera/target/debug/deps/libaws_lc_sys-a3b019717e25f3b6.rlib(33b0e8a9ff3ac954-bignum_montsqr_p384_alt.o) has version 27.0.0, which is newer than target minimum of 11.0.0
         rust-lld: /Users/kooshapari/CodeProjects/Phenotype/repos/Tracera/target/debug/deps/libaws_lc_sys-a3b019717e25f3b6.rlib(33b0e8a9ff3ac954-bignum_neg_p384.o) has version 27.0.0, which is newer than target minimum of 11.0.0
         rust-lld: /Users/kooshapari/CodeProjects/Phenotype/repos/Tracera/target/debug/deps/libaws_lc_sys-a3b019717e25f3b6.rlib(33b0e8a9ff3ac954-bignum_nonzero_6.o) has version 27.0.0, which is newer than target minimum of 11.0.0
         rust-lld: /Users/kooshapari/CodeProjects/Phenotype/repos/Tracera/target/debug/deps/libaws_lc_sys-a3b019717e25f3b6.rlib(33b0e8a9ff3ac954-bignum_sub_p384.o) has version 27.0.0, which is newer than target minimum of 11.0.0
         rust-lld: /Users/kooshapari/CodeProjects/Phenotype/repos/Tracera/target/debug/deps/libaws_lc_sys-a3b019717e25f3b6.rlib(33b0e8a9ff3ac954-bignum_tomont_p384.o) has version 27.0.0, which is newer than target minimum of 11.0.0
         rust-lld: /Users/kooshapari/CodeProjects/Phenotype/repos/Tracera/target/debug/deps/libaws_lc_sys-a3b019717e25f3b6.rlib(33b0e8a9ff3ac954-p384_montjdouble.o) has version 27.0.0, which is newer than target minimum of 11.0.0
         rust-lld: /Users/kooshapari/CodeProjects/Phenotype/repos/Tracera/target/debug/deps/libaws_lc_sys-a3b019717e25f3b6.rlib(33b0e8a9ff3ac954-p384_montjdouble_alt.o) has version 27.0.0, which is newer than target minimum of 11.0.0
         rust-lld: /Users/kooshapari/CodeProjects/Phenotype/repos/Tracera/target/debug/deps/libaws_lc_sys-a3b019717e25f3b6.rlib(33b0e8a9ff3ac954-p384_montjscalarmul.o) has version 27.0.0, which is newer than target minimum of 11.0.0
         rust-lld: /Users/kooshapari/CodeProjects/Phenotype/repos/Tracera/target/debug/deps/libaws_lc_sys-a3b019717e25f3b6.rlib(33b0e8a9ff3ac954-p384_montjscalarmul_alt.o) has version 27.0.0, which is newer than target minimum of 11.0.0
         rust-lld: /Users/kooshapari/CodeProjects/Phenotype/repos/Tracera/target/debug/deps/libaws_lc_sys-a3b019717e25f3b6.rlib(ccbabe9886131d80-bignum_add_p521.o) has version 27.0.0, which is newer than target minimum of 11.0.0
         rust-lld: /Users/kooshapari/CodeProjects/Phenotype/repos/Tracera/target/debug/deps/libaws_lc_sys-a3b019717e25f3b6.rlib(ccbabe9886131d80-bignum_fromlebytes_p521.o) has version 27.0.0, which is newer than target minimum of 11.0.0
         rust-lld: /Users/kooshapari/CodeProjects/Phenotype/repos/Tracera/target/debug/deps/libaws_lc_sys-a3b019717e25f3b6.rlib(ccbabe9886131d80-bignum_inv_p521.o) has version 27.0.0, which is newer than target minimum of 11.0.0
         rust-lld: /Users/kooshapari/CodeProjects/Phenotype/repos/Tracera/target/debug/deps/libaws_lc_sys-a3b019717e25f3b6.rlib(ccbabe9886131d80-bignum_mul_p521.o) has version 27.0.0, which is newer than target minimum of 11.0.0
         rust-lld: /Users/kooshapari/CodeProjects/Phenotype/repos/Tracera/target/debug/deps/libaws_lc_sys-a3b019717e25f3b6.rlib(ccbabe9886131d80-bignum_mul_p521_alt.o) has version 27.0.0, which is newer than target minimum of 11.0.0
         rust-lld: /Users/kooshapari/CodeProjects/Phenotype/repos/Tracera/target/debug/deps/libaws_lc_sys-a3b019717e25f3b6.rlib(ccbabe9886131d80-bignum_neg_p521.o) has version 27.0.0, which is newer than target minimum of 11.0.0
         rust-lld: /Users/kooshapari/CodeProjects/Phenotype/repos/Tracera/target/debug/deps/libaws_lc_sys-a3b019717e25f3b6.rlib(ccbabe9886131d80-bignum_sqr_p521.o) has version 27.0.0, which is newer than target minimum of 11.0.0
         rust-lld: /Users/kooshapari/CodeProjects/Phenotype/repos/Tracera/target/debug/deps/libaws_lc_sys-a3b019717e25f3b6.rlib(ccbabe9886131d80-bignum_sqr_p521_alt.o) has version 27.0.0, which is newer than target minimum of 11.0.0
         rust-lld: /Users/kooshapari/CodeProjects/Phenotype/repos/Tracera/target/debug/deps/libaws_lc_sys-a3b019717e25f3b6.rlib(ccbabe9886131d80-bignum_sub_p521.o) has version 27.0.0, which is newer than target minimum of 11.0.0
         rust-lld: /Users/kooshapari/CodeProjects/Phenotype/repos/Tracera/target/debug/deps/libaws_lc_sys-a3b019717e25f3b6.rlib(ccbabe9886131d80-bignum_tolebytes_p521.o) has version 27.0.0, which is newer than target minimum of 11.0.0
         rust-lld: /Users/kooshapari/CodeProjects/Phenotype/repos/Tracera/target/debug/deps/libaws_lc_sys-a3b019717e25f3b6.rlib(ccbabe9886131d80-p521_jdouble.o) has version 27.0.0, which is newer than target minimum of 11.0.0
         rust-lld: /Users/kooshapari/CodeProjects/Phenotype/repos/Tracera/target/debug/deps/libaws_lc_sys-a3b019717e25f3b6.rlib(ccbabe9886131d80-p521_jdouble_alt.o) has version 27.0.0, which is newer than target minimum of 11.0.0
         rust-lld: /Users/kooshapari/CodeProjects/Phenotype/repos/Tracera/target/debug/deps/libaws_lc_sys-a3b019717e25f3b6.rlib(ccbabe9886131d80-p521_jscalarmul.o) has version 27.0.0, which is newer than target minimum of 11.0.0
         rust-lld: /Users/kooshapari/CodeProjects/Phenotype/repos/Tracera/target/debug/deps/libaws_lc_sys-a3b019717e25f3b6.rlib(ccbabe9886131d80-p521_jscalarmul_alt.o) has version 27.0.0, which is newer than target minimum of 11.0.0
         rust-lld: /Users/kooshapari/CodeProjects/Phenotype/repos/Tracera/target/debug/deps/libaws_lc_sys-a3b019717e25f3b6.rlib(ac9a06e0f1f9cd7d-sha3_keccak2_f1600.o) has version 27.0.0, which is newer than target minimum of 11.0.0
         rust-lld: /Users/kooshapari/CodeProjects/Phenotype/repos/Tracera/target/debug/deps/libaws_lc_sys-a3b019717e25f3b6.rlib(ac9a06e0f1f9cd7d-sha3_keccak4_f1600_alt.o) has version 27.0.0, which is newer than target minimum of 11.0.0
         rust-lld: /Users/kooshapari/CodeProjects/Phenotype/repos/Tracera/target/debug/deps/libaws_lc_sys-a3b019717e25f3b6.rlib(ac9a06e0f1f9cd7d-sha3_keccak4_f1600_alt2.o) has version 27.0.0, which is newer than target minimum of 11.0.0
         rust-lld: /Users/kooshapari/CodeProjects/Phenotype/repos/Tracera/target/debug/deps/libaws_lc_sys-a3b019717e25f3b6.rlib(ac9a06e0f1f9cd7d-sha3_keccak_f1600.o) has version 27.0.0, which is newer than target minimum of 11.0.0
         rust-lld: /Users/kooshapari/CodeProjects/Phenotype/repos/Tracera/target/debug/deps/libaws_lc_sys-a3b019717e25f3b6.rlib(ac9a06e0f1f9cd7d-sha3_keccak_f1600_alt.o) has version 27.0.0, which is newer than target minimum of 11.0.0
         rust-lld: /Users/kooshapari/CodeProjects/Phenotype/repos/Tracera/target/debug/deps/libaws_lc_sys-a3b019717e25f3b6.rlib(e9338ebcd69164a9-aes-xts-dec.o) has version 27.0.0, which is newer than target minimum of 11.0.0
         rust-lld: /Users/kooshapari/CodeProjects/Phenotype/repos/Tracera/target/debug/deps/libaws_lc_sys-a3b019717e25f3b6.rlib(e9338ebcd69164a9-aes-xts-enc.o) has version 27.0.0, which is newer than target minimum of 11.0.0
         rust-lld: /Users/kooshapari/CodeProjects/Phenotype/repos/Tracera/target/debug/deps/libaws_lc_sys-a3b019717e25f3b6.rlib(2d40dbbd793ef942-jitterentropy-base.o) has version 27.0.0, which is newer than target minimum of 11.0.0
         rust-lld: /Users/kooshapari/CodeProjects/Phenotype/repos/Tracera/target/debug/deps/libaws_lc_sys-a3b019717e25f3b6.rlib(2d40dbbd793ef942-jitterentropy-gcd.o) has version 27.0.0, which is newer than target minimum of 11.0.0
         rust-lld: /Users/kooshapari/CodeProjects/Phenotype/repos/Tracera/target/debug/deps/libaws_lc_sys-a3b019717e25f3b6.rlib(2d40dbbd793ef942-jitterentropy-health.o) has version 27.0.0, which is newer than target minimum of 11.0.0
         rust-lld: /Users/kooshapari/CodeProjects/Phenotype/repos/Tracera/target/debug/deps/libaws_lc_sys-a3b019717e25f3b6.rlib(2d40dbbd793ef942-jitterentropy-noise.o) has version 27.0.0, which is newer than target minimum of 11.0.0
         rust-lld: /Users/kooshapari/CodeProjects/Phenotype/repos/Tracera/target/debug/deps/libaws_lc_sys-a3b019717e25f3b6.rlib(2d40dbbd793ef942-jitterentropy-sha3.o) has version 27.0.0, which is newer than target minimum of 11.0.0
         rust-lld: Option `-no_compact_unwind' is undocumented. Should lld implement it?
  |
  = note: `#[warn(linker_messages)]` on by default

warning: `tracera-cli` (bin "tracera" test) generated 3 warnings
    Finished `test` profile [unoptimized + debuginfo] target(s) in 0.57s
     Running unittests src/main.rs (target/debug/deps/tracera-b6c1bea7597e8c5e)
     Running unittests src/lib.rs (target/debug/deps/tracera_edge-02c3ecacd6eac335)
     Running unittests src/main.rs (target/debug/deps/tracera_server-23540d47ebedc48f)
     Running unittests src/main.rs (target/debug/deps/tracertm_mcp-9036f34d754adca9)
warning: linker stderr: rust-lld: Option `-no_compact_unwind' is undocumented. Should lld implement it?
  |
  = note: `#[warn(linker_messages)]` on by default

warning: `tracertm-mcp` (bin "tracertm-mcp" test) generated 1 warning
warning: linker stderr: rust-lld: /Users/kooshapari/CodeProjects/Phenotype/repos/Tracera/target/debug/deps/libaws_lc_sys-a3b019717e25f3b6.rlib(7a596fe31a02c0e2-convert.o) has version 27.0.0, which is newer than target minimum of 11.0.0
         rust-lld: /Users/kooshapari/CodeProjects/Phenotype/repos/Tracera/target/debug/deps/libaws_lc_sys-a3b019717e25f3b6.rlib(76322f89f5cc2d96-bio.o) has version 27.0.0, which is newer than target minimum of 11.0.0
         rust-lld: /Users/kooshapari/CodeProjects/Phenotype/repos/Tracera/target/debug/deps/libaws_lc_sys-a3b019717e25f3b6.rlib(76322f89f5cc2d96-file.o) has version 27.0.0, which is newer than target minimum of 11.0.0
         rust-lld: /Users/kooshapari/CodeProjects/Phenotype/repos/Tracera/target/debug/deps/libaws_lc_sys-a3b019717e25f3b6.rlib(c4fcddba145918af-cbb.o) has version 27.0.0, which is newer than target minimum of 11.0.0
         rust-lld: /Users/kooshapari/CodeProjects/Phenotype/repos/Tracera/target/debug/deps/libaws_lc_sys-a3b019717e25f3b6.rlib(c4fcddba145918af-cbs.o) has version 27.0.0, which is newer than target minimum of 11.0.0
         rust-lld: /Users/kooshapari/CodeProjects/Phenotype/repos/Tracera/target/debug/deps/libaws_lc_sys-a3b019717e25f3b6.rlib(bc1b343226bc6a17-posix_time.o) has version 27.0.0, which is newer than target minimum of 11.0.0
         rust-lld: /Users/kooshapari/CodeProjects/Phenotype/repos/Tracera/target/debug/deps/libaws_lc_sys-a3b019717e25f3b6.rlib(a6455f51a2435c3f-chacha.o) has version 27.0.0, which is newer than target minimum of 11.0.0
         rust-lld: /Users/kooshapari/CodeProjects/Phenotype/repos/Tracera/target/debug/deps/libaws_lc_sys-a3b019717e25f3b6.rlib(89981633f66afe17-e_aesgcmsiv.o) has version 27.0.0, which is newer than target minimum of 11.0.0
         rust-lld: /Users/kooshapari/CodeProjects/Phenotype/repos/Tracera/target/debug/deps/libaws_lc_sys-a3b019717e25f3b6.rlib(89981633f66afe17-e_chacha20poly1305.o) has version 27.0.0, which is newer than target minimum of 11.0.0
         rust-lld: /Users/kooshapari/CodeProjects/Phenotype/repos/Tracera/target/debug/deps/libaws_lc_sys-a3b019717e25f3b6.rlib(89981633f66afe17-e_des.o) has version 27.0.0, which is newer than target minimum of 11.0.0
         rust-lld: /Users/kooshapari/CodeProjects/Phenotype/repos/Tracera/target/debug/deps/libaws_lc_sys-a3b019717e25f3b6.rlib(30a9a10d3f98970e-crypto.o) has version 27.0.0, which is newer than target minimum of 11.0.0
         rust-lld: /Users/kooshapari/CodeProjects/Phenotype/repos/Tracera/target/debug/deps/libaws_lc_sys-a3b019717e25f3b6.rlib(175e87304cd4663c-cfb.o) has version 27.0.0, which is newer than target minimum of 11.0.0
         rust-lld: /Users/kooshapari/CodeProjects/Phenotype/repos/Tracera/target/debug/deps/libaws_lc_sys-a3b019717e25f3b6.rlib(da5030c6f3330e8d-des.o) has version 27.0.0, which is newer than target minimum of 11.0.0
         rust-lld: /Users/kooshapari/CodeProjects/Phenotype/repos/Tracera/target/debug/deps/libaws_lc_sys-a3b019717e25f3b6.rlib(0c919c82d61b4518-ecdsa_asn1.o) has version 27.0.0, which is newer than target minimum of 11.0.0
         rust-lld: /Users/kooshapari/CodeProjects/Phenotype/repos/Tracera/target/debug/deps/libaws_lc_sys-a3b019717e25f3b6.rlib(7a596fe31a02c0e2-bn_asn1.o) has version 27.0.0, which is newer than target minimum of 11.0.0
         rust-lld: /Users/kooshapari/CodeProjects/Phenotype/repos/Tracera/target/debug/deps/libaws_lc_sys-a3b019717e25f3b6.rlib(c4fcddba145918af-asn1_compat.o) has version 27.0.0, which is newer than target minimum of 11.0.0
         rust-lld: /Users/kooshapari/CodeProjects/Phenotype/repos/Tracera/target/debug/deps/libaws_lc_sys-a3b019717e25f3b6.rlib(dfe446faf29f8012-ec_asn1.o) has version 27.0.0, which is newer than target minimum of 11.0.0
         rust-lld: /Users/kooshapari/CodeProjects/Phenotype/repos/Tracera/target/debug/deps/libaws_lc_sys-a3b019717e25f3b6.rlib(a3e95cd5f24d649a-err.o) has version 27.0.0, which is newer than target minimum of 11.0.0
         rust-lld: /Users/kooshapari/CodeProjects/Phenotype/repos/Tracera/target/debug/deps/libaws_lc_sys-a3b019717e25f3b6.rlib(7510312e0f5aa0be-evp_asn1.o) has version 27.0.0, which is newer than target minimum of 11.0.0
         rust-lld: /Users/kooshapari/CodeProjects/Phenotype/repos/Tracera/target/debug/deps/libaws_lc_sys-a3b019717e25f3b6.rlib(fb1f39df2ea6f08f-dsa.o) has version 27.0.0, which is newer than target minimum of 11.0.0
         rust-lld: /Users/kooshapari/CodeProjects/Phenotype/repos/Tracera/target/debug/deps/libaws_lc_sys-a3b019717e25f3b6.rlib(fb1f39df2ea6f08f-dsa_asn1.o) has version 27.0.0, which is newer than target minimum of 11.0.0
         rust-lld: /Users/kooshapari/CodeProjects/Phenotype/repos/Tracera/target/debug/deps/libaws_lc_sys-a3b019717e25f3b6.rlib(7510312e0f5aa0be-print.o) has version 27.0.0, which is newer than target minimum of 11.0.0
         rust-lld: /Users/kooshapari/CodeProjects/Phenotype/repos/Tracera/target/debug/deps/libaws_lc_sys-a3b019717e25f3b6.rlib(76322f89f5cc2d96-printf.o) has version 27.0.0, which is newer than target minimum of 11.0.0
         rust-lld: /Users/kooshapari/CodeProjects/Phenotype/repos/Tracera/target/debug/deps/libaws_lc_sys-a3b019717e25f3b6.rlib(7510312e0f5aa0be-p_methods.o) has version 27.0.0, which is newer than target minimum of 11.0.0
         rust-lld: /Users/kooshapari/CodeProjects/Phenotype/repos/Tracera/target/debug/deps/libaws_lc_sys-a3b019717e25f3b6.rlib(7510312e0f5aa0be-p_dh_asn1.o) has version 27.0.0, which is newer than target minimum of 11.0.0
         rust-lld: /Users/kooshapari/CodeProjects/Phenotype/repos/Tracera/target/debug/deps/libaws_lc_sys-a3b019717e25f3b6.rlib(c1300545a7d60e2b-dh_asn1.o) has version 27.0.0, which is newer than target minimum of 11.0.0
         rust-lld: /Users/kooshapari/CodeProjects/Phenotype/repos/Tracera/target/debug/deps/libaws_lc_sys-a3b019717e25f3b6.rlib(7510312e0f5aa0be-p_dh.o) has version 27.0.0, which is newer than target minimum of 11.0.0
         rust-lld: /Users/kooshapari/CodeProjects/Phenotype/repos/Tracera/target/debug/deps/libaws_lc_sys-a3b019717e25f3b6.rlib(c1300545a7d60e2b-params.o) has version 27.0.0, which is newer than target minimum of 11.0.0
         rust-lld: /Users/kooshapari/CodeProjects/Phenotype/repos/Tracera/target/debug/deps/libaws_lc_sys-a3b019717e25f3b6.rlib(7510312e0f5aa0be-p_dsa_asn1.o) has version 27.0.0, which is newer than target minimum of 11.0.0
         rust-lld: /Users/kooshapari/CodeProjects/Phenotype/repos/Tracera/target/debug/deps/libaws_lc_sys-a3b019717e25f3b6.rlib(7510312e0f5aa0be-p_dsa.o) has version 27.0.0, which is newer than target minimum of 11.0.0
         rust-lld: /Users/kooshapari/CodeProjects/Phenotype/repos/Tracera/target/debug/deps/libaws_lc_sys-a3b019717e25f3b6.rlib(e71c6558e17b1ce7-digest_extra.o) has version 27.0.0, which is newer than target minimum of 11.0.0
         rust-lld: /Users/kooshapari/CodeProjects/Phenotype/repos/Tracera/target/debug/deps/libaws_lc_sys-a3b019717e25f3b6.rlib(62e235b24f99f4ff-blake2.o) has version 27.0.0, which is newer than target minimum of 11.0.0
         rust-lld: /Users/kooshapari/CodeProjects/Phenotype/repos/Tracera/target/debug/deps/libaws_lc_sys-a3b019717e25f3b6.rlib(7510312e0f5aa0be-p_ec_asn1.o) has version 27.0.0, which is newer than target minimum of 11.0.0
         rust-lld: /Users/kooshapari/CodeProjects/Phenotype/repos/Tracera/target/debug/deps/libaws_lc_sys-a3b019717e25f3b6.rlib(7510312e0f5aa0be-p_ed25519_asn1.o) has version 27.0.0, which is newer than target minimum of 11.0.0
         rust-lld: /Users/kooshapari/CodeProjects/Phenotype/repos/Tracera/target/debug/deps/libaws_lc_sys-a3b019717e25f3b6.rlib(7510312e0f5aa0be-p_hmac_asn1.o) has version 27.0.0, which is newer than target minimum of 11.0.0
         rust-lld: /Users/kooshapari/CodeProjects/Phenotype/repos/Tracera/target/debug/deps/libaws_lc_sys-a3b019717e25f3b6.rlib(7510312e0f5aa0be-p_kem_asn1.o) has version 27.0.0, which is newer than target minimum of 11.0.0
         rust-lld: /Users/kooshapari/CodeProjects/Phenotype/repos/Tracera/target/debug/deps/libaws_lc_sys-a3b019717e25f3b6.rlib(7510312e0f5aa0be-p_pqdsa_asn1.o) has version 27.0.0, which is newer than target minimum of 11.0.0
         rust-lld: /Users/kooshapari/CodeProjects/Phenotype/repos/Tracera/target/debug/deps/libaws_lc_sys-a3b019717e25f3b6.rlib(7510312e0f5aa0be-p_rsa_asn1.o) has version 27.0.0, which is newer than target minimum of 11.0.0
         rust-lld: /Users/kooshapari/CodeProjects/Phenotype/repos/Tracera/target/debug/deps/libaws_lc_sys-a3b019717e25f3b6.rlib(7510312e0f5aa0be-p_x25519.o) has version 27.0.0, which is newer than target minimum of 11.0.0
         rust-lld: /Users/kooshapari/CodeProjects/Phenotype/repos/Tracera/target/debug/deps/libaws_lc_sys-a3b019717e25f3b6.rlib(7510312e0f5aa0be-p_x25519_asn1.o) has version 27.0.0, which is newer than target minimum of 11.0.0
         rust-lld: /Users/kooshapari/CodeProjects/Phenotype/repos/Tracera/target/debug/deps/libaws_lc_sys-a3b019717e25f3b6.rlib(30a9a10d3f98970e-ex_data.o) has version 27.0.0, which is newer than target minimum of 11.0.0
         rust-lld: /Users/kooshapari/CodeProjects/Phenotype/repos/Tracera/target/debug/deps/libaws_lc_sys-a3b019717e25f3b6.rlib(f8e4fd781484bd36-bcm.o) has version 27.0.0, which is newer than target minimum of 11.0.0
         rust-lld: /Users/kooshapari/CodeProjects/Phenotype/repos/Tracera/target/debug/deps/libaws_lc_sys-a3b019717e25f3b6.rlib(dcb7d53a9be33b0c-engine.o) has version 27.0.0, which is newer than target minimum of 11.0.0
         rust-lld: /Users/kooshapari/CodeProjects/Phenotype/repos/Tracera/target/debug/deps/libaws_lc_sys-a3b019717e25f3b6.rlib(199386740f3660f1-ripemd.o) has version 27.0.0, which is newer than target minimum of 11.0.0
         rust-lld: /Users/kooshapari/CodeProjects/Phenotype/repos/Tracera/target/debug/deps/libaws_lc_sys-a3b019717e25f3b6.rlib(763c374fde874a6d-console.o) has version 27.0.0, which is newer than target minimum of 11.0.0
         rust-lld: /Users/kooshapari/CodeProjects/Phenotype/repos/Tracera/target/debug/deps/libaws_lc_sys-a3b019717e25f3b6.rlib(001247bc65c2f5e5-cpucap.o) has version 27.0.0, which is newer than target minimum of 11.0.0
         rust-lld: /Users/kooshapari/CodeProjects/Phenotype/repos/Tracera/target/debug/deps/libaws_lc_sys-a3b019717e25f3b6.rlib(6e985d8b17b56a49-md4.o) has version 27.0.0, which is newer than target minimum of 11.0.0
         rust-lld: /Users/kooshapari/CodeProjects/Phenotype/repos/Tracera/target/debug/deps/libaws_lc_sys-a3b019717e25f3b6.rlib(30a9a10d3f98970e-mem.o) has version 27.0.0, which is newer than target minimum of 11.0.0
         rust-lld: /Users/kooshapari/CodeProjects/Phenotype/repos/Tracera/target/debug/deps/libaws_lc_sys-a3b019717e25f3b6.rlib(7ac4c9359514b807-obj.o) has version 27.0.0, which is newer than target minimum of 11.0.0
         rust-lld: /Users/kooshapari/CodeProjects/Phenotype/repos/Tracera/target/debug/deps/libaws_lc_sys-a3b019717e25f3b6.rlib(bc1b343226bc6a17-a_object.o) has version 27.0.0, which is newer than target minimum of 11.0.0
         rust-lld: /Users/kooshapari/CodeProjects/Phenotype/repos/Tracera/target/debug/deps/libaws_lc_sys-a3b019717e25f3b6.rlib(ea2b51a0b6630529-lhash.o) has version 27.0.0, which is newer than target minimum of 11.0.0
         rust-lld: /Users/kooshapari/CodeProjects/Phenotype/repos/Tracera/target/debug/deps/libaws_lc_sys-a3b019717e25f3b6.rlib(7ac4c9359514b807-obj_xref.o) has version 27.0.0, which is newer than target minimum of 11.0.0
         rust-lld: /Users/kooshapari/CodeProjects/Phenotype/repos/Tracera/target/debug/deps/libaws_lc_sys-a3b019717e25f3b6.rlib(5d4700fda13603f0-poly1305.o) has version 27.0.0, which is newer than target minimum of 11.0.0
         rust-lld: /Users/kooshapari/CodeProjects/Phenotype/repos/Tracera/target/debug/deps/libaws_lc_sys-a3b019717e25f3b6.rlib(7bf3e571b6558a6b-getentropy.o) has version 27.0.0, which is newer than target minimum of 11.0.0
         rust-lld: /Users/kooshapari/CodeProjects/Phenotype/repos/Tracera/target/debug/deps/libaws_lc_sys-a3b019717e25f3b6.rlib(7bf3e571b6558a6b-vm_ube_fallback.o) has version 27.0.0, which is newer than target minimum of 11.0.0
         rust-lld: /Users/kooshapari/CodeProjects/Phenotype/repos/Tracera/target/debug/deps/libaws_lc_sys-a3b019717e25f3b6.rlib(30a9a10d3f98970e-refcount_c11.o) has version 27.0.0, which is newer than target minimum of 11.0.0
         rust-lld: /Users/kooshapari/CodeProjects/Phenotype/repos/Tracera/target/debug/deps/libaws_lc_sys-a3b019717e25f3b6.rlib(b0fd2550ab09b04e-rsassa_pss_asn1.o) has version 27.0.0, which is newer than target minimum of 11.0.0
         rust-lld: /Users/kooshapari/CodeProjects/Phenotype/repos/Tracera/target/debug/deps/libaws_lc_sys-a3b019717e25f3b6.rlib(b0fd2550ab09b04e-rsa_asn1.o) has version 27.0.0, which is newer than target minimum of 11.0.0
         rust-lld: /Users/kooshapari/CodeProjects/Phenotype/repos/Tracera/target/debug/deps/libaws_lc_sys-a3b019717e25f3b6.rlib(b0fd2550ab09b04e-rsa_crypt.o) has version 27.0.0, which is newer than target minimum of 11.0.0
         rust-lld: /Users/kooshapari/CodeProjects/Phenotype/repos/Tracera/target/debug/deps/libaws_lc_sys-a3b019717e25f3b6.rlib(60df219e9fcbc210-stack.o) has version 27.0.0, which is newer than target minimum of 11.0.0
         rust-lld: /Users/kooshapari/CodeProjects/Phenotype/repos/Tracera/target/debug/deps/libaws_lc_sys-a3b019717e25f3b6.rlib(30a9a10d3f98970e-thread_pthread.o) has version 27.0.0, which is newer than target minimum of 11.0.0
         rust-lld: /Users/kooshapari/CodeProjects/Phenotype/repos/Tracera/target/debug/deps/libaws_lc_sys-a3b019717e25f3b6.rlib(45070f5a112d041b-fork_ube_detect.o) has version 27.0.0, which is newer than target minimum of 11.0.0
         rust-lld: /Users/kooshapari/CodeProjects/Phenotype/repos/Tracera/target/debug/deps/libaws_lc_sys-a3b019717e25f3b6.rlib(45070f5a112d041b-ube.o) has version 27.0.0, which is newer than target minimum of 11.0.0
         rust-lld: /Users/kooshapari/CodeProjects/Phenotype/repos/Tracera/target/debug/deps/libaws_lc_sys-a3b019717e25f3b6.rlib(45070f5a112d041b-vm_ube_detect.o) has version 27.0.0, which is newer than target minimum of 11.0.0
         rust-lld: /Users/kooshapari/CodeProjects/Phenotype/repos/Tracera/target/debug/deps/libaws_lc_sys-a3b019717e25f3b6.rlib(c2f744a0f6403e0c-err_data.o) has version 27.0.0, which is newer than target minimum of 11.0.0
         rust-lld: /Users/kooshapari/CodeProjects/Phenotype/repos/Tracera/target/debug/deps/libaws_lc_sys-a3b019717e25f3b6.rlib(044d1b1af49c8a28-intt_aarch64_asm.o) has version 27.0.0, which is newer than target minimum of 11.0.0
         rust-lld: /Users/kooshapari/CodeProjects/Phenotype/repos/Tracera/target/debug/deps/libaws_lc_sys-a3b019717e25f3b6.rlib(044d1b1af49c8a28-mld_polyvecl_pointwise_acc_montgomery_l4_aarch64_asm.o) has version 27.0.0, which is newer than target minimum of 11.0.0
         rust-lld: /Users/kooshapari/CodeProjects/Phenotype/repos/Tracera/target/debug/deps/libaws_lc_sys-a3b019717e25f3b6.rlib(044d1b1af49c8a28-mld_polyvecl_pointwise_acc_montgomery_l5_aarch64_asm.o) has version 27.0.0, which is newer than target minimum of 11.0.0
         rust-lld: /Users/kooshapari/CodeProjects/Phenotype/repos/Tracera/target/debug/deps/libaws_lc_sys-a3b019717e25f3b6.rlib(044d1b1af49c8a28-mld_polyvecl_pointwise_acc_montgomery_l7_aarch64_asm.o) has version 27.0.0, which is newer than target minimum of 11.0.0
         rust-lld: /Users/kooshapari/CodeProjects/Phenotype/repos/Tracera/target/debug/deps/libaws_lc_sys-a3b019717e25f3b6.rlib(044d1b1af49c8a28-ntt_aarch64_asm.o) has version 27.0.0, which is newer than target minimum of 11.0.0
         rust-lld: /Users/kooshapari/CodeProjects/Phenotype/repos/Tracera/target/debug/deps/libaws_lc_sys-a3b019717e25f3b6.rlib(044d1b1af49c8a28-pointwise_montgomery_aarch64_asm.o) has version 27.0.0, which is newer than target minimum of 11.0.0
         rust-lld: /Users/kooshapari/CodeProjects/Phenotype/repos/Tracera/target/debug/deps/libaws_lc_sys-a3b019717e25f3b6.rlib(044d1b1af49c8a28-polyz_unpack_17_aarch64_asm.o) has version 27.0.0, which is newer than target minimum of 11.0.0
         rust-lld: /Users/kooshapari/CodeProjects/Phenotype/repos/Tracera/target/debug/deps/libaws_lc_sys-a3b019717e25f3b6.rlib(044d1b1af49c8a28-polyz_unpack_19_aarch64_asm.o) has version 27.0.0, which is newer than target minimum of 11.0.0
         rust-lld: /Users/kooshapari/CodeProjects/Phenotype/repos/Tracera/target/debug/deps/libaws_lc_sys-a3b019717e25f3b6.rlib(044d1b1af49c8a28-poly_caddq_aarch64_asm.o) has version 27.0.0, which is newer than target minimum of 11.0.0
         rust-lld: /Users/kooshapari/CodeProjects/Phenotype/repos/Tracera/target/debug/deps/libaws_lc_sys-a3b019717e25f3b6.rlib(044d1b1af49c8a28-poly_chknorm_aarch64_asm.o) has version 27.0.0, which is newer than target minimum of 11.0.0
         rust-lld: /Users/kooshapari/CodeProjects/Phenotype/repos/Tracera/target/debug/deps/libaws_lc_sys-a3b019717e25f3b6.rlib(044d1b1af49c8a28-poly_decompose_32_aarch64_asm.o) has version 27.0.0, which is newer than target minimum of 11.0.0
         rust-lld: /Users/kooshapari/CodeProjects/Phenotype/repos/Tracera/target/debug/deps/libaws_lc_sys-a3b019717e25f3b6.rlib(044d1b1af49c8a28-poly_decompose_88_aarch64_asm.o) has version 27.0.0, which is newer than target minimum of 11.0.0
         rust-lld: /Users/kooshapari/CodeProjects/Phenotype/repos/Tracera/target/debug/deps/libaws_lc_sys-a3b019717e25f3b6.rlib(044d1b1af49c8a28-poly_use_hint_32_aarch64_asm.o) has version 27.0.0, which is newer than target minimum of 11.0.0
         rust-lld: /Users/kooshapari/CodeProjects/Phenotype/repos/Tracera/target/debug/deps/libaws_lc_sys-a3b019717e25f3b6.rlib(044d1b1af49c8a28-poly_use_hint_88_aarch64_asm.o) has version 27.0.0, which is newer than target minimum of 11.0.0
         rust-lld: /Users/kooshapari/CodeProjects/Phenotype/repos/Tracera/target/debug/deps/libaws_lc_sys-a3b019717e25f3b6.rlib(044d1b1af49c8a28-rej_uniform_aarch64_asm.o) has version 27.0.0, which is newer than target minimum of 11.0.0
         rust-lld: /Users/kooshapari/CodeProjects/Phenotype/repos/Tracera/target/debug/deps/libaws_lc_sys-a3b019717e25f3b6.rlib(044d1b1af49c8a28-rej_uniform_eta2_aarch64_asm.o) has version 27.0.0, which is newer than target minimum of 11.0.0
         rust-lld: /Users/kooshapari/CodeProjects/Phenotype/repos/Tracera/target/debug/deps/libaws_lc_sys-a3b019717e25f3b6.rlib(044d1b1af49c8a28-rej_uniform_eta4_aarch64_asm.o) has version 27.0.0, which is newer than target minimum of 11.0.0
         rust-lld: /Users/kooshapari/CodeProjects/Phenotype/repos/Tracera/target/debug/deps/libaws_lc_sys-a3b019717e25f3b6.rlib(7a51880ffa82f69b-intt.o) has version 27.0.0, which is newer than target minimum of 11.0.0
         rust-lld: /Users/kooshapari/CodeProjects/Phenotype/repos/Tracera/target/debug/deps/libaws_lc_sys-a3b019717e25f3b6.rlib(7a51880ffa82f69b-ntt.o) has version 27.0.0, which is newer than target minimum of 11.0.0
         rust-lld: /Users/kooshapari/CodeProjects/Phenotype/repos/Tracera/target/debug/deps/libaws_lc_sys-a3b019717e25f3b6.rlib(7a51880ffa82f69b-polyvec_basemul_acc_montgomery_cached_asm_k2.o) has version 27.0.0, which is newer than target minimum of 11.0.0
         rust-lld: /Users/kooshapari/CodeProjects/Phenotype/repos/Tracera/target/debug/deps/libaws_lc_sys-a3b019717e25f3b6.rlib(7a51880ffa82f69b-polyvec_basemul_acc_montgomery_cached_asm_k3.o) has version 27.0.0, which is newer than target minimum of 11.0.0
         rust-lld: /Users/kooshapari/CodeProjects/Phenotype/repos/Tracera/target/debug/deps/libaws_lc_sys-a3b019717e25f3b6.rlib(7a51880ffa82f69b-polyvec_basemul_acc_montgomery_cached_asm_k4.o) has version 27.0.0, which is newer than target minimum of 11.0.0
         rust-lld: /Users/kooshapari/CodeProjects/Phenotype/repos/Tracera/target/debug/deps/libaws_lc_sys-a3b019717e25f3b6.rlib(7a51880ffa82f69b-poly_mulcache_compute_asm.o) has version 27.0.0, which is newer than target minimum of 11.0.0
         rust-lld: /Users/kooshapari/CodeProjects/Phenotype/repos/Tracera/target/debug/deps/libaws_lc_sys-a3b019717e25f3b6.rlib(7a51880ffa82f69b-poly_reduce_asm.o) has version 27.0.0, which is newer than target minimum of 11.0.0
         rust-lld: /Users/kooshapari/CodeProjects/Phenotype/repos/Tracera/target/debug/deps/libaws_lc_sys-a3b019717e25f3b6.rlib(7a51880ffa82f69b-poly_tobytes_asm.o) has version 27.0.0, which is newer than target minimum of 11.0.0
         rust-lld: /Users/kooshapari/CodeProjects/Phenotype/repos/Tracera/target/debug/deps/libaws_lc_sys-a3b019717e25f3b6.rlib(7a51880ffa82f69b-poly_tomont_asm.o) has version 27.0.0, which is newer than target minimum of 11.0.0
         rust-lld: /Users/kooshapari/CodeProjects/Phenotype/repos/Tracera/target/debug/deps/libaws_lc_sys-a3b019717e25f3b6.rlib(7a51880ffa82f69b-rej_uniform_asm.o) has version 27.0.0, which is newer than target minimum of 11.0.0
         rust-lld: /Users/kooshapari/CodeProjects/Phenotype/repos/Tracera/target/debug/deps/libaws_lc_sys-a3b019717e25f3b6.rlib(6cb977b152c40450-chacha-armv8.o) has version 27.0.0, which is newer than target minimum of 11.0.0
         rust-lld: /Users/kooshapari/CodeProjects/Phenotype/repos/Tracera/target/debug/deps/libaws_lc_sys-a3b019717e25f3b6.rlib(c53e8c40df789e0d-chacha20_poly1305_armv8.o) has version 27.0.0, which is newer than target minimum of 11.0.0
         rust-lld: /Users/kooshapari/CodeProjects/Phenotype/repos/Tracera/target/debug/deps/libaws_lc_sys-a3b019717e25f3b6.rlib(c4391ac3c46825d6-aesv8-armx.o) has version 27.0.0, which is newer than target minimum of 11.0.0
         rust-lld: /Users/kooshapari/CodeProjects/Phenotype/repos/Tracera/target/debug/deps/libaws_lc_sys-a3b019717e25f3b6.rlib(c4391ac3c46825d6-aesv8-gcm-armv8-unroll8.o) has version 27.0.0, which is newer than target minimum of 11.0.0
         rust-lld: /Users/kooshapari/CodeProjects/Phenotype/repos/Tracera/target/debug/deps/libaws_lc_sys-a3b019717e25f3b6.rlib(c4391ac3c46825d6-aesv8-gcm-armv8.o) has version 27.0.0, which is newer than target minimum of 11.0.0
         rust-lld: /Users/kooshapari/CodeProjects/Phenotype/repos/Tracera/target/debug/deps/libaws_lc_sys-a3b019717e25f3b6.rlib(c4391ac3c46825d6-armv8-mont.o) has version 27.0.0, which is newer than target minimum of 11.0.0
         rust-lld: /Users/kooshapari/CodeProjects/Phenotype/repos/Tracera/target/debug/deps/libaws_lc_sys-a3b019717e25f3b6.rlib(c4391ac3c46825d6-bn-armv8.o) has version 27.0.0, which is newer than target minimum of 11.0.0
         rust-lld: /Users/kooshapari/CodeProjects/Phenotype/repos/Tracera/target/debug/deps/libaws_lc_sys-a3b019717e25f3b6.rlib(c4391ac3c46825d6-ghash-neon-armv8.o) has version 27.0.0, which is newer than target minimum of 11.0.0
         rust-lld: /Users/kooshapari/CodeProjects/Phenotype/repos/Tracera/target/debug/deps/libaws_lc_sys-a3b019717e25f3b6.rlib(c4391ac3c46825d6-ghashv8-armx.o) has version 27.0.0, which is newer than target minimum of 11.0.0
         rust-lld: /Users/kooshapari/CodeProjects/Phenotype/repos/Tracera/target/debug/deps/libaws_lc_sys-a3b019717e25f3b6.rlib(c4391ac3c46825d6-keccak1600-armv8.o) has version 27.0.0, which is newer than target minimum of 11.0.0
         rust-lld: /Users/kooshapari/CodeProjects/Phenotype/repos/Tracera/target/debug/deps/libaws_lc_sys-a3b019717e25f3b6.rlib(c4391ac3c46825d6-md5-armv8.o) has version 27.0.0, which is newer than target minimum of 11.0.0
         rust-lld: /Users/kooshapari/CodeProjects/Phenotype/repos/Tracera/target/debug/deps/libaws_lc_sys-a3b019717e25f3b6.rlib(c4391ac3c46825d6-p256-armv8-asm.o) has version 27.0.0, which is newer than target minimum of 11.0.0
         rust-lld: /Users/kooshapari/CodeProjects/Phenotype/repos/Tracera/target/debug/deps/libaws_lc_sys-a3b019717e25f3b6.rlib(c4391ac3c46825d6-p256_beeu-armv8-asm.o) has version 27.0.0, which is newer than target minimum of 11.0.0
         rust-lld: /Users/kooshapari/CodeProjects/Phenotype/repos/Tracera/target/debug/deps/libaws_lc_sys-a3b019717e25f3b6.rlib(c4391ac3c46825d6-rndr-armv8.o) has version 27.0.0, which is newer than target minimum of 11.0.0
         rust-lld: /Users/kooshapari/CodeProjects/Phenotype/repos/Tracera/target/debug/deps/libaws_lc_sys-a3b019717e25f3b6.rlib(c4391ac3c46825d6-sha1-armv8.o) has version 27.0.0, which is newer than target minimum of 11.0.0
         rust-lld: /Users/kooshapari/CodeProjects/Phenotype/repos/Tracera/target/debug/deps/libaws_lc_sys-a3b019717e25f3b6.rlib(c4391ac3c46825d6-sha256-armv8.o) has version 27.0.0, which is newer than target minimum of 11.0.0
         rust-lld: /Users/kooshapari/CodeProjects/Phenotype/repos/Tracera/target/debug/deps/libaws_lc_sys-a3b019717e25f3b6.rlib(c4391ac3c46825d6-sha512-armv8.o) has version 27.0.0, which is newer than target minimum of 11.0.0
         rust-lld: /Users/kooshapari/CodeProjects/Phenotype/repos/Tracera/target/debug/deps/libaws_lc_sys-a3b019717e25f3b6.rlib(c4391ac3c46825d6-vpaes-armv8.o) has version 27.0.0, which is newer than target minimum of 11.0.0
         rust-lld: /Users/kooshapari/CodeProjects/Phenotype/repos/Tracera/target/debug/deps/libaws_lc_sys-a3b019717e25f3b6.rlib(2a065450252c12f3-bignum_madd_n25519.o) has version 27.0.0, which is newer than target minimum of 11.0.0
         rust-lld: /Users/kooshapari/CodeProjects/Phenotype/repos/Tracera/target/debug/deps/libaws_lc_sys-a3b019717e25f3b6.rlib(2a065450252c12f3-bignum_madd_n25519_alt.o) has version 27.0.0, which is newer than target minimum of 11.0.0
         rust-lld: /Users/kooshapari/CodeProjects/Phenotype/repos/Tracera/target/debug/deps/libaws_lc_sys-a3b019717e25f3b6.rlib(2a065450252c12f3-bignum_mod_n25519.o) has version 27.0.0, which is newer than target minimum of 11.0.0
         rust-lld: /Users/kooshapari/CodeProjects/Phenotype/repos/Tracera/target/debug/deps/libaws_lc_sys-a3b019717e25f3b6.rlib(2a065450252c12f3-bignum_neg_p25519.o) has version 27.0.0, which is newer than target minimum of 11.0.0
         rust-lld: /Users/kooshapari/CodeProjects/Phenotype/repos/Tracera/target/debug/deps/libaws_lc_sys-a3b019717e25f3b6.rlib(2a065450252c12f3-curve25519_x25519base_byte.o) has version 27.0.0, which is newer than target minimum of 11.0.0
         rust-lld: /Users/kooshapari/CodeProjects/Phenotype/repos/Tracera/target/debug/deps/libaws_lc_sys-a3b019717e25f3b6.rlib(2a065450252c12f3-curve25519_x25519base_byte_alt.o) has version 27.0.0, which is newer than target minimum of 11.0.0
         rust-lld: /Users/kooshapari/CodeProjects/Phenotype/repos/Tracera/target/debug/deps/libaws_lc_sys-a3b019717e25f3b6.rlib(2a065450252c12f3-curve25519_x25519_byte.o) has version 27.0.0, which is newer than target minimum of 11.0.0
         rust-lld: /Users/kooshapari/CodeProjects/Phenotype/repos/Tracera/target/debug/deps/libaws_lc_sys-a3b019717e25f3b6.rlib(2a065450252c12f3-curve25519_x25519_byte_alt.o) has version 27.0.0, which is newer than target minimum of 11.0.0
         rust-lld: /Users/kooshapari/CodeProjects/Phenotype/repos/Tracera/target/debug/deps/libaws_lc_sys-a3b019717e25f3b6.rlib(2a065450252c12f3-edwards25519_decode.o) has version 27.0.0, which is newer than target minimum of 11.0.0
         rust-lld: /Users/kooshapari/CodeProjects/Phenotype/repos/Tracera/target/debug/deps/libaws_lc_sys-a3b019717e25f3b6.rlib(2a065450252c12f3-edwards25519_decode_alt.o) has version 27.0.0, which is newer than target minimum of 11.0.0
         rust-lld: /Users/kooshapari/CodeProjects/Phenotype/repos/Tracera/target/debug/deps/libaws_lc_sys-a3b019717e25f3b6.rlib(2a065450252c12f3-edwards25519_encode.o) has version 27.0.0, which is newer than target minimum of 11.0.0
         rust-lld: /Users/kooshapari/CodeProjects/Phenotype/repos/Tracera/target/debug/deps/libaws_lc_sys-a3b019717e25f3b6.rlib(2a065450252c12f3-edwards25519_scalarmulbase.o) has version 27.0.0, which is newer than target minimum of 11.0.0
         rust-lld: /Users/kooshapari/CodeProjects/Phenotype/repos/Tracera/target/debug/deps/libaws_lc_sys-a3b019717e25f3b6.rlib(2a065450252c12f3-edwards25519_scalarmulbase_alt.o) has version 27.0.0, which is newer than target minimum of 11.0.0
         rust-lld: /Users/kooshapari/CodeProjects/Phenotype/repos/Tracera/target/debug/deps/libaws_lc_sys-a3b019717e25f3b6.rlib(2a065450252c12f3-edwards25519_scalarmuldouble.o) has version 27.0.0, which is newer than target minimum of 11.0.0
         rust-lld: /Users/kooshapari/CodeProjects/Phenotype/repos/Tracera/target/debug/deps/libaws_lc_sys-a3b019717e25f3b6.rlib(2a065450252c12f3-edwards25519_scalarmuldouble_alt.o) has version 27.0.0, which is newer than target minimum of 11.0.0
         rust-lld: /Users/kooshapari/CodeProjects/Phenotype/repos/Tracera/target/debug/deps/libaws_lc_sys-a3b019717e25f3b6.rlib(2ee72d5a85c036ff-bignum_emontredc_8n.o) has version 27.0.0, which is newer than target minimum of 11.0.0
         rust-lld: /Users/kooshapari/CodeProjects/Phenotype/repos/Tracera/target/debug/deps/libaws_lc_sys-a3b019717e25f3b6.rlib(2ee72d5a85c036ff-bignum_kmul_16_32.o) has version 27.0.0, which is newer than target minimum of 11.0.0
         rust-lld: /Users/kooshapari/CodeProjects/Phenotype/repos/Tracera/target/debug/deps/libaws_lc_sys-a3b019717e25f3b6.rlib(2ee72d5a85c036ff-bignum_kmul_32_64.o) has version 27.0.0, which is newer than target minimum of 11.0.0
         rust-lld: /Users/kooshapari/CodeProjects/Phenotype/repos/Tracera/target/debug/deps/libaws_lc_sys-a3b019717e25f3b6.rlib(2ee72d5a85c036ff-bignum_ksqr_16_32.o) has version 27.0.0, which is newer than target minimum of 11.0.0
         rust-lld: /Users/kooshapari/CodeProjects/Phenotype/repos/Tracera/target/debug/deps/libaws_lc_sys-a3b019717e25f3b6.rlib(2ee72d5a85c036ff-bignum_ksqr_32_64.o) has version 27.0.0, which is newer than target minimum of 11.0.0
         rust-lld: /Users/kooshapari/CodeProjects/Phenotype/repos/Tracera/target/debug/deps/libaws_lc_sys-a3b019717e25f3b6.rlib(2eb9bba22ef5252d-bignum_copy_row_from_table.o) has version 27.0.0, which is newer than target minimum of 11.0.0
         rust-lld: /Users/kooshapari/CodeProjects/Phenotype/repos/Tracera/target/debug/deps/libaws_lc_sys-a3b019717e25f3b6.rlib(2eb9bba22ef5252d-bignum_copy_row_from_table_16.o) has version 27.0.0, which is newer than target minimum of 11.0.0
         rust-lld: /Users/kooshapari/CodeProjects/Phenotype/repos/Tracera/target/debug/deps/libaws_lc_sys-a3b019717e25f3b6.rlib(2eb9bba22ef5252d-bignum_copy_row_from_table_32.o) has version 27.0.0, which is newer than target minimum of 11.0.0
         rust-lld: /Users/kooshapari/CodeProjects/Phenotype/repos/Tracera/target/debug/deps/libaws_lc_sys-a3b019717e25f3b6.rlib(2eb9bba22ef5252d-bignum_copy_row_from_table_8n.o) has version 27.0.0, which is newer than target minimum of 11.0.0
         rust-lld: /Users/kooshapari/CodeProjects/Phenotype/repos/Tracera/target/debug/deps/libaws_lc_sys-a3b019717e25f3b6.rlib(2eb9bba22ef5252d-bignum_ge.o) has version 27.0.0, which is newer than target minimum of 11.0.0
         rust-lld: /Users/kooshapari/CodeProjects/Phenotype/repos/Tracera/target/debug/deps/libaws_lc_sys-a3b019717e25f3b6.rlib(2eb9bba22ef5252d-bignum_mul.o) has version 27.0.0, which is newer than target minimum of 11.0.0
         rust-lld: /Users/kooshapari/CodeProjects/Phenotype/repos/Tracera/target/debug/deps/libaws_lc_sys-a3b019717e25f3b6.rlib(2eb9bba22ef5252d-bignum_optsub.o) has version 27.0.0, which is newer than target minimum of 11.0.0
         rust-lld: /Users/kooshapari/CodeProjects/Phenotype/repos/Tracera/target/debug/deps/libaws_lc_sys-a3b019717e25f3b6.rlib(2eb9bba22ef5252d-bignum_sqr.o) has version 27.0.0, which is newer than target minimum of 11.0.0
         rust-lld: /Users/kooshapari/CodeProjects/Phenotype/repos/Tracera/target/debug/deps/libaws_lc_sys-a3b019717e25f3b6.rlib(46b3cee15136b9e3-bignum_montinv_p256.o) has version 27.0.0, which is newer than target minimum of 11.0.0
         rust-lld: /Users/kooshapari/CodeProjects/Phenotype/repos/Tracera/target/debug/deps/libaws_lc_sys-a3b019717e25f3b6.rlib(46b3cee15136b9e3-p256_montjscalarmul.o) has version 27.0.0, which is newer than target minimum of 11.0.0
         rust-lld: /Users/kooshapari/CodeProjects/Phenotype/repos/Tracera/target/debug/deps/libaws_lc_sys-a3b019717e25f3b6.rlib(46b3cee15136b9e3-p256_montjscalarmul_alt.o) has version 27.0.0, which is newer than target minimum of 11.0.0
         rust-lld: /Users/kooshapari/CodeProjects/Phenotype/repos/Tracera/target/debug/deps/libaws_lc_sys-a3b019717e25f3b6.rlib(33b0e8a9ff3ac954-bignum_add_p384.o) has version 27.0.0, which is newer than target minimum of 11.0.0
         rust-lld: /Users/kooshapari/CodeProjects/Phenotype/repos/Tracera/target/debug/deps/libaws_lc_sys-a3b019717e25f3b6.rlib(33b0e8a9ff3ac954-bignum_deamont_p384.o) has version 27.0.0, which is newer than target minimum of 11.0.0
         rust-lld: /Users/kooshapari/CodeProjects/Phenotype/repos/Tracera/target/debug/deps/libaws_lc_sys-a3b019717e25f3b6.rlib(33b0e8a9ff3ac954-bignum_littleendian_6.o) has version 27.0.0, which is newer than target minimum of 11.0.0
         rust-lld: /Users/kooshapari/CodeProjects/Phenotype/repos/Tracera/target/debug/deps/libaws_lc_sys-a3b019717e25f3b6.rlib(33b0e8a9ff3ac954-bignum_montinv_p384.o) has version 27.0.0, which is newer than target minimum of 11.0.0
         rust-lld: /Users/kooshapari/CodeProjects/Phenotype/repos/Tracera/target/debug/deps/libaws_lc_sys-a3b019717e25f3b6.rlib(33b0e8a9ff3ac954-bignum_montmul_p384.o) has version 27.0.0, which is newer than target minimum of 11.0.0
         rust-lld: /Users/kooshapari/CodeProjects/Phenotype/repos/Tracera/target/debug/deps/libaws_lc_sys-a3b019717e25f3b6.rlib(33b0e8a9ff3ac954-bignum_montmul_p384_alt.o) has version 27.0.0, which is newer than target minimum of 11.0.0
         rust-lld: /Users/kooshapari/CodeProjects/Phenotype/repos/Tracera/target/debug/deps/libaws_lc_sys-a3b019717e25f3b6.rlib(33b0e8a9ff3ac954-bignum_montsqr_p384.o) has version 27.0.0, which is newer than target minimum of 11.0.0
         rust-lld: /Users/kooshapari/CodeProjects/Phenotype/repos/Tracera/target/debug/deps/libaws_lc_sys-a3b019717e25f3b6.rlib(33b0e8a9ff3ac954-bignum_montsqr_p384_alt.o) has version 27.0.0, which is newer than target minimum of 11.0.0
         rust-lld: /Users/kooshapari/CodeProjects/Phenotype/repos/Tracera/target/debug/deps/libaws_lc_sys-a3b019717e25f3b6.rlib(33b0e8a9ff3ac954-bignum_neg_p384.o) has version 27.0.0, which is newer than target minimum of 11.0.0
         rust-lld: /Users/kooshapari/CodeProjects/Phenotype/repos/Tracera/target/debug/deps/libaws_lc_sys-a3b019717e25f3b6.rlib(33b0e8a9ff3ac954-bignum_nonzero_6.o) has version 27.0.0, which is newer than target minimum of 11.0.0
         rust-lld: /Users/kooshapari/CodeProjects/Phenotype/repos/Tracera/target/debug/deps/libaws_lc_sys-a3b019717e25f3b6.rlib(33b0e8a9ff3ac954-bignum_sub_p384.o) has version 27.0.0, which is newer than target minimum of 11.0.0
         rust-lld: /Users/kooshapari/CodeProjects/Phenotype/repos/Tracera/target/debug/deps/libaws_lc_sys-a3b019717e25f3b6.rlib(33b0e8a9ff3ac954-bignum_tomont_p384.o) has version 27.0.0, which is newer than target minimum of 11.0.0
         rust-lld: /Users/kooshapari/CodeProjects/Phenotype/repos/Tracera/target/debug/deps/libaws_lc_sys-a3b019717e25f3b6.rlib(33b0e8a9ff3ac954-p384_montjdouble.o) has version 27.0.0, which is newer than target minimum of 11.0.0
         rust-lld: /Users/kooshapari/CodeProjects/Phenotype/repos/Tracera/target/debug/deps/libaws_lc_sys-a3b019717e25f3b6.rlib(33b0e8a9ff3ac954-p384_montjdouble_alt.o) has version 27.0.0, which is newer than target minimum of 11.0.0
         rust-lld: /Users/kooshapari/CodeProjects/Phenotype/repos/Tracera/target/debug/deps/libaws_lc_sys-a3b019717e25f3b6.rlib(33b0e8a9ff3ac954-p384_montjscalarmul.o) has version 27.0.0, which is newer than target minimum of 11.0.0
         rust-lld: /Users/kooshapari/CodeProjects/Phenotype/repos/Tracera/target/debug/deps/libaws_lc_sys-a3b019717e25f3b6.rlib(33b0e8a9ff3ac954-p384_montjscalarmul_alt.o) has version 27.0.0, which is newer than target minimum of 11.0.0
         rust-lld: /Users/kooshapari/CodeProjects/Phenotype/repos/Tracera/target/debug/deps/libaws_lc_sys-a3b019717e25f3b6.rlib(ccbabe9886131d80-bignum_add_p521.o) has version 27.0.0, which is newer than target minimum of 11.0.0
         rust-lld: /Users/kooshapari/CodeProjects/Phenotype/repos/Tracera/target/debug/deps/libaws_lc_sys-a3b019717e25f3b6.rlib(ccbabe9886131d80-bignum_fromlebytes_p521.o) has version 27.0.0, which is newer than target minimum of 11.0.0
         rust-lld: /Users/kooshapari/CodeProjects/Phenotype/repos/Tracera/target/debug/deps/libaws_lc_sys-a3b019717e25f3b6.rlib(ccbabe9886131d80-bignum_inv_p521.o) has version 27.0.0, which is newer than target minimum of 11.0.0
         rust-lld: /Users/kooshapari/CodeProjects/Phenotype/repos/Tracera/target/debug/deps/libaws_lc_sys-a3b019717e25f3b6.rlib(ccbabe9886131d80-bignum_mul_p521.o) has version 27.0.0, which is newer than target minimum of 11.0.0
         rust-lld: /Users/kooshapari/CodeProjects/Phenotype/repos/Tracera/target/debug/deps/libaws_lc_sys-a3b019717e25f3b6.rlib(ccbabe9886131d80-bignum_mul_p521_alt.o) has version 27.0.0, which is newer than target minimum of 11.0.0
         rust-lld: /Users/kooshapari/CodeProjects/Phenotype/repos/Tracera/target/debug/deps/libaws_lc_sys-a3b019717e25f3b6.rlib(ccbabe9886131d80-bignum_neg_p521.o) has version 27.0.0, which is newer than target minimum of 11.0.0
         rust-lld: /Users/kooshapari/CodeProjects/Phenotype/repos/Tracera/target/debug/deps/libaws_lc_sys-a3b019717e25f3b6.rlib(ccbabe9886131d80-bignum_sqr_p521.o) has version 27.0.0, which is newer than target minimum of 11.0.0
         rust-lld: /Users/kooshapari/CodeProjects/Phenotype/repos/Tracera/target/debug/deps/libaws_lc_sys-a3b019717e25f3b6.rlib(ccbabe9886131d80-bignum_sqr_p521_alt.o) has version 27.0.0, which is newer than target minimum of 11.0.0
         rust-lld: /Users/kooshapari/CodeProjects/Phenotype/repos/Tracera/target/debug/deps/libaws_lc_sys-a3b019717e25f3b6.rlib(ccbabe9886131d80-bignum_sub_p521.o) has version 27.0.0, which is newer than target minimum of 11.0.0
         rust-lld: /Users/kooshapari/CodeProjects/Phenotype/repos/Tracera/target/debug/deps/libaws_lc_sys-a3b019717e25f3b6.rlib(ccbabe9886131d80-bignum_tolebytes_p521.o) has version 27.0.0, which is newer than target minimum of 11.0.0
         rust-lld: /Users/kooshapari/CodeProjects/Phenotype/repos/Tracera/target/debug/deps/libaws_lc_sys-a3b019717e25f3b6.rlib(ccbabe9886131d80-p521_jdouble.o) has version 27.0.0, which is newer than target minimum of 11.0.0
         rust-lld: /Users/kooshapari/CodeProjects/Phenotype/repos/Tracera/target/debug/deps/libaws_lc_sys-a3b019717e25f3b6.rlib(ccbabe9886131d80-p521_jdouble_alt.o) has version 27.0.0, which is newer than target minimum of 11.0.0
         rust-lld: /Users/kooshapari/CodeProjects/Phenotype/repos/Tracera/target/debug/deps/libaws_lc_sys-a3b019717e25f3b6.rlib(ccbabe9886131d80-p521_jscalarmul.o) has version 27.0.0, which is newer than target minimum of 11.0.0
         rust-lld: /Users/kooshapari/CodeProjects/Phenotype/repos/Tracera/target/debug/deps/libaws_lc_sys-a3b019717e25f3b6.rlib(ccbabe9886131d80-p521_jscalarmul_alt.o) has version 27.0.0, which is newer than target minimum of 11.0.0
         rust-lld: /Users/kooshapari/CodeProjects/Phenotype/repos/Tracera/target/debug/deps/libaws_lc_sys-a3b019717e25f3b6.rlib(ac9a06e0f1f9cd7d-sha3_keccak2_f1600.o) has version 27.0.0, which is newer than target minimum of 11.0.0
         rust-lld: /Users/kooshapari/CodeProjects/Phenotype/repos/Tracera/target/debug/deps/libaws_lc_sys-a3b019717e25f3b6.rlib(ac9a06e0f1f9cd7d-sha3_keccak4_f1600_alt.o) has version 27.0.0, which is newer than target minimum of 11.0.0
         rust-lld: /Users/kooshapari/CodeProjects/Phenotype/repos/Tracera/target/debug/deps/libaws_lc_sys-a3b019717e25f3b6.rlib(ac9a06e0f1f9cd7d-sha3_keccak4_f1600_alt2.o) has version 27.0.0, which is newer than target minimum of 11.0.0
         rust-lld: /Users/kooshapari/CodeProjects/Phenotype/repos/Tracera/target/debug/deps/libaws_lc_sys-a3b019717e25f3b6.rlib(ac9a06e0f1f9cd7d-sha3_keccak_f1600.o) has version 27.0.0, which is newer than target minimum of 11.0.0
         rust-lld: /Users/kooshapari/CodeProjects/Phenotype/repos/Tracera/target/debug/deps/libaws_lc_sys-a3b019717e25f3b6.rlib(ac9a06e0f1f9cd7d-sha3_keccak_f1600_alt.o) has version 27.0.0, which is newer than target minimum of 11.0.0
         rust-lld: /Users/kooshapari/CodeProjects/Phenotype/repos/Tracera/target/debug/deps/libaws_lc_sys-a3b019717e25f3b6.rlib(e9338ebcd69164a9-aes-xts-dec.o) has version 27.0.0, which is newer than target minimum of 11.0.0
         rust-lld: /Users/kooshapari/CodeProjects/Phenotype/repos/Tracera/target/debug/deps/libaws_lc_sys-a3b019717e25f3b6.rlib(e9338ebcd69164a9-aes-xts-enc.o) has version 27.0.0, which is newer than target minimum of 11.0.0
         rust-lld: /Users/kooshapari/CodeProjects/Phenotype/repos/Tracera/target/debug/deps/libaws_lc_sys-a3b019717e25f3b6.rlib(2d40dbbd793ef942-jitterentropy-base.o) has version 27.0.0, which is newer than target minimum of 11.0.0
         rust-lld: /Users/kooshapari/CodeProjects/Phenotype/repos/Tracera/target/debug/deps/libaws_lc_sys-a3b019717e25f3b6.rlib(2d40dbbd793ef942-jitterentropy-gcd.o) has version 27.0.0, which is newer than target minimum of 11.0.0
         rust-lld: /Users/kooshapari/CodeProjects/Phenotype/repos/Tracera/target/debug/deps/libaws_lc_sys-a3b019717e25f3b6.rlib(2d40dbbd793ef942-jitterentropy-health.o) has version 27.0.0, which is newer than target minimum of 11.0.0
         rust-lld: /Users/kooshapari/CodeProjects/Phenotype/repos/Tracera/target/debug/deps/libaws_lc_sys-a3b019717e25f3b6.rlib(2d40dbbd793ef942-jitterentropy-noise.o) has version 27.0.0, which is newer than target minimum of 11.0.0
         rust-lld: /Users/kooshapari/CodeProjects/Phenotype/repos/Tracera/target/debug/deps/libaws_lc_sys-a3b019717e25f3b6.rlib(2d40dbbd793ef942-jitterentropy-sha3.o) has version 27.0.0, which is newer than target minimum of 11.0.0
         rust-lld: /Users/kooshapari/CodeProjects/Phenotype/repos/Tracera/target/debug/deps/liblibsqlite3_sys-f36a1e6826713229.rlib(c877a2978823c39d-sqlite3.o) has version 27.0.0, which is newer than target minimum of 11.0.0
         rust-lld: Option `-no_compact_unwind' is undocumented. Should lld implement it?
  |
  = note: `#[warn(linker_messages)]` on by default

warning: `tracera-edge` (lib test) generated 1 warning (1 duplicate)
warning: `tracera-server` (bin "tracera-server" test) generated 1 warning
warning: field `root` is never read
  --> crates/tracera-cli/src/bundle.rs:25:9
   |
22 | pub struct BundleLayout {
   |            ------------ field in this struct
...
25 |     pub root: PathBuf,
   |         ^^^^
   |
   = note: `BundleLayout` has derived impls for the traits `Clone` and `Debug`, but these are intentionally ignored during dead code analysis
   = note: `#[warn(dead_code)]` (part of `#[warn(unused)]`) on by default

warning: function `pick_free_port` is never used
   --> crates/tracera-cli/src/runtime.rs:163:8
    |
163 | pub fn pick_free_port() -> anyhow::Result<u16> {
    |        ^^^^^^^^^^^^^^

warning: linker stderr: rust-lld: /Users/kooshapari/CodeProjects/Phenotype/repos/Tracera/target/debug/deps/libaws_lc_sys-a3b019717e25f3b6.rlib(7a596fe31a02c0e2-convert.o) has version 27.0.0, which is newer than target minimum of 11.0.0
         rust-lld: /Users/kooshapari/CodeProjects/Phenotype/repos/Tracera/target/debug/deps/libaws_lc_sys-a3b019717e25f3b6.rlib(76322f89f5cc2d96-bio.o) has version 27.0.0, which is newer than target minimum of 11.0.0
         rust-lld: /Users/kooshapari/CodeProjects/Phenotype/repos/Tracera/target/debug/deps/libaws_lc_sys-a3b019717e25f3b6.rlib(76322f89f5cc2d96-file.o) has version 27.0.0, which is newer than target minimum of 11.0.0
         rust-lld: /Users/kooshapari/CodeProjects/Phenotype/repos/Tracera/target/debug/deps/libaws_lc_sys-a3b019717e25f3b6.rlib(c4fcddba145918af-cbb.o) has version 27.0.0, which is newer than target minimum of 11.0.0
         rust-lld: /Users/kooshapari/CodeProjects/Phenotype/repos/Tracera/target/debug/deps/libaws_lc_sys-a3b019717e25f3b6.rlib(c4fcddba145918af-cbs.o) has version 27.0.0, which is newer than target minimum of 11.0.0
         rust-lld: /Users/kooshapari/CodeProjects/Phenotype/repos/Tracera/target/debug/deps/libaws_lc_sys-a3b019717e25f3b6.rlib(bc1b343226bc6a17-posix_time.o) has version 27.0.0, which is newer than target minimum of 11.0.0
         rust-lld: /Users/kooshapari/CodeProjects/Phenotype/repos/Tracera/target/debug/deps/libaws_lc_sys-a3b019717e25f3b6.rlib(a6455f51a2435c3f-chacha.o) has version 27.0.0, which is newer than target minimum of 11.0.0
         rust-lld: /Users/kooshapari/CodeProjects/Phenotype/repos/Tracera/target/debug/deps/libaws_lc_sys-a3b019717e25f3b6.rlib(89981633f66afe17-e_aesgcmsiv.o) has version 27.0.0, which is newer than target minimum of 11.0.0
         rust-lld: /Users/kooshapari/CodeProjects/Phenotype/repos/Tracera/target/debug/deps/libaws_lc_sys-a3b019717e25f3b6.rlib(89981633f66afe17-e_chacha20poly1305.o) has version 27.0.0, which is newer than target minimum of 11.0.0
         rust-lld: /Users/kooshapari/CodeProjects/Phenotype/repos/Tracera/target/debug/deps/libaws_lc_sys-a3b019717e25f3b6.rlib(89981633f66afe17-e_des.o) has version 27.0.0, which is newer than target minimum of 11.0.0
         rust-lld: /Users/kooshapari/CodeProjects/Phenotype/repos/Tracera/target/debug/deps/libaws_lc_sys-a3b019717e25f3b6.rlib(30a9a10d3f98970e-crypto.o) has version 27.0.0, which is newer than target minimum of 11.0.0
         rust-lld: /Users/kooshapari/CodeProjects/Phenotype/repos/Tracera/target/debug/deps/libaws_lc_sys-a3b019717e25f3b6.rlib(175e87304cd4663c-cfb.o) has version 27.0.0, which is newer than target minimum of 11.0.0
         rust-lld: /Users/kooshapari/CodeProjects/Phenotype/repos/Tracera/target/debug/deps/libaws_lc_sys-a3b019717e25f3b6.rlib(da5030c6f3330e8d-des.o) has version 27.0.0, which is newer than target minimum of 11.0.0
         rust-lld: /Users/kooshapari/CodeProjects/Phenotype/repos/Tracera/target/debug/deps/libaws_lc_sys-a3b019717e25f3b6.rlib(0c919c82d61b4518-ecdsa_asn1.o) has version 27.0.0, which is newer than target minimum of 11.0.0
         rust-lld: /Users/kooshapari/CodeProjects/Phenotype/repos/Tracera/target/debug/deps/libaws_lc_sys-a3b019717e25f3b6.rlib(7a596fe31a02c0e2-bn_asn1.o) has version 27.0.0, which is newer than target minimum of 11.0.0
         rust-lld: /Users/kooshapari/CodeProjects/Phenotype/repos/Tracera/target/debug/deps/libaws_lc_sys-a3b019717e25f3b6.rlib(c4fcddba145918af-asn1_compat.o) has version 27.0.0, which is newer than target minimum of 11.0.0
         rust-lld: /Users/kooshapari/CodeProjects/Phenotype/repos/Tracera/target/debug/deps/libaws_lc_sys-a3b019717e25f3b6.rlib(dfe446faf29f8012-ec_asn1.o) has version 27.0.0, which is newer than target minimum of 11.0.0
         rust-lld: /Users/kooshapari/CodeProjects/Phenotype/repos/Tracera/target/debug/deps/libaws_lc_sys-a3b019717e25f3b6.rlib(a3e95cd5f24d649a-err.o) has version 27.0.0, which is newer than target minimum of 11.0.0
         rust-lld: /Users/kooshapari/CodeProjects/Phenotype/repos/Tracera/target/debug/deps/libaws_lc_sys-a3b019717e25f3b6.rlib(7510312e0f5aa0be-evp_asn1.o) has version 27.0.0, which is newer than target minimum of 11.0.0
         rust-lld: /Users/kooshapari/CodeProjects/Phenotype/repos/Tracera/target/debug/deps/libaws_lc_sys-a3b019717e25f3b6.rlib(fb1f39df2ea6f08f-dsa.o) has version 27.0.0, which is newer than target minimum of 11.0.0
         rust-lld: /Users/kooshapari/CodeProjects/Phenotype/repos/Tracera/target/debug/deps/libaws_lc_sys-a3b019717e25f3b6.rlib(fb1f39df2ea6f08f-dsa_asn1.o) has version 27.0.0, which is newer than target minimum of 11.0.0
         rust-lld: /Users/kooshapari/CodeProjects/Phenotype/repos/Tracera/target/debug/deps/libaws_lc_sys-a3b019717e25f3b6.rlib(7510312e0f5aa0be-print.o) has version 27.0.0, which is newer than target minimum of 11.0.0
         rust-lld: /Users/kooshapari/CodeProjects/Phenotype/repos/Tracera/target/debug/deps/libaws_lc_sys-a3b019717e25f3b6.rlib(76322f89f5cc2d96-printf.o) has version 27.0.0, which is newer than target minimum of 11.0.0
         rust-lld: /Users/kooshapari/CodeProjects/Phenotype/repos/Tracera/target/debug/deps/libaws_lc_sys-a3b019717e25f3b6.rlib(7510312e0f5aa0be-p_methods.o) has version 27.0.0, which is newer than target minimum of 11.0.0
         rust-lld: /Users/kooshapari/CodeProjects/Phenotype/repos/Tracera/target/debug/deps/libaws_lc_sys-a3b019717e25f3b6.rlib(7510312e0f5aa0be-p_dh_asn1.o) has version 27.0.0, which is newer than target minimum of 11.0.0
         rust-lld: /Users/kooshapari/CodeProjects/Phenotype/repos/Tracera/target/debug/deps/libaws_lc_sys-a3b019717e25f3b6.rlib(c1300545a7d60e2b-dh_asn1.o) has version 27.0.0, which is newer than target minimum of 11.0.0
         rust-lld: /Users/kooshapari/CodeProjects/Phenotype/repos/Tracera/target/debug/deps/libaws_lc_sys-a3b019717e25f3b6.rlib(7510312e0f5aa0be-p_dh.o) has version 27.0.0, which is newer than target minimum of 11.0.0
         rust-lld: /Users/kooshapari/CodeProjects/Phenotype/repos/Tracera/target/debug/deps/libaws_lc_sys-a3b019717e25f3b6.rlib(c1300545a7d60e2b-params.o) has version 27.0.0, which is newer than target minimum of 11.0.0
         rust-lld: /Users/kooshapari/CodeProjects/Phenotype/repos/Tracera/target/debug/deps/libaws_lc_sys-a3b019717e25f3b6.rlib(7510312e0f5aa0be-p_dsa_asn1.o) has version 27.0.0, which is newer than target minimum of 11.0.0
         rust-lld: /Users/kooshapari/CodeProjects/Phenotype/repos/Tracera/target/debug/deps/libaws_lc_sys-a3b019717e25f3b6.rlib(7510312e0f5aa0be-p_dsa.o) has version 27.0.0, which is newer than target minimum of 11.0.0
         rust-lld: /Users/kooshapari/CodeProjects/Phenotype/repos/Tracera/target/debug/deps/libaws_lc_sys-a3b019717e25f3b6.rlib(e71c6558e17b1ce7-digest_extra.o) has version 27.0.0, which is newer than target minimum of 11.0.0
         rust-lld: /Users/kooshapari/CodeProjects/Phenotype/repos/Tracera/target/debug/deps/libaws_lc_sys-a3b019717e25f3b6.rlib(62e235b24f99f4ff-blake2.o) has version 27.0.0, which is newer than target minimum of 11.0.0
         rust-lld: /Users/kooshapari/CodeProjects/Phenotype/repos/Tracera/target/debug/deps/libaws_lc_sys-a3b019717e25f3b6.rlib(7510312e0f5aa0be-p_ec_asn1.o) has version 27.0.0, which is newer than target minimum of 11.0.0
         rust-lld: /Users/kooshapari/CodeProjects/Phenotype/repos/Tracera/target/debug/deps/libaws_lc_sys-a3b019717e25f3b6.rlib(7510312e0f5aa0be-p_ed25519_asn1.o) has version 27.0.0, which is newer than target minimum of 11.0.0
         rust-lld: /Users/kooshapari/CodeProjects/Phenotype/repos/Tracera/target/debug/deps/libaws_lc_sys-a3b019717e25f3b6.rlib(7510312e0f5aa0be-p_hmac_asn1.o) has version 27.0.0, which is newer than target minimum of 11.0.0
         rust-lld: /Users/kooshapari/CodeProjects/Phenotype/repos/Tracera/target/debug/deps/libaws_lc_sys-a3b019717e25f3b6.rlib(7510312e0f5aa0be-p_kem_asn1.o) has version 27.0.0, which is newer than target minimum of 11.0.0
         rust-lld: /Users/kooshapari/CodeProjects/Phenotype/repos/Tracera/target/debug/deps/libaws_lc_sys-a3b019717e25f3b6.rlib(7510312e0f5aa0be-p_pqdsa_asn1.o) has version 27.0.0, which is newer than target minimum of 11.0.0
         rust-lld: /Users/kooshapari/CodeProjects/Phenotype/repos/Tracera/target/debug/deps/libaws_lc_sys-a3b019717e25f3b6.rlib(7510312e0f5aa0be-p_rsa_asn1.o) has version 27.0.0, which is newer than target minimum of 11.0.0
         rust-lld: /Users/kooshapari/CodeProjects/Phenotype/repos/Tracera/target/debug/deps/libaws_lc_sys-a3b019717e25f3b6.rlib(7510312e0f5aa0be-p_x25519.o) has version 27.0.0, which is newer than target minimum of 11.0.0
         rust-lld: /Users/kooshapari/CodeProjects/Phenotype/repos/Tracera/target/debug/deps/libaws_lc_sys-a3b019717e25f3b6.rlib(7510312e0f5aa0be-p_x25519_asn1.o) has version 27.0.0, which is newer than target minimum of 11.0.0
         rust-lld: /Users/kooshapari/CodeProjects/Phenotype/repos/Tracera/target/debug/deps/libaws_lc_sys-a3b019717e25f3b6.rlib(30a9a10d3f98970e-ex_data.o) has version 27.0.0, which is newer than target minimum of 11.0.0
         rust-lld: /Users/kooshapari/CodeProjects/Phenotype/repos/Tracera/target/debug/deps/libaws_lc_sys-a3b019717e25f3b6.rlib(f8e4fd781484bd36-bcm.o) has version 27.0.0, which is newer than target minimum of 11.0.0
         rust-lld: /Users/kooshapari/CodeProjects/Phenotype/repos/Tracera/target/debug/deps/libaws_lc_sys-a3b019717e25f3b6.rlib(dcb7d53a9be33b0c-engine.o) has version 27.0.0, which is newer than target minimum of 11.0.0
         rust-lld: /Users/kooshapari/CodeProjects/Phenotype/repos/Tracera/target/debug/deps/libaws_lc_sys-a3b019717e25f3b6.rlib(199386740f3660f1-ripemd.o) has version 27.0.0, which is newer than target minimum of 11.0.0
         rust-lld: /Users/kooshapari/CodeProjects/Phenotype/repos/Tracera/target/debug/deps/libaws_lc_sys-a3b019717e25f3b6.rlib(763c374fde874a6d-console.o) has version 27.0.0, which is newer than target minimum of 11.0.0
         rust-lld: /Users/kooshapari/CodeProjects/Phenotype/repos/Tracera/target/debug/deps/libaws_lc_sys-a3b019717e25f3b6.rlib(001247bc65c2f5e5-cpucap.o) has version 27.0.0, which is newer than target minimum of 11.0.0
         rust-lld: /Users/kooshapari/CodeProjects/Phenotype/repos/Tracera/target/debug/deps/libaws_lc_sys-a3b019717e25f3b6.rlib(6e985d8b17b56a49-md4.o) has version 27.0.0, which is newer than target minimum of 11.0.0
         rust-lld: /Users/kooshapari/CodeProjects/Phenotype/repos/Tracera/target/debug/deps/libaws_lc_sys-a3b019717e25f3b6.rlib(30a9a10d3f98970e-mem.o) has version 27.0.0, which is newer than target minimum of 11.0.0
         rust-lld: /Users/kooshapari/CodeProjects/Phenotype/repos/Tracera/target/debug/deps/libaws_lc_sys-a3b019717e25f3b6.rlib(7ac4c9359514b807-obj.o) has version 27.0.0, which is newer than target minimum of 11.0.0
         rust-lld: /Users/kooshapari/CodeProjects/Phenotype/repos/Tracera/target/debug/deps/libaws_lc_sys-a3b019717e25f3b6.rlib(bc1b343226bc6a17-a_object.o) has version 27.0.0, which is newer than target minimum of 11.0.0
         rust-lld: /Users/kooshapari/CodeProjects/Phenotype/repos/Tracera/target/debug/deps/libaws_lc_sys-a3b019717e25f3b6.rlib(ea2b51a0b6630529-lhash.o) has version 27.0.0, which is newer than target minimum of 11.0.0
         rust-lld: /Users/kooshapari/CodeProjects/Phenotype/repos/Tracera/target/debug/deps/libaws_lc_sys-a3b019717e25f3b6.rlib(7ac4c9359514b807-obj_xref.o) has version 27.0.0, which is newer than target minimum of 11.0.0
         rust-lld: /Users/kooshapari/CodeProjects/Phenotype/repos/Tracera/target/debug/deps/libaws_lc_sys-a3b019717e25f3b6.rlib(5d4700fda13603f0-poly1305.o) has version 27.0.0, which is newer than target minimum of 11.0.0
         rust-lld: /Users/kooshapari/CodeProjects/Phenotype/repos/Tracera/target/debug/deps/libaws_lc_sys-a3b019717e25f3b6.rlib(7bf3e571b6558a6b-getentropy.o) has version 27.0.0, which is newer than target minimum of 11.0.0
         rust-lld: /Users/kooshapari/CodeProjects/Phenotype/repos/Tracera/target/debug/deps/libaws_lc_sys-a3b019717e25f3b6.rlib(7bf3e571b6558a6b-vm_ube_fallback.o) has version 27.0.0, which is newer than target minimum of 11.0.0
         rust-lld: /Users/kooshapari/CodeProjects/Phenotype/repos/Tracera/target/debug/deps/libaws_lc_sys-a3b019717e25f3b6.rlib(30a9a10d3f98970e-refcount_c11.o) has version 27.0.0, which is newer than target minimum of 11.0.0
         rust-lld: /Users/kooshapari/CodeProjects/Phenotype/repos/Tracera/target/debug/deps/libaws_lc_sys-a3b019717e25f3b6.rlib(b0fd2550ab09b04e-rsassa_pss_asn1.o) has version 27.0.0, which is newer than target minimum of 11.0.0
         rust-lld: /Users/kooshapari/CodeProjects/Phenotype/repos/Tracera/target/debug/deps/libaws_lc_sys-a3b019717e25f3b6.rlib(b0fd2550ab09b04e-rsa_asn1.o) has version 27.0.0, which is newer than target minimum of 11.0.0
         rust-lld: /Users/kooshapari/CodeProjects/Phenotype/repos/Tracera/target/debug/deps/libaws_lc_sys-a3b019717e25f3b6.rlib(b0fd2550ab09b04e-rsa_crypt.o) has version 27.0.0, which is newer than target minimum of 11.0.0
         rust-lld: /Users/kooshapari/CodeProjects/Phenotype/repos/Tracera/target/debug/deps/libaws_lc_sys-a3b019717e25f3b6.rlib(60df219e9fcbc210-stack.o) has version 27.0.0, which is newer than target minimum of 11.0.0
         rust-lld: /Users/kooshapari/CodeProjects/Phenotype/repos/Tracera/target/debug/deps/libaws_lc_sys-a3b019717e25f3b6.rlib(30a9a10d3f98970e-thread_pthread.o) has version 27.0.0, which is newer than target minimum of 11.0.0
         rust-lld: /Users/kooshapari/CodeProjects/Phenotype/repos/Tracera/target/debug/deps/libaws_lc_sys-a3b019717e25f3b6.rlib(45070f5a112d041b-fork_ube_detect.o) has version 27.0.0, which is newer than target minimum of 11.0.0
         rust-lld: /Users/kooshapari/CodeProjects/Phenotype/repos/Tracera/target/debug/deps/libaws_lc_sys-a3b019717e25f3b6.rlib(45070f5a112d041b-ube.o) has version 27.0.0, which is newer than target minimum of 11.0.0
         rust-lld: /Users/kooshapari/CodeProjects/Phenotype/repos/Tracera/target/debug/deps/libaws_lc_sys-a3b019717e25f3b6.rlib(45070f5a112d041b-vm_ube_detect.o) has version 27.0.0, which is newer than target minimum of 11.0.0
         rust-lld: /Users/kooshapari/CodeProjects/Phenotype/repos/Tracera/target/debug/deps/libaws_lc_sys-a3b019717e25f3b6.rlib(c2f744a0f6403e0c-err_data.o) has version 27.0.0, which is newer than target minimum of 11.0.0
         rust-lld: /Users/kooshapari/CodeProjects/Phenotype/repos/Tracera/target/debug/deps/libaws_lc_sys-a3b019717e25f3b6.rlib(044d1b1af49c8a28-intt_aarch64_asm.o) has version 27.0.0, which is newer than target minimum of 11.0.0
         rust-lld: /Users/kooshapari/CodeProjects/Phenotype/repos/Tracera/target/debug/deps/libaws_lc_sys-a3b019717e25f3b6.rlib(044d1b1af49c8a28-mld_polyvecl_pointwise_acc_montgomery_l4_aarch64_asm.o) has version 27.0.0, which is newer than target minimum of 11.0.0
         rust-lld: /Users/kooshapari/CodeProjects/Phenotype/repos/Tracera/target/debug/deps/libaws_lc_sys-a3b019717e25f3b6.rlib(044d1b1af49c8a28-mld_polyvecl_pointwise_acc_montgomery_l5_aarch64_asm.o) has version 27.0.0, which is newer than target minimum of 11.0.0
         rust-lld: /Users/kooshapari/CodeProjects/Phenotype/repos/Tracera/target/debug/deps/libaws_lc_sys-a3b019717e25f3b6.rlib(044d1b1af49c8a28-mld_polyvecl_pointwise_acc_montgomery_l7_aarch64_asm.o) has version 27.0.0, which is newer than target minimum of 11.0.0
         rust-lld: /Users/kooshapari/CodeProjects/Phenotype/repos/Tracera/target/debug/deps/libaws_lc_sys-a3b019717e25f3b6.rlib(044d1b1af49c8a28-ntt_aarch64_asm.o) has version 27.0.0, which is newer than target minimum of 11.0.0
         rust-lld: /Users/kooshapari/CodeProjects/Phenotype/repos/Tracera/target/debug/deps/libaws_lc_sys-a3b019717e25f3b6.rlib(044d1b1af49c8a28-pointwise_montgomery_aarch64_asm.o) has version 27.0.0, which is newer than target minimum of 11.0.0
         rust-lld: /Users/kooshapari/CodeProjects/Phenotype/repos/Tracera/target/debug/deps/libaws_lc_sys-a3b019717e25f3b6.rlib(044d1b1af49c8a28-polyz_unpack_17_aarch64_asm.o) has version 27.0.0, which is newer than target minimum of 11.0.0
         rust-lld: /Users/kooshapari/CodeProjects/Phenotype/repos/Tracera/target/debug/deps/libaws_lc_sys-a3b019717e25f3b6.rlib(044d1b1af49c8a28-polyz_unpack_19_aarch64_asm.o) has version 27.0.0, which is newer than target minimum of 11.0.0
         rust-lld: /Users/kooshapari/CodeProjects/Phenotype/repos/Tracera/target/debug/deps/libaws_lc_sys-a3b019717e25f3b6.rlib(044d1b1af49c8a28-poly_caddq_aarch64_asm.o) has version 27.0.0, which is newer than target minimum of 11.0.0
         rust-lld: /Users/kooshapari/CodeProjects/Phenotype/repos/Tracera/target/debug/deps/libaws_lc_sys-a3b019717e25f3b6.rlib(044d1b1af49c8a28-poly_chknorm_aarch64_asm.o) has version 27.0.0, which is newer than target minimum of 11.0.0
         rust-lld: /Users/kooshapari/CodeProjects/Phenotype/repos/Tracera/target/debug/deps/libaws_lc_sys-a3b019717e25f3b6.rlib(044d1b1af49c8a28-poly_decompose_32_aarch64_asm.o) has version 27.0.0, which is newer than target minimum of 11.0.0
         rust-lld: /Users/kooshapari/CodeProjects/Phenotype/repos/Tracera/target/debug/deps/libaws_lc_sys-a3b019717e25f3b6.rlib(044d1b1af49c8a28-poly_decompose_88_aarch64_asm.o) has version 27.0.0, which is newer than target minimum of 11.0.0
         rust-lld: /Users/kooshapari/CodeProjects/Phenotype/repos/Tracera/target/debug/deps/libaws_lc_sys-a3b019717e25f3b6.rlib(044d1b1af49c8a28-poly_use_hint_32_aarch64_asm.o) has version 27.0.0, which is newer than target minimum of 11.0.0
         rust-lld: /Users/kooshapari/CodeProjects/Phenotype/repos/Tracera/target/debug/deps/libaws_lc_sys-a3b019717e25f3b6.rlib(044d1b1af49c8a28-poly_use_hint_88_aarch64_asm.o) has version 27.0.0, which is newer than target minimum of 11.0.0
         rust-lld: /Users/kooshapari/CodeProjects/Phenotype/repos/Tracera/target/debug/deps/libaws_lc_sys-a3b019717e25f3b6.rlib(044d1b1af49c8a28-rej_uniform_aarch64_asm.o) has version 27.0.0, which is newer than target minimum of 11.0.0
         rust-lld: /Users/kooshapari/CodeProjects/Phenotype/repos/Tracera/target/debug/deps/libaws_lc_sys-a3b019717e25f3b6.rlib(044d1b1af49c8a28-rej_uniform_eta2_aarch64_asm.o) has version 27.0.0, which is newer than target minimum of 11.0.0
         rust-lld: /Users/kooshapari/CodeProjects/Phenotype/repos/Tracera/target/debug/deps/libaws_lc_sys-a3b019717e25f3b6.rlib(044d1b1af49c8a28-rej_uniform_eta4_aarch64_asm.o) has version 27.0.0, which is newer than target minimum of 11.0.0
         rust-lld: /Users/kooshapari/CodeProjects/Phenotype/repos/Tracera/target/debug/deps/libaws_lc_sys-a3b019717e25f3b6.rlib(7a51880ffa82f69b-intt.o) has version 27.0.0, which is newer than target minimum of 11.0.0
         rust-lld: /Users/kooshapari/CodeProjects/Phenotype/repos/Tracera/target/debug/deps/libaws_lc_sys-a3b019717e25f3b6.rlib(7a51880ffa82f69b-ntt.o) has version 27.0.0, which is newer than target minimum of 11.0.0
         rust-lld: /Users/kooshapari/CodeProjects/Phenotype/repos/Tracera/target/debug/deps/libaws_lc_sys-a3b019717e25f3b6.rlib(7a51880ffa82f69b-polyvec_basemul_acc_montgomery_cached_asm_k2.o) has version 27.0.0, which is newer than target minimum of 11.0.0
         rust-lld: /Users/kooshapari/CodeProjects/Phenotype/repos/Tracera/target/debug/deps/libaws_lc_sys-a3b019717e25f3b6.rlib(7a51880ffa82f69b-polyvec_basemul_acc_montgomery_cached_asm_k3.o) has version 27.0.0, which is newer than target minimum of 11.0.0
         rust-lld: /Users/kooshapari/CodeProjects/Phenotype/repos/Tracera/target/debug/deps/libaws_lc_sys-a3b019717e25f3b6.rlib(7a51880ffa82f69b-polyvec_basemul_acc_montgomery_cached_asm_k4.o) has version 27.0.0, which is newer than target minimum of 11.0.0
         rust-lld: /Users/kooshapari/CodeProjects/Phenotype/repos/Tracera/target/debug/deps/libaws_lc_sys-a3b019717e25f3b6.rlib(7a51880ffa82f69b-poly_mulcache_compute_asm.o) has version 27.0.0, which is newer than target minimum of 11.0.0
         rust-lld: /Users/kooshapari/CodeProjects/Phenotype/repos/Tracera/target/debug/deps/libaws_lc_sys-a3b019717e25f3b6.rlib(7a51880ffa82f69b-poly_reduce_asm.o) has version 27.0.0, which is newer than target minimum of 11.0.0
         rust-lld: /Users/kooshapari/CodeProjects/Phenotype/repos/Tracera/target/debug/deps/libaws_lc_sys-a3b019717e25f3b6.rlib(7a51880ffa82f69b-poly_tobytes_asm.o) has version 27.0.0, which is newer than target minimum of 11.0.0
         rust-lld: /Users/kooshapari/CodeProjects/Phenotype/repos/Tracera/target/debug/deps/libaws_lc_sys-a3b019717e25f3b6.rlib(7a51880ffa82f69b-poly_tomont_asm.o) has version 27.0.0, which is newer than target minimum of 11.0.0
         rust-lld: /Users/kooshapari/CodeProjects/Phenotype/repos/Tracera/target/debug/deps/libaws_lc_sys-a3b019717e25f3b6.rlib(7a51880ffa82f69b-rej_uniform_asm.o) has version 27.0.0, which is newer than target minimum of 11.0.0
         rust-lld: /Users/kooshapari/CodeProjects/Phenotype/repos/Tracera/target/debug/deps/libaws_lc_sys-a3b019717e25f3b6.rlib(6cb977b152c40450-chacha-armv8.o) has version 27.0.0, which is newer than target minimum of 11.0.0
         rust-lld: /Users/kooshapari/CodeProjects/Phenotype/repos/Tracera/target/debug/deps/libaws_lc_sys-a3b019717e25f3b6.rlib(c53e8c40df789e0d-chacha20_poly1305_armv8.o) has version 27.0.0, which is newer than target minimum of 11.0.0
         rust-lld: /Users/kooshapari/CodeProjects/Phenotype/repos/Tracera/target/debug/deps/libaws_lc_sys-a3b019717e25f3b6.rlib(c4391ac3c46825d6-aesv8-armx.o) has version 27.0.0, which is newer than target minimum of 11.0.0
         rust-lld: /Users/kooshapari/CodeProjects/Phenotype/repos/Tracera/target/debug/deps/libaws_lc_sys-a3b019717e25f3b6.rlib(c4391ac3c46825d6-aesv8-gcm-armv8-unroll8.o) has version 27.0.0, which is newer than target minimum of 11.0.0
         rust-lld: /Users/kooshapari/CodeProjects/Phenotype/repos/Tracera/target/debug/deps/libaws_lc_sys-a3b019717e25f3b6.rlib(c4391ac3c46825d6-aesv8-gcm-armv8.o) has version 27.0.0, which is newer than target minimum of 11.0.0
         rust-lld: /Users/kooshapari/CodeProjects/Phenotype/repos/Tracera/target/debug/deps/libaws_lc_sys-a3b019717e25f3b6.rlib(c4391ac3c46825d6-armv8-mont.o) has version 27.0.0, which is newer than target minimum of 11.0.0
         rust-lld: /Users/kooshapari/CodeProjects/Phenotype/repos/Tracera/target/debug/deps/libaws_lc_sys-a3b019717e25f3b6.rlib(c4391ac3c46825d6-bn-armv8.o) has version 27.0.0, which is newer than target minimum of 11.0.0
         rust-lld: /Users/kooshapari/CodeProjects/Phenotype/repos/Tracera/target/debug/deps/libaws_lc_sys-a3b019717e25f3b6.rlib(c4391ac3c46825d6-ghash-neon-armv8.o) has version 27.0.0, which is newer than target minimum of 11.0.0
         rust-lld: /Users/kooshapari/CodeProjects/Phenotype/repos/Tracera/target/debug/deps/libaws_lc_sys-a3b019717e25f3b6.rlib(c4391ac3c46825d6-ghashv8-armx.o) has version 27.0.0, which is newer than target minimum of 11.0.0
         rust-lld: /Users/kooshapari/CodeProjects/Phenotype/repos/Tracera/target/debug/deps/libaws_lc_sys-a3b019717e25f3b6.rlib(c4391ac3c46825d6-keccak1600-armv8.o) has version 27.0.0, which is newer than target minimum of 11.0.0
         rust-lld: /Users/kooshapari/CodeProjects/Phenotype/repos/Tracera/target/debug/deps/libaws_lc_sys-a3b019717e25f3b6.rlib(c4391ac3c46825d6-md5-armv8.o) has version 27.0.0, which is newer than target minimum of 11.0.0
         rust-lld: /Users/kooshapari/CodeProjects/Phenotype/repos/Tracera/target/debug/deps/libaws_lc_sys-a3b019717e25f3b6.rlib(c4391ac3c46825d6-p256-armv8-asm.o) has version 27.0.0, which is newer than target minimum of 11.0.0
         rust-lld: /Users/kooshapari/CodeProjects/Phenotype/repos/Tracera/target/debug/deps/libaws_lc_sys-a3b019717e25f3b6.rlib(c4391ac3c46825d6-p256_beeu-armv8-asm.o) has version 27.0.0, which is newer than target minimum of 11.0.0
         rust-lld: /Users/kooshapari/CodeProjects/Phenotype/repos/Tracera/target/debug/deps/libaws_lc_sys-a3b019717e25f3b6.rlib(c4391ac3c46825d6-rndr-armv8.o) has version 27.0.0, which is newer than target minimum of 11.0.0
         rust-lld: /Users/kooshapari/CodeProjects/Phenotype/repos/Tracera/target/debug/deps/libaws_lc_sys-a3b019717e25f3b6.rlib(c4391ac3c46825d6-sha1-armv8.o) has version 27.0.0, which is newer than target minimum of 11.0.0
         rust-lld: /Users/kooshapari/CodeProjects/Phenotype/repos/Tracera/target/debug/deps/libaws_lc_sys-a3b019717e25f3b6.rlib(c4391ac3c46825d6-sha256-armv8.o) has version 27.0.0, which is newer than target minimum of 11.0.0
         rust-lld: /Users/kooshapari/CodeProjects/Phenotype/repos/Tracera/target/debug/deps/libaws_lc_sys-a3b019717e25f3b6.rlib(c4391ac3c46825d6-sha512-armv8.o) has version 27.0.0, which is newer than target minimum of 11.0.0
         rust-lld: /Users/kooshapari/CodeProjects/Phenotype/repos/Tracera/target/debug/deps/libaws_lc_sys-a3b019717e25f3b6.rlib(c4391ac3c46825d6-vpaes-armv8.o) has version 27.0.0, which is newer than target minimum of 11.0.0
         rust-lld: /Users/kooshapari/CodeProjects/Phenotype/repos/Tracera/target/debug/deps/libaws_lc_sys-a3b019717e25f3b6.rlib(2a065450252c12f3-bignum_madd_n25519.o) has version 27.0.0, which is newer than target minimum of 11.0.0
         rust-lld: /Users/kooshapari/CodeProjects/Phenotype/repos/Tracera/target/debug/deps/libaws_lc_sys-a3b019717e25f3b6.rlib(2a065450252c12f3-bignum_madd_n25519_alt.o) has version 27.0.0, which is newer than target minimum of 11.0.0
         rust-lld: /Users/kooshapari/CodeProjects/Phenotype/repos/Tracera/target/debug/deps/libaws_lc_sys-a3b019717e25f3b6.rlib(2a065450252c12f3-bignum_mod_n25519.o) has version 27.0.0, which is newer than target minimum of 11.0.0
         rust-lld: /Users/kooshapari/CodeProjects/Phenotype/repos/Tracera/target/debug/deps/libaws_lc_sys-a3b019717e25f3b6.rlib(2a065450252c12f3-bignum_neg_p25519.o) has version 27.0.0, which is newer than target minimum of 11.0.0
         rust-lld: /Users/kooshapari/CodeProjects/Phenotype/repos/Tracera/target/debug/deps/libaws_lc_sys-a3b019717e25f3b6.rlib(2a065450252c12f3-curve25519_x25519base_byte.o) has version 27.0.0, which is newer than target minimum of 11.0.0
         rust-lld: /Users/kooshapari/CodeProjects/Phenotype/repos/Tracera/target/debug/deps/libaws_lc_sys-a3b019717e25f3b6.rlib(2a065450252c12f3-curve25519_x25519base_byte_alt.o) has version 27.0.0, which is newer than target minimum of 11.0.0
         rust-lld: /Users/kooshapari/CodeProjects/Phenotype/repos/Tracera/target/debug/deps/libaws_lc_sys-a3b019717e25f3b6.rlib(2a065450252c12f3-curve25519_x25519_byte.o) has version 27.0.0, which is newer than target minimum of 11.0.0
         rust-lld: /Users/kooshapari/CodeProjects/Phenotype/repos/Tracera/target/debug/deps/libaws_lc_sys-a3b019717e25f3b6.rlib(2a065450252c12f3-curve25519_x25519_byte_alt.o) has version 27.0.0, which is newer than target minimum of 11.0.0
         rust-lld: /Users/kooshapari/CodeProjects/Phenotype/repos/Tracera/target/debug/deps/libaws_lc_sys-a3b019717e25f3b6.rlib(2a065450252c12f3-edwards25519_decode.o) has version 27.0.0, which is newer than target minimum of 11.0.0
         rust-lld: /Users/kooshapari/CodeProjects/Phenotype/repos/Tracera/target/debug/deps/libaws_lc_sys-a3b019717e25f3b6.rlib(2a065450252c12f3-edwards25519_decode_alt.o) has version 27.0.0, which is newer than target minimum of 11.0.0
         rust-lld: /Users/kooshapari/CodeProjects/Phenotype/repos/Tracera/target/debug/deps/libaws_lc_sys-a3b019717e25f3b6.rlib(2a065450252c12f3-edwards25519_encode.o) has version 27.0.0, which is newer than target minimum of 11.0.0
         rust-lld: /Users/kooshapari/CodeProjects/Phenotype/repos/Tracera/target/debug/deps/libaws_lc_sys-a3b019717e25f3b6.rlib(2a065450252c12f3-edwards25519_scalarmulbase.o) has version 27.0.0, which is newer than target minimum of 11.0.0
         rust-lld: /Users/kooshapari/CodeProjects/Phenotype/repos/Tracera/target/debug/deps/libaws_lc_sys-a3b019717e25f3b6.rlib(2a065450252c12f3-edwards25519_scalarmulbase_alt.o) has version 27.0.0, which is newer than target minimum of 11.0.0
         rust-lld: /Users/kooshapari/CodeProjects/Phenotype/repos/Tracera/target/debug/deps/libaws_lc_sys-a3b019717e25f3b6.rlib(2a065450252c12f3-edwards25519_scalarmuldouble.o) has version 27.0.0, which is newer than target minimum of 11.0.0
         rust-lld: /Users/kooshapari/CodeProjects/Phenotype/repos/Tracera/target/debug/deps/libaws_lc_sys-a3b019717e25f3b6.rlib(2a065450252c12f3-edwards25519_scalarmuldouble_alt.o) has version 27.0.0, which is newer than target minimum of 11.0.0
         rust-lld: /Users/kooshapari/CodeProjects/Phenotype/repos/Tracera/target/debug/deps/libaws_lc_sys-a3b019717e25f3b6.rlib(2ee72d5a85c036ff-bignum_emontredc_8n.o) has version 27.0.0, which is newer than target minimum of 11.0.0
         rust-lld: /Users/kooshapari/CodeProjects/Phenotype/repos/Tracera/target/debug/deps/libaws_lc_sys-a3b019717e25f3b6.rlib(2ee72d5a85c036ff-bignum_kmul_16_32.o) has version 27.0.0, which is newer than target minimum of 11.0.0
         rust-lld: /Users/kooshapari/CodeProjects/Phenotype/repos/Tracera/target/debug/deps/libaws_lc_sys-a3b019717e25f3b6.rlib(2ee72d5a85c036ff-bignum_kmul_32_64.o) has version 27.0.0, which is newer than target minimum of 11.0.0
         rust-lld: /Users/kooshapari/CodeProjects/Phenotype/repos/Tracera/target/debug/deps/libaws_lc_sys-a3b019717e25f3b6.rlib(2ee72d5a85c036ff-bignum_ksqr_16_32.o) has version 27.0.0, which is newer than target minimum of 11.0.0
         rust-lld: /Users/kooshapari/CodeProjects/Phenotype/repos/Tracera/target/debug/deps/libaws_lc_sys-a3b019717e25f3b6.rlib(2ee72d5a85c036ff-bignum_ksqr_32_64.o) has version 27.0.0, which is newer than target minimum of 11.0.0
         rust-lld: /Users/kooshapari/CodeProjects/Phenotype/repos/Tracera/target/debug/deps/libaws_lc_sys-a3b019717e25f3b6.rlib(2eb9bba22ef5252d-bignum_copy_row_from_table.o) has version 27.0.0, which is newer than target minimum of 11.0.0
         rust-lld: /Users/kooshapari/CodeProjects/Phenotype/repos/Tracera/target/debug/deps/libaws_lc_sys-a3b019717e25f3b6.rlib(2eb9bba22ef5252d-bignum_copy_row_from_table_16.o) has version 27.0.0, which is newer than target minimum of 11.0.0
         rust-lld: /Users/kooshapari/CodeProjects/Phenotype/repos/Tracera/target/debug/deps/libaws_lc_sys-a3b019717e25f3b6.rlib(2eb9bba22ef5252d-bignum_copy_row_from_table_32.o) has version 27.0.0, which is newer than target minimum of 11.0.0
         rust-lld: /Users/kooshapari/CodeProjects/Phenotype/repos/Tracera/target/debug/deps/libaws_lc_sys-a3b019717e25f3b6.rlib(2eb9bba22ef5252d-bignum_copy_row_from_table_8n.o) has version 27.0.0, which is newer than target minimum of 11.0.0
         rust-lld: /Users/kooshapari/CodeProjects/Phenotype/repos/Tracera/target/debug/deps/libaws_lc_sys-a3b019717e25f3b6.rlib(2eb9bba22ef5252d-bignum_ge.o) has version 27.0.0, which is newer than target minimum of 11.0.0
         rust-lld: /Users/kooshapari/CodeProjects/Phenotype/repos/Tracera/target/debug/deps/libaws_lc_sys-a3b019717e25f3b6.rlib(2eb9bba22ef5252d-bignum_mul.o) has version 27.0.0, which is newer than target minimum of 11.0.0
         rust-lld: /Users/kooshapari/CodeProjects/Phenotype/repos/Tracera/target/debug/deps/libaws_lc_sys-a3b019717e25f3b6.rlib(2eb9bba22ef5252d-bignum_optsub.o) has version 27.0.0, which is newer than target minimum of 11.0.0
         rust-lld: /Users/kooshapari/CodeProjects/Phenotype/repos/Tracera/target/debug/deps/libaws_lc_sys-a3b019717e25f3b6.rlib(2eb9bba22ef5252d-bignum_sqr.o) has version 27.0.0, which is newer than target minimum of 11.0.0
         rust-lld: /Users/kooshapari/CodeProjects/Phenotype/repos/Tracera/target/debug/deps/libaws_lc_sys-a3b019717e25f3b6.rlib(46b3cee15136b9e3-bignum_montinv_p256.o) has version 27.0.0, which is newer than target minimum of 11.0.0
         rust-lld: /Users/kooshapari/CodeProjects/Phenotype/repos/Tracera/target/debug/deps/libaws_lc_sys-a3b019717e25f3b6.rlib(46b3cee15136b9e3-p256_montjscalarmul.o) has version 27.0.0, which is newer than target minimum of 11.0.0
         rust-lld: /Users/kooshapari/CodeProjects/Phenotype/repos/Tracera/target/debug/deps/libaws_lc_sys-a3b019717e25f3b6.rlib(46b3cee15136b9e3-p256_montjscalarmul_alt.o) has version 27.0.0, which is newer than target minimum of 11.0.0
         rust-lld: /Users/kooshapari/CodeProjects/Phenotype/repos/Tracera/target/debug/deps/libaws_lc_sys-a3b019717e25f3b6.rlib(33b0e8a9ff3ac954-bignum_add_p384.o) has version 27.0.0, which is newer than target minimum of 11.0.0
         rust-lld: /Users/kooshapari/CodeProjects/Phenotype/repos/Tracera/target/debug/deps/libaws_lc_sys-a3b019717e25f3b6.rlib(33b0e8a9ff3ac954-bignum_deamont_p384.o) has version 27.0.0, which is newer than target minimum of 11.0.0
         rust-lld: /Users/kooshapari/CodeProjects/Phenotype/repos/Tracera/target/debug/deps/libaws_lc_sys-a3b019717e25f3b6.rlib(33b0e8a9ff3ac954-bignum_littleendian_6.o) has version 27.0.0, which is newer than target minimum of 11.0.0
         rust-lld: /Users/kooshapari/CodeProjects/Phenotype/repos/Tracera/target/debug/deps/libaws_lc_sys-a3b019717e25f3b6.rlib(33b0e8a9ff3ac954-bignum_montinv_p384.o) has version 27.0.0, which is newer than target minimum of 11.0.0
         rust-lld: /Users/kooshapari/CodeProjects/Phenotype/repos/Tracera/target/debug/deps/libaws_lc_sys-a3b019717e25f3b6.rlib(33b0e8a9ff3ac954-bignum_montmul_p384.o) has version 27.0.0, which is newer than target minimum of 11.0.0
         rust-lld: /Users/kooshapari/CodeProjects/Phenotype/repos/Tracera/target/debug/deps/libaws_lc_sys-a3b019717e25f3b6.rlib(33b0e8a9ff3ac954-bignum_montmul_p384_alt.o) has version 27.0.0, which is newer than target minimum of 11.0.0
         rust-lld: /Users/kooshapari/CodeProjects/Phenotype/repos/Tracera/target/debug/deps/libaws_lc_sys-a3b019717e25f3b6.rlib(33b0e8a9ff3ac954-bignum_montsqr_p384.o) has version 27.0.0, which is newer than target minimum of 11.0.0
         rust-lld: /Users/kooshapari/CodeProjects/Phenotype/repos/Tracera/target/debug/deps/libaws_lc_sys-a3b019717e25f3b6.rlib(33b0e8a9ff3ac954-bignum_montsqr_p384_alt.o) has version 27.0.0, which is newer than target minimum of 11.0.0
         rust-lld: /Users/kooshapari/CodeProjects/Phenotype/repos/Tracera/target/debug/deps/libaws_lc_sys-a3b019717e25f3b6.rlib(33b0e8a9ff3ac954-bignum_neg_p384.o) has version 27.0.0, which is newer than target minimum of 11.0.0
         rust-lld: /Users/kooshapari/CodeProjects/Phenotype/repos/Tracera/target/debug/deps/libaws_lc_sys-a3b019717e25f3b6.rlib(33b0e8a9ff3ac954-bignum_nonzero_6.o) has version 27.0.0, which is newer than target minimum of 11.0.0
         rust-lld: /Users/kooshapari/CodeProjects/Phenotype/repos/Tracera/target/debug/deps/libaws_lc_sys-a3b019717e25f3b6.rlib(33b0e8a9ff3ac954-bignum_sub_p384.o) has version 27.0.0, which is newer than target minimum of 11.0.0
         rust-lld: /Users/kooshapari/CodeProjects/Phenotype/repos/Tracera/target/debug/deps/libaws_lc_sys-a3b019717e25f3b6.rlib(33b0e8a9ff3ac954-bignum_tomont_p384.o) has version 27.0.0, which is newer than target minimum of 11.0.0
         rust-lld: /Users/kooshapari/CodeProjects/Phenotype/repos/Tracera/target/debug/deps/libaws_lc_sys-a3b019717e25f3b6.rlib(33b0e8a9ff3ac954-p384_montjdouble.o) has version 27.0.0, which is newer than target minimum of 11.0.0
         rust-lld: /Users/kooshapari/CodeProjects/Phenotype/repos/Tracera/target/debug/deps/libaws_lc_sys-a3b019717e25f3b6.rlib(33b0e8a9ff3ac954-p384_montjdouble_alt.o) has version 27.0.0, which is newer than target minimum of 11.0.0
         rust-lld: /Users/kooshapari/CodeProjects/Phenotype/repos/Tracera/target/debug/deps/libaws_lc_sys-a3b019717e25f3b6.rlib(33b0e8a9ff3ac954-p384_montjscalarmul.o) has version 27.0.0, which is newer than target minimum of 11.0.0
         rust-lld: /Users/kooshapari/CodeProjects/Phenotype/repos/Tracera/target/debug/deps/libaws_lc_sys-a3b019717e25f3b6.rlib(33b0e8a9ff3ac954-p384_montjscalarmul_alt.o) has version 27.0.0, which is newer than target minimum of 11.0.0
         rust-lld: /Users/kooshapari/CodeProjects/Phenotype/repos/Tracera/target/debug/deps/libaws_lc_sys-a3b019717e25f3b6.rlib(ccbabe9886131d80-bignum_add_p521.o) has version 27.0.0, which is newer than target minimum of 11.0.0
         rust-lld: /Users/kooshapari/CodeProjects/Phenotype/repos/Tracera/target/debug/deps/libaws_lc_sys-a3b019717e25f3b6.rlib(ccbabe9886131d80-bignum_fromlebytes_p521.o) has version 27.0.0, which is newer than target minimum of 11.0.0
         rust-lld: /Users/kooshapari/CodeProjects/Phenotype/repos/Tracera/target/debug/deps/libaws_lc_sys-a3b019717e25f3b6.rlib(ccbabe9886131d80-bignum_inv_p521.o) has version 27.0.0, which is newer than target minimum of 11.0.0
         rust-lld: /Users/kooshapari/CodeProjects/Phenotype/repos/Tracera/target/debug/deps/libaws_lc_sys-a3b019717e25f3b6.rlib(ccbabe9886131d80-bignum_mul_p521.o) has version 27.0.0, which is newer than target minimum of 11.0.0
         rust-lld: /Users/kooshapari/CodeProjects/Phenotype/repos/Tracera/target/debug/deps/libaws_lc_sys-a3b019717e25f3b6.rlib(ccbabe9886131d80-bignum_mul_p521_alt.o) has version 27.0.0, which is newer than target minimum of 11.0.0
         rust-lld: /Users/kooshapari/CodeProjects/Phenotype/repos/Tracera/target/debug/deps/libaws_lc_sys-a3b019717e25f3b6.rlib(ccbabe9886131d80-bignum_neg_p521.o) has version 27.0.0, which is newer than target minimum of 11.0.0
         rust-lld: /Users/kooshapari/CodeProjects/Phenotype/repos/Tracera/target/debug/deps/libaws_lc_sys-a3b019717e25f3b6.rlib(ccbabe9886131d80-bignum_sqr_p521.o) has version 27.0.0, which is newer than target minimum of 11.0.0
         rust-lld: /Users/kooshapari/CodeProjects/Phenotype/repos/Tracera/target/debug/deps/libaws_lc_sys-a3b019717e25f3b6.rlib(ccbabe9886131d80-bignum_sqr_p521_alt.o) has version 27.0.0, which is newer than target minimum of 11.0.0
         rust-lld: /Users/kooshapari/CodeProjects/Phenotype/repos/Tracera/target/debug/deps/libaws_lc_sys-a3b019717e25f3b6.rlib(ccbabe9886131d80-bignum_sub_p521.o) has version 27.0.0, which is newer than target minimum of 11.0.0
         rust-lld: /Users/kooshapari/CodeProjects/Phenotype/repos/Tracera/target/debug/deps/libaws_lc_sys-a3b019717e25f3b6.rlib(ccbabe9886131d80-bignum_tolebytes_p521.o) has version 27.0.0, which is newer than target minimum of 11.0.0
         rust-lld: /Users/kooshapari/CodeProjects/Phenotype/repos/Tracera/target/debug/deps/libaws_lc_sys-a3b019717e25f3b6.rlib(ccbabe9886131d80-p521_jdouble.o) has version 27.0.0, which is newer than target minimum of 11.0.0
         rust-lld: /Users/kooshapari/CodeProjects/Phenotype/repos/Tracera/target/debug/deps/libaws_lc_sys-a3b019717e25f3b6.rlib(ccbabe9886131d80-p521_jdouble_alt.o) has version 27.0.0, which is newer than target minimum of 11.0.0
         rust-lld: /Users/kooshapari/CodeProjects/Phenotype/repos/Tracera/target/debug/deps/libaws_lc_sys-a3b019717e25f3b6.rlib(ccbabe9886131d80-p521_jscalarmul.o) has version 27.0.0, which is newer than target minimum of 11.0.0
         rust-lld: /Users/kooshapari/CodeProjects/Phenotype/repos/Tracera/target/debug/deps/libaws_lc_sys-a3b019717e25f3b6.rlib(ccbabe9886131d80-p521_jscalarmul_alt.o) has version 27.0.0, which is newer than target minimum of 11.0.0
         rust-lld: /Users/kooshapari/CodeProjects/Phenotype/repos/Tracera/target/debug/deps/libaws_lc_sys-a3b019717e25f3b6.rlib(ac9a06e0f1f9cd7d-sha3_keccak2_f1600.o) has version 27.0.0, which is newer than target minimum of 11.0.0
         rust-lld: /Users/kooshapari/CodeProjects/Phenotype/repos/Tracera/target/debug/deps/libaws_lc_sys-a3b019717e25f3b6.rlib(ac9a06e0f1f9cd7d-sha3_keccak4_f1600_alt.o) has version 27.0.0, which is newer than target minimum of 11.0.0
         rust-lld: /Users/kooshapari/CodeProjects/Phenotype/repos/Tracera/target/debug/deps/libaws_lc_sys-a3b019717e25f3b6.rlib(ac9a06e0f1f9cd7d-sha3_keccak4_f1600_alt2.o) has version 27.0.0, which is newer than target minimum of 11.0.0
         rust-lld: /Users/kooshapari/CodeProjects/Phenotype/repos/Tracera/target/debug/deps/libaws_lc_sys-a3b019717e25f3b6.rlib(ac9a06e0f1f9cd7d-sha3_keccak_f1600.o) has version 27.0.0, which is newer than target minimum of 11.0.0
         rust-lld: /Users/kooshapari/CodeProjects/Phenotype/repos/Tracera/target/debug/deps/libaws_lc_sys-a3b019717e25f3b6.rlib(ac9a06e0f1f9cd7d-sha3_keccak_f1600_alt.o) has version 27.0.0, which is newer than target minimum of 11.0.0
         rust-lld: /Users/kooshapari/CodeProjects/Phenotype/repos/Tracera/target/debug/deps/libaws_lc_sys-a3b019717e25f3b6.rlib(e9338ebcd69164a9-aes-xts-dec.o) has version 27.0.0, which is newer than target minimum of 11.0.0
         rust-lld: /Users/kooshapari/CodeProjects/Phenotype/repos/Tracera/target/debug/deps/libaws_lc_sys-a3b019717e25f3b6.rlib(e9338ebcd69164a9-aes-xts-enc.o) has version 27.0.0, which is newer than target minimum of 11.0.0
         rust-lld: /Users/kooshapari/CodeProjects/Phenotype/repos/Tracera/target/debug/deps/libaws_lc_sys-a3b019717e25f3b6.rlib(2d40dbbd793ef942-jitterentropy-base.o) has version 27.0.0, which is newer than target minimum of 11.0.0
         rust-lld: /Users/kooshapari/CodeProjects/Phenotype/repos/Tracera/target/debug/deps/libaws_lc_sys-a3b019717e25f3b6.rlib(2d40dbbd793ef942-jitterentropy-gcd.o) has version 27.0.0, which is newer than target minimum of 11.0.0
         rust-lld: /Users/kooshapari/CodeProjects/Phenotype/repos/Tracera/target/debug/deps/libaws_lc_sys-a3b019717e25f3b6.rlib(2d40dbbd793ef942-jitterentropy-health.o) has version 27.0.0, which is newer than target minimum of 11.0.0
         rust-lld: /Users/kooshapari/CodeProjects/Phenotype/repos/Tracera/target/debug/deps/libaws_lc_sys-a3b019717e25f3b6.rlib(2d40dbbd793ef942-jitterentropy-noise.o) has version 27.0.0, which is newer than target minimum of 11.0.0
         rust-lld: /Users/kooshapari/CodeProjects/Phenotype/repos/Tracera/target/debug/deps/libaws_lc_sys-a3b019717e25f3b6.rlib(2d40dbbd793ef942-jitterentropy-sha3.o) has version 27.0.0, which is newer than target minimum of 11.0.0
         rust-lld: Option `-no_compact_unwind' is undocumented. Should lld implement it?
  |
  = note: `#[warn(linker_messages)]` on by default

warning: `tracera-cli` (bin "tracera" test) generated 3 warnings
    Finished `test` profile [unoptimized + debuginfo] target(s) in 1.30s
     Running unittests src/main.rs (target/debug/deps/tracera-b6c1bea7597e8c5e)
     Running unittests src/lib.rs (target/debug/deps/tracera_edge-02c3ecacd6eac335)
     Running unittests src/main.rs (target/debug/deps/tracera_server-23540d47ebedc48f)
     Running unittests src/main.rs (target/debug/deps/tracertm_mcp-9036f34d754adca9)
warning: linker stderr: rust-lld: Option `-no_compact_unwind' is undocumented. Should lld implement it?
  |
  = note: `#[warn(linker_messages)]` on by default

warning: `tracertm-mcp` (bin "tracertm-mcp" test) generated 1 warning
warning: linker stderr: rust-lld: /Users/kooshapari/CodeProjects/Phenotype/repos/Tracera/target/debug/deps/libaws_lc_sys-a3b019717e25f3b6.rlib(7a596fe31a02c0e2-convert.o) has version 27.0.0, which is newer than target minimum of 11.0.0
         rust-lld: /Users/kooshapari/CodeProjects/Phenotype/repos/Tracera/target/debug/deps/libaws_lc_sys-a3b019717e25f3b6.rlib(76322f89f5cc2d96-bio.o) has version 27.0.0, which is newer than target minimum of 11.0.0
         rust-lld: /Users/kooshapari/CodeProjects/Phenotype/repos/Tracera/target/debug/deps/libaws_lc_sys-a3b019717e25f3b6.rlib(76322f89f5cc2d96-file.o) has version 27.0.0, which is newer than target minimum of 11.0.0
         rust-lld: /Users/kooshapari/CodeProjects/Phenotype/repos/Tracera/target/debug/deps/libaws_lc_sys-a3b019717e25f3b6.rlib(c4fcddba145918af-cbb.o) has version 27.0.0, which is newer than target minimum of 11.0.0
         rust-lld: /Users/kooshapari/CodeProjects/Phenotype/repos/Tracera/target/debug/deps/libaws_lc_sys-a3b019717e25f3b6.rlib(c4fcddba145918af-cbs.o) has version 27.0.0, which is newer than target minimum of 11.0.0
         rust-lld: /Users/kooshapari/CodeProjects/Phenotype/repos/Tracera/target/debug/deps/libaws_lc_sys-a3b019717e25f3b6.rlib(bc1b343226bc6a17-posix_time.o) has version 27.0.0, which is newer than target minimum of 11.0.0
         rust-lld: /Users/kooshapari/CodeProjects/Phenotype/repos/Tracera/target/debug/deps/libaws_lc_sys-a3b019717e25f3b6.rlib(a6455f51a2435c3f-chacha.o) has version 27.0.0, which is newer than target minimum of 11.0.0
         rust-lld: /Users/kooshapari/CodeProjects/Phenotype/repos/Tracera/target/debug/deps/libaws_lc_sys-a3b019717e25f3b6.rlib(89981633f66afe17-e_aesgcmsiv.o) has version 27.0.0, which is newer than target minimum of 11.0.0
         rust-lld: /Users/kooshapari/CodeProjects/Phenotype/repos/Tracera/target/debug/deps/libaws_lc_sys-a3b019717e25f3b6.rlib(89981633f66afe17-e_chacha20poly1305.o) has version 27.0.0, which is newer than target minimum of 11.0.0
         rust-lld: /Users/kooshapari/CodeProjects/Phenotype/repos/Tracera/target/debug/deps/libaws_lc_sys-a3b019717e25f3b6.rlib(89981633f66afe17-e_des.o) has version 27.0.0, which is newer than target minimum of 11.0.0
         rust-lld: /Users/kooshapari/CodeProjects/Phenotype/repos/Tracera/target/debug/deps/libaws_lc_sys-a3b019717e25f3b6.rlib(30a9a10d3f98970e-crypto.o) has version 27.0.0, which is newer than target minimum of 11.0.0
         rust-lld: /Users/kooshapari/CodeProjects/Phenotype/repos/Tracera/target/debug/deps/libaws_lc_sys-a3b019717e25f3b6.rlib(175e87304cd4663c-cfb.o) has version 27.0.0, which is newer than target minimum of 11.0.0
         rust-lld: /Users/kooshapari/CodeProjects/Phenotype/repos/Tracera/target/debug/deps/libaws_lc_sys-a3b019717e25f3b6.rlib(da5030c6f3330e8d-des.o) has version 27.0.0, which is newer than target minimum of 11.0.0
         rust-lld: /Users/kooshapari/CodeProjects/Phenotype/repos/Tracera/target/debug/deps/libaws_lc_sys-a3b019717e25f3b6.rlib(0c919c82d61b4518-ecdsa_asn1.o) has version 27.0.0, which is newer than target minimum of 11.0.0
         rust-lld: /Users/kooshapari/CodeProjects/Phenotype/repos/Tracera/target/debug/deps/libaws_lc_sys-a3b019717e25f3b6.rlib(7a596fe31a02c0e2-bn_asn1.o) has version 27.0.0, which is newer than target minimum of 11.0.0
         rust-lld: /Users/kooshapari/CodeProjects/Phenotype/repos/Tracera/target/debug/deps/libaws_lc_sys-a3b019717e25f3b6.rlib(c4fcddba145918af-asn1_compat.o) has version 27.0.0, which is newer than target minimum of 11.0.0
         rust-lld: /Users/kooshapari/CodeProjects/Phenotype/repos/Tracera/target/debug/deps/libaws_lc_sys-a3b019717e25f3b6.rlib(dfe446faf29f8012-ec_asn1.o) has version 27.0.0, which is newer than target minimum of 11.0.0
         rust-lld: /Users/kooshapari/CodeProjects/Phenotype/repos/Tracera/target/debug/deps/libaws_lc_sys-a3b019717e25f3b6.rlib(a3e95cd5f24d649a-err.o) has version 27.0.0, which is newer than target minimum of 11.0.0
         rust-lld: /Users/kooshapari/CodeProjects/Phenotype/repos/Tracera/target/debug/deps/libaws_lc_sys-a3b019717e25f3b6.rlib(7510312e0f5aa0be-evp_asn1.o) has version 27.0.0, which is newer than target minimum of 11.0.0
         rust-lld: /Users/kooshapari/CodeProjects/Phenotype/repos/Tracera/target/debug/deps/libaws_lc_sys-a3b019717e25f3b6.rlib(fb1f39df2ea6f08f-dsa.o) has version 27.0.0, which is newer than target minimum of 11.0.0
         rust-lld: /Users/kooshapari/CodeProjects/Phenotype/repos/Tracera/target/debug/deps/libaws_lc_sys-a3b019717e25f3b6.rlib(fb1f39df2ea6f08f-dsa_asn1.o) has version 27.0.0, which is newer than target minimum of 11.0.0
         rust-lld: /Users/kooshapari/CodeProjects/Phenotype/repos/Tracera/target/debug/deps/libaws_lc_sys-a3b019717e25f3b6.rlib(7510312e0f5aa0be-print.o) has version 27.0.0, which is newer than target minimum of 11.0.0
         rust-lld: /Users/kooshapari/CodeProjects/Phenotype/repos/Tracera/target/debug/deps/libaws_lc_sys-a3b019717e25f3b6.rlib(76322f89f5cc2d96-printf.o) has version 27.0.0, which is newer than target minimum of 11.0.0
         rust-lld: /Users/kooshapari/CodeProjects/Phenotype/repos/Tracera/target/debug/deps/libaws_lc_sys-a3b019717e25f3b6.rlib(7510312e0f5aa0be-p_methods.o) has version 27.0.0, which is newer than target minimum of 11.0.0
         rust-lld: /Users/kooshapari/CodeProjects/Phenotype/repos/Tracera/target/debug/deps/libaws_lc_sys-a3b019717e25f3b6.rlib(7510312e0f5aa0be-p_dh_asn1.o) has version 27.0.0, which is newer than target minimum of 11.0.0
         rust-lld: /Users/kooshapari/CodeProjects/Phenotype/repos/Tracera/target/debug/deps/libaws_lc_sys-a3b019717e25f3b6.rlib(c1300545a7d60e2b-dh_asn1.o) has version 27.0.0, which is newer than target minimum of 11.0.0
         rust-lld: /Users/kooshapari/CodeProjects/Phenotype/repos/Tracera/target/debug/deps/libaws_lc_sys-a3b019717e25f3b6.rlib(7510312e0f5aa0be-p_dh.o) has version 27.0.0, which is newer than target minimum of 11.0.0
         rust-lld: /Users/kooshapari/CodeProjects/Phenotype/repos/Tracera/target/debug/deps/libaws_lc_sys-a3b019717e25f3b6.rlib(c1300545a7d60e2b-params.o) has version 27.0.0, which is newer than target minimum of 11.0.0
         rust-lld: /Users/kooshapari/CodeProjects/Phenotype/repos/Tracera/target/debug/deps/libaws_lc_sys-a3b019717e25f3b6.rlib(7510312e0f5aa0be-p_dsa_asn1.o) has version 27.0.0, which is newer than target minimum of 11.0.0
         rust-lld: /Users/kooshapari/CodeProjects/Phenotype/repos/Tracera/target/debug/deps/libaws_lc_sys-a3b019717e25f3b6.rlib(7510312e0f5aa0be-p_dsa.o) has version 27.0.0, which is newer than target minimum of 11.0.0
         rust-lld: /Users/kooshapari/CodeProjects/Phenotype/repos/Tracera/target/debug/deps/libaws_lc_sys-a3b019717e25f3b6.rlib(e71c6558e17b1ce7-digest_extra.o) has version 27.0.0, which is newer than target minimum of 11.0.0
         rust-lld: /Users/kooshapari/CodeProjects/Phenotype/repos/Tracera/target/debug/deps/libaws_lc_sys-a3b019717e25f3b6.rlib(62e235b24f99f4ff-blake2.o) has version 27.0.0, which is newer than target minimum of 11.0.0
         rust-lld: /Users/kooshapari/CodeProjects/Phenotype/repos/Tracera/target/debug/deps/libaws_lc_sys-a3b019717e25f3b6.rlib(7510312e0f5aa0be-p_ec_asn1.o) has version 27.0.0, which is newer than target minimum of 11.0.0
         rust-lld: /Users/kooshapari/CodeProjects/Phenotype/repos/Tracera/target/debug/deps/libaws_lc_sys-a3b019717e25f3b6.rlib(7510312e0f5aa0be-p_ed25519_asn1.o) has version 27.0.0, which is newer than target minimum of 11.0.0
         rust-lld: /Users/kooshapari/CodeProjects/Phenotype/repos/Tracera/target/debug/deps/libaws_lc_sys-a3b019717e25f3b6.rlib(7510312e0f5aa0be-p_hmac_asn1.o) has version 27.0.0, which is newer than target minimum of 11.0.0
         rust-lld: /Users/kooshapari/CodeProjects/Phenotype/repos/Tracera/target/debug/deps/libaws_lc_sys-a3b019717e25f3b6.rlib(7510312e0f5aa0be-p_kem_asn1.o) has version 27.0.0, which is newer than target minimum of 11.0.0
         rust-lld: /Users/kooshapari/CodeProjects/Phenotype/repos/Tracera/target/debug/deps/libaws_lc_sys-a3b019717e25f3b6.rlib(7510312e0f5aa0be-p_pqdsa_asn1.o) has version 27.0.0, which is newer than target minimum of 11.0.0
         rust-lld: /Users/kooshapari/CodeProjects/Phenotype/repos/Tracera/target/debug/deps/libaws_lc_sys-a3b019717e25f3b6.rlib(7510312e0f5aa0be-p_rsa_asn1.o) has version 27.0.0, which is newer than target minimum of 11.0.0
         rust-lld: /Users/kooshapari/CodeProjects/Phenotype/repos/Tracera/target/debug/deps/libaws_lc_sys-a3b019717e25f3b6.rlib(7510312e0f5aa0be-p_x25519.o) has version 27.0.0, which is newer than target minimum of 11.0.0
         rust-lld: /Users/kooshapari/CodeProjects/Phenotype/repos/Tracera/target/debug/deps/libaws_lc_sys-a3b019717e25f3b6.rlib(7510312e0f5aa0be-p_x25519_asn1.o) has version 27.0.0, which is newer than target minimum of 11.0.0
         rust-lld: /Users/kooshapari/CodeProjects/Phenotype/repos/Tracera/target/debug/deps/libaws_lc_sys-a3b019717e25f3b6.rlib(30a9a10d3f98970e-ex_data.o) has version 27.0.0, which is newer than target minimum of 11.0.0
         rust-lld: /Users/kooshapari/CodeProjects/Phenotype/repos/Tracera/target/debug/deps/libaws_lc_sys-a3b019717e25f3b6.rlib(f8e4fd781484bd36-bcm.o) has version 27.0.0, which is newer than target minimum of 11.0.0
         rust-lld: /Users/kooshapari/CodeProjects/Phenotype/repos/Tracera/target/debug/deps/libaws_lc_sys-a3b019717e25f3b6.rlib(dcb7d53a9be33b0c-engine.o) has version 27.0.0, which is newer than target minimum of 11.0.0
         rust-lld: /Users/kooshapari/CodeProjects/Phenotype/repos/Tracera/target/debug/deps/libaws_lc_sys-a3b019717e25f3b6.rlib(199386740f3660f1-ripemd.o) has version 27.0.0, which is newer than target minimum of 11.0.0
         rust-lld: /Users/kooshapari/CodeProjects/Phenotype/repos/Tracera/target/debug/deps/libaws_lc_sys-a3b019717e25f3b6.rlib(763c374fde874a6d-console.o) has version 27.0.0, which is newer than target minimum of 11.0.0
         rust-lld: /Users/kooshapari/CodeProjects/Phenotype/repos/Tracera/target/debug/deps/libaws_lc_sys-a3b019717e25f3b6.rlib(001247bc65c2f5e5-cpucap.o) has version 27.0.0, which is newer than target minimum of 11.0.0
         rust-lld: /Users/kooshapari/CodeProjects/Phenotype/repos/Tracera/target/debug/deps/libaws_lc_sys-a3b019717e25f3b6.rlib(6e985d8b17b56a49-md4.o) has version 27.0.0, which is newer than target minimum of 11.0.0
         rust-lld: /Users/kooshapari/CodeProjects/Phenotype/repos/Tracera/target/debug/deps/libaws_lc_sys-a3b019717e25f3b6.rlib(30a9a10d3f98970e-mem.o) has version 27.0.0, which is newer than target minimum of 11.0.0
         rust-lld: /Users/kooshapari/CodeProjects/Phenotype/repos/Tracera/target/debug/deps/libaws_lc_sys-a3b019717e25f3b6.rlib(7ac4c9359514b807-obj.o) has version 27.0.0, which is newer than target minimum of 11.0.0
         rust-lld: /Users/kooshapari/CodeProjects/Phenotype/repos/Tracera/target/debug/deps/libaws_lc_sys-a3b019717e25f3b6.rlib(bc1b343226bc6a17-a_object.o) has version 27.0.0, which is newer than target minimum of 11.0.0
         rust-lld: /Users/kooshapari/CodeProjects/Phenotype/repos/Tracera/target/debug/deps/libaws_lc_sys-a3b019717e25f3b6.rlib(ea2b51a0b6630529-lhash.o) has version 27.0.0, which is newer than target minimum of 11.0.0
         rust-lld: /Users/kooshapari/CodeProjects/Phenotype/repos/Tracera/target/debug/deps/libaws_lc_sys-a3b019717e25f3b6.rlib(7ac4c9359514b807-obj_xref.o) has version 27.0.0, which is newer than target minimum of 11.0.0
         rust-lld: /Users/kooshapari/CodeProjects/Phenotype/repos/Tracera/target/debug/deps/libaws_lc_sys-a3b019717e25f3b6.rlib(5d4700fda13603f0-poly1305.o) has version 27.0.0, which is newer than target minimum of 11.0.0
         rust-lld: /Users/kooshapari/CodeProjects/Phenotype/repos/Tracera/target/debug/deps/libaws_lc_sys-a3b019717e25f3b6.rlib(7bf3e571b6558a6b-getentropy.o) has version 27.0.0, which is newer than target minimum of 11.0.0
         rust-lld: /Users/kooshapari/CodeProjects/Phenotype/repos/Tracera/target/debug/deps/libaws_lc_sys-a3b019717e25f3b6.rlib(7bf3e571b6558a6b-vm_ube_fallback.o) has version 27.0.0, which is newer than target minimum of 11.0.0
         rust-lld: /Users/kooshapari/CodeProjects/Phenotype/repos/Tracera/target/debug/deps/libaws_lc_sys-a3b019717e25f3b6.rlib(30a9a10d3f98970e-refcount_c11.o) has version 27.0.0, which is newer than target minimum of 11.0.0
         rust-lld: /Users/kooshapari/CodeProjects/Phenotype/repos/Tracera/target/debug/deps/libaws_lc_sys-a3b019717e25f3b6.rlib(b0fd2550ab09b04e-rsassa_pss_asn1.o) has version 27.0.0, which is newer than target minimum of 11.0.0
         rust-lld: /Users/kooshapari/CodeProjects/Phenotype/repos/Tracera/target/debug/deps/libaws_lc_sys-a3b019717e25f3b6.rlib(b0fd2550ab09b04e-rsa_asn1.o) has version 27.0.0, which is newer than target minimum of 11.0.0
         rust-lld: /Users/kooshapari/CodeProjects/Phenotype/repos/Tracera/target/debug/deps/libaws_lc_sys-a3b019717e25f3b6.rlib(b0fd2550ab09b04e-rsa_crypt.o) has version 27.0.0, which is newer than target minimum of 11.0.0
         rust-lld: /Users/kooshapari/CodeProjects/Phenotype/repos/Tracera/target/debug/deps/libaws_lc_sys-a3b019717e25f3b6.rlib(60df219e9fcbc210-stack.o) has version 27.0.0, which is newer than target minimum of 11.0.0
         rust-lld: /Users/kooshapari/CodeProjects/Phenotype/repos/Tracera/target/debug/deps/libaws_lc_sys-a3b019717e25f3b6.rlib(30a9a10d3f98970e-thread_pthread.o) has version 27.0.0, which is newer than target minimum of 11.0.0
         rust-lld: /Users/kooshapari/CodeProjects/Phenotype/repos/Tracera/target/debug/deps/libaws_lc_sys-a3b019717e25f3b6.rlib(45070f5a112d041b-fork_ube_detect.o) has version 27.0.0, which is newer than target minimum of 11.0.0
         rust-lld: /Users/kooshapari/CodeProjects/Phenotype/repos/Tracera/target/debug/deps/libaws_lc_sys-a3b019717e25f3b6.rlib(45070f5a112d041b-ube.o) has version 27.0.0, which is newer than target minimum of 11.0.0
         rust-lld: /Users/kooshapari/CodeProjects/Phenotype/repos/Tracera/target/debug/deps/libaws_lc_sys-a3b019717e25f3b6.rlib(45070f5a112d041b-vm_ube_detect.o) has version 27.0.0, which is newer than target minimum of 11.0.0
         rust-lld: /Users/kooshapari/CodeProjects/Phenotype/repos/Tracera/target/debug/deps/libaws_lc_sys-a3b019717e25f3b6.rlib(c2f744a0f6403e0c-err_data.o) has version 27.0.0, which is newer than target minimum of 11.0.0
         rust-lld: /Users/kooshapari/CodeProjects/Phenotype/repos/Tracera/target/debug/deps/libaws_lc_sys-a3b019717e25f3b6.rlib(044d1b1af49c8a28-intt_aarch64_asm.o) has version 27.0.0, which is newer than target minimum of 11.0.0
         rust-lld: /Users/kooshapari/CodeProjects/Phenotype/repos/Tracera/target/debug/deps/libaws_lc_sys-a3b019717e25f3b6.rlib(044d1b1af49c8a28-mld_polyvecl_pointwise_acc_montgomery_l4_aarch64_asm.o) has version 27.0.0, which is newer than target minimum of 11.0.0
         rust-lld: /Users/kooshapari/CodeProjects/Phenotype/repos/Tracera/target/debug/deps/libaws_lc_sys-a3b019717e25f3b6.rlib(044d1b1af49c8a28-mld_polyvecl_pointwise_acc_montgomery_l5_aarch64_asm.o) has version 27.0.0, which is newer than target minimum of 11.0.0
         rust-lld: /Users/kooshapari/CodeProjects/Phenotype/repos/Tracera/target/debug/deps/libaws_lc_sys-a3b019717e25f3b6.rlib(044d1b1af49c8a28-mld_polyvecl_pointwise_acc_montgomery_l7_aarch64_asm.o) has version 27.0.0, which is newer than target minimum of 11.0.0
         rust-lld: /Users/kooshapari/CodeProjects/Phenotype/repos/Tracera/target/debug/deps/libaws_lc_sys-a3b019717e25f3b6.rlib(044d1b1af49c8a28-ntt_aarch64_asm.o) has version 27.0.0, which is newer than target minimum of 11.0.0
         rust-lld: /Users/kooshapari/CodeProjects/Phenotype/repos/Tracera/target/debug/deps/libaws_lc_sys-a3b019717e25f3b6.rlib(044d1b1af49c8a28-pointwise_montgomery_aarch64_asm.o) has version 27.0.0, which is newer than target minimum of 11.0.0
         rust-lld: /Users/kooshapari/CodeProjects/Phenotype/repos/Tracera/target/debug/deps/libaws_lc_sys-a3b019717e25f3b6.rlib(044d1b1af49c8a28-polyz_unpack_17_aarch64_asm.o) has version 27.0.0, which is newer than target minimum of 11.0.0
         rust-lld: /Users/kooshapari/CodeProjects/Phenotype/repos/Tracera/target/debug/deps/libaws_lc_sys-a3b019717e25f3b6.rlib(044d1b1af49c8a28-polyz_unpack_19_aarch64_asm.o) has version 27.0.0, which is newer than target minimum of 11.0.0
         rust-lld: /Users/kooshapari/CodeProjects/Phenotype/repos/Tracera/target/debug/deps/libaws_lc_sys-a3b019717e25f3b6.rlib(044d1b1af49c8a28-poly_caddq_aarch64_asm.o) has version 27.0.0, which is newer than target minimum of 11.0.0
         rust-lld: /Users/kooshapari/CodeProjects/Phenotype/repos/Tracera/target/debug/deps/libaws_lc_sys-a3b019717e25f3b6.rlib(044d1b1af49c8a28-poly_chknorm_aarch64_asm.o) has version 27.0.0, which is newer than target minimum of 11.0.0
         rust-lld: /Users/kooshapari/CodeProjects/Phenotype/repos/Tracera/target/debug/deps/libaws_lc_sys-a3b019717e25f3b6.rlib(044d1b1af49c8a28-poly_decompose_32_aarch64_asm.o) has version 27.0.0, which is newer than target minimum of 11.0.0
         rust-lld: /Users/kooshapari/CodeProjects/Phenotype/repos/Tracera/target/debug/deps/libaws_lc_sys-a3b019717e25f3b6.rlib(044d1b1af49c8a28-poly_decompose_88_aarch64_asm.o) has version 27.0.0, which is newer than target minimum of 11.0.0
         rust-lld: /Users/kooshapari/CodeProjects/Phenotype/repos/Tracera/target/debug/deps/libaws_lc_sys-a3b019717e25f3b6.rlib(044d1b1af49c8a28-poly_use_hint_32_aarch64_asm.o) has version 27.0.0, which is newer than target minimum of 11.0.0
         rust-lld: /Users/kooshapari/CodeProjects/Phenotype/repos/Tracera/target/debug/deps/libaws_lc_sys-a3b019717e25f3b6.rlib(044d1b1af49c8a28-poly_use_hint_88_aarch64_asm.o) has version 27.0.0, which is newer than target minimum of 11.0.0
         rust-lld: /Users/kooshapari/CodeProjects/Phenotype/repos/Tracera/target/debug/deps/libaws_lc_sys-a3b019717e25f3b6.rlib(044d1b1af49c8a28-rej_uniform_aarch64_asm.o) has version 27.0.0, which is newer than target minimum of 11.0.0
         rust-lld: /Users/kooshapari/CodeProjects/Phenotype/repos/Tracera/target/debug/deps/libaws_lc_sys-a3b019717e25f3b6.rlib(044d1b1af49c8a28-rej_uniform_eta2_aarch64_asm.o) has version 27.0.0, which is newer than target minimum of 11.0.0
         rust-lld: /Users/kooshapari/CodeProjects/Phenotype/repos/Tracera/target/debug/deps/libaws_lc_sys-a3b019717e25f3b6.rlib(044d1b1af49c8a28-rej_uniform_eta4_aarch64_asm.o) has version 27.0.0, which is newer than target minimum of 11.0.0
         rust-lld: /Users/kooshapari/CodeProjects/Phenotype/repos/Tracera/target/debug/deps/libaws_lc_sys-a3b019717e25f3b6.rlib(7a51880ffa82f69b-intt.o) has version 27.0.0, which is newer than target minimum of 11.0.0
         rust-lld: /Users/kooshapari/CodeProjects/Phenotype/repos/Tracera/target/debug/deps/libaws_lc_sys-a3b019717e25f3b6.rlib(7a51880ffa82f69b-ntt.o) has version 27.0.0, which is newer than target minimum of 11.0.0
         rust-lld: /Users/kooshapari/CodeProjects/Phenotype/repos/Tracera/target/debug/deps/libaws_lc_sys-a3b019717e25f3b6.rlib(7a51880ffa82f69b-polyvec_basemul_acc_montgomery_cached_asm_k2.o) has version 27.0.0, which is newer than target minimum of 11.0.0
         rust-lld: /Users/kooshapari/CodeProjects/Phenotype/repos/Tracera/target/debug/deps/libaws_lc_sys-a3b019717e25f3b6.rlib(7a51880ffa82f69b-polyvec_basemul_acc_montgomery_cached_asm_k3.o) has version 27.0.0, which is newer than target minimum of 11.0.0
         rust-lld: /Users/kooshapari/CodeProjects/Phenotype/repos/Tracera/target/debug/deps/libaws_lc_sys-a3b019717e25f3b6.rlib(7a51880ffa82f69b-polyvec_basemul_acc_montgomery_cached_asm_k4.o) has version 27.0.0, which is newer than target minimum of 11.0.0
         rust-lld: /Users/kooshapari/CodeProjects/Phenotype/repos/Tracera/target/debug/deps/libaws_lc_sys-a3b019717e25f3b6.rlib(7a51880ffa82f69b-poly_mulcache_compute_asm.o) has version 27.0.0, which is newer than target minimum of 11.0.0
         rust-lld: /Users/kooshapari/CodeProjects/Phenotype/repos/Tracera/target/debug/deps/libaws_lc_sys-a3b019717e25f3b6.rlib(7a51880ffa82f69b-poly_reduce_asm.o) has version 27.0.0, which is newer than target minimum of 11.0.0
         rust-lld: /Users/kooshapari/CodeProjects/Phenotype/repos/Tracera/target/debug/deps/libaws_lc_sys-a3b019717e25f3b6.rlib(7a51880ffa82f69b-poly_tobytes_asm.o) has version 27.0.0, which is newer than target minimum of 11.0.0
         rust-lld: /Users/kooshapari/CodeProjects/Phenotype/repos/Tracera/target/debug/deps/libaws_lc_sys-a3b019717e25f3b6.rlib(7a51880ffa82f69b-poly_tomont_asm.o) has version 27.0.0, which is newer than target minimum of 11.0.0
         rust-lld: /Users/kooshapari/CodeProjects/Phenotype/repos/Tracera/target/debug/deps/libaws_lc_sys-a3b019717e25f3b6.rlib(7a51880ffa82f69b-rej_uniform_asm.o) has version 27.0.0, which is newer than target minimum of 11.0.0
         rust-lld: /Users/kooshapari/CodeProjects/Phenotype/repos/Tracera/target/debug/deps/libaws_lc_sys-a3b019717e25f3b6.rlib(6cb977b152c40450-chacha-armv8.o) has version 27.0.0, which is newer than target minimum of 11.0.0
         rust-lld: /Users/kooshapari/CodeProjects/Phenotype/repos/Tracera/target/debug/deps/libaws_lc_sys-a3b019717e25f3b6.rlib(c53e8c40df789e0d-chacha20_poly1305_armv8.o) has version 27.0.0, which is newer than target minimum of 11.0.0
         rust-lld: /Users/kooshapari/CodeProjects/Phenotype/repos/Tracera/target/debug/deps/libaws_lc_sys-a3b019717e25f3b6.rlib(c4391ac3c46825d6-aesv8-armx.o) has version 27.0.0, which is newer than target minimum of 11.0.0
         rust-lld: /Users/kooshapari/CodeProjects/Phenotype/repos/Tracera/target/debug/deps/libaws_lc_sys-a3b019717e25f3b6.rlib(c4391ac3c46825d6-aesv8-gcm-armv8-unroll8.o) has version 27.0.0, which is newer than target minimum of 11.0.0
         rust-lld: /Users/kooshapari/CodeProjects/Phenotype/repos/Tracera/target/debug/deps/libaws_lc_sys-a3b019717e25f3b6.rlib(c4391ac3c46825d6-aesv8-gcm-armv8.o) has version 27.0.0, which is newer than target minimum of 11.0.0
         rust-lld: /Users/kooshapari/CodeProjects/Phenotype/repos/Tracera/target/debug/deps/libaws_lc_sys-a3b019717e25f3b6.rlib(c4391ac3c46825d6-armv8-mont.o) has version 27.0.0, which is newer than target minimum of 11.0.0
         rust-lld: /Users/kooshapari/CodeProjects/Phenotype/repos/Tracera/target/debug/deps/libaws_lc_sys-a3b019717e25f3b6.rlib(c4391ac3c46825d6-bn-armv8.o) has version 27.0.0, which is newer than target minimum of 11.0.0
         rust-lld: /Users/kooshapari/CodeProjects/Phenotype/repos/Tracera/target/debug/deps/libaws_lc_sys-a3b019717e25f3b6.rlib(c4391ac3c46825d6-ghash-neon-armv8.o) has version 27.0.0, which is newer than target minimum of 11.0.0
         rust-lld: /Users/kooshapari/CodeProjects/Phenotype/repos/Tracera/target/debug/deps/libaws_lc_sys-a3b019717e25f3b6.rlib(c4391ac3c46825d6-ghashv8-armx.o) has version 27.0.0, which is newer than target minimum of 11.0.0
         rust-lld: /Users/kooshapari/CodeProjects/Phenotype/repos/Tracera/target/debug/deps/libaws_lc_sys-a3b019717e25f3b6.rlib(c4391ac3c46825d6-keccak1600-armv8.o) has version 27.0.0, which is newer than target minimum of 11.0.0
         rust-lld: /Users/kooshapari/CodeProjects/Phenotype/repos/Tracera/target/debug/deps/libaws_lc_sys-a3b019717e25f3b6.rlib(c4391ac3c46825d6-md5-armv8.o) has version 27.0.0, which is newer than target minimum of 11.0.0
         rust-lld: /Users/kooshapari/CodeProjects/Phenotype/repos/Tracera/target/debug/deps/libaws_lc_sys-a3b019717e25f3b6.rlib(c4391ac3c46825d6-p256-armv8-asm.o) has version 27.0.0, which is newer than target minimum of 11.0.0
         rust-lld: /Users/kooshapari/CodeProjects/Phenotype/repos/Tracera/target/debug/deps/libaws_lc_sys-a3b019717e25f3b6.rlib(c4391ac3c46825d6-p256_beeu-armv8-asm.o) has version 27.0.0, which is newer than target minimum of 11.0.0
         rust-lld: /Users/kooshapari/CodeProjects/Phenotype/repos/Tracera/target/debug/deps/libaws_lc_sys-a3b019717e25f3b6.rlib(c4391ac3c46825d6-rndr-armv8.o) has version 27.0.0, which is newer than target minimum of 11.0.0
         rust-lld: /Users/kooshapari/CodeProjects/Phenotype/repos/Tracera/target/debug/deps/libaws_lc_sys-a3b019717e25f3b6.rlib(c4391ac3c46825d6-sha1-armv8.o) has version 27.0.0, which is newer than target minimum of 11.0.0
         rust-lld: /Users/kooshapari/CodeProjects/Phenotype/repos/Tracera/target/debug/deps/libaws_lc_sys-a3b019717e25f3b6.rlib(c4391ac3c46825d6-sha256-armv8.o) has version 27.0.0, which is newer than target minimum of 11.0.0
         rust-lld: /Users/kooshapari/CodeProjects/Phenotype/repos/Tracera/target/debug/deps/libaws_lc_sys-a3b019717e25f3b6.rlib(c4391ac3c46825d6-sha512-armv8.o) has version 27.0.0, which is newer than target minimum of 11.0.0
         rust-lld: /Users/kooshapari/CodeProjects/Phenotype/repos/Tracera/target/debug/deps/libaws_lc_sys-a3b019717e25f3b6.rlib(c4391ac3c46825d6-vpaes-armv8.o) has version 27.0.0, which is newer than target minimum of 11.0.0
         rust-lld: /Users/kooshapari/CodeProjects/Phenotype/repos/Tracera/target/debug/deps/libaws_lc_sys-a3b019717e25f3b6.rlib(2a065450252c12f3-bignum_madd_n25519.o) has version 27.0.0, which is newer than target minimum of 11.0.0
         rust-lld: /Users/kooshapari/CodeProjects/Phenotype/repos/Tracera/target/debug/deps/libaws_lc_sys-a3b019717e25f3b6.rlib(2a065450252c12f3-bignum_madd_n25519_alt.o) has version 27.0.0, which is newer than target minimum of 11.0.0
         rust-lld: /Users/kooshapari/CodeProjects/Phenotype/repos/Tracera/target/debug/deps/libaws_lc_sys-a3b019717e25f3b6.rlib(2a065450252c12f3-bignum_mod_n25519.o) has version 27.0.0, which is newer than target minimum of 11.0.0
         rust-lld: /Users/kooshapari/CodeProjects/Phenotype/repos/Tracera/target/debug/deps/libaws_lc_sys-a3b019717e25f3b6.rlib(2a065450252c12f3-bignum_neg_p25519.o) has version 27.0.0, which is newer than target minimum of 11.0.0
         rust-lld: /Users/kooshapari/CodeProjects/Phenotype/repos/Tracera/target/debug/deps/libaws_lc_sys-a3b019717e25f3b6.rlib(2a065450252c12f3-curve25519_x25519base_byte.o) has version 27.0.0, which is newer than target minimum of 11.0.0
         rust-lld: /Users/kooshapari/CodeProjects/Phenotype/repos/Tracera/target/debug/deps/libaws_lc_sys-a3b019717e25f3b6.rlib(2a065450252c12f3-curve25519_x25519base_byte_alt.o) has version 27.0.0, which is newer than target minimum of 11.0.0
         rust-lld: /Users/kooshapari/CodeProjects/Phenotype/repos/Tracera/target/debug/deps/libaws_lc_sys-a3b019717e25f3b6.rlib(2a065450252c12f3-curve25519_x25519_byte.o) has version 27.0.0, which is newer than target minimum of 11.0.0
         rust-lld: /Users/kooshapari/CodeProjects/Phenotype/repos/Tracera/target/debug/deps/libaws_lc_sys-a3b019717e25f3b6.rlib(2a065450252c12f3-curve25519_x25519_byte_alt.o) has version 27.0.0, which is newer than target minimum of 11.0.0
         rust-lld: /Users/kooshapari/CodeProjects/Phenotype/repos/Tracera/target/debug/deps/libaws_lc_sys-a3b019717e25f3b6.rlib(2a065450252c12f3-edwards25519_decode.o) has version 27.0.0, which is newer than target minimum of 11.0.0
         rust-lld: /Users/kooshapari/CodeProjects/Phenotype/repos/Tracera/target/debug/deps/libaws_lc_sys-a3b019717e25f3b6.rlib(2a065450252c12f3-edwards25519_decode_alt.o) has version 27.0.0, which is newer than target minimum of 11.0.0
         rust-lld: /Users/kooshapari/CodeProjects/Phenotype/repos/Tracera/target/debug/deps/libaws_lc_sys-a3b019717e25f3b6.rlib(2a065450252c12f3-edwards25519_encode.o) has version 27.0.0, which is newer than target minimum of 11.0.0
         rust-lld: /Users/kooshapari/CodeProjects/Phenotype/repos/Tracera/target/debug/deps/libaws_lc_sys-a3b019717e25f3b6.rlib(2a065450252c12f3-edwards25519_scalarmulbase.o) has version 27.0.0, which is newer than target minimum of 11.0.0
         rust-lld: /Users/kooshapari/CodeProjects/Phenotype/repos/Tracera/target/debug/deps/libaws_lc_sys-a3b019717e25f3b6.rlib(2a065450252c12f3-edwards25519_scalarmulbase_alt.o) has version 27.0.0, which is newer than target minimum of 11.0.0
         rust-lld: /Users/kooshapari/CodeProjects/Phenotype/repos/Tracera/target/debug/deps/libaws_lc_sys-a3b019717e25f3b6.rlib(2a065450252c12f3-edwards25519_scalarmuldouble.o) has version 27.0.0, which is newer than target minimum of 11.0.0
         rust-lld: /Users/kooshapari/CodeProjects/Phenotype/repos/Tracera/target/debug/deps/libaws_lc_sys-a3b019717e25f3b6.rlib(2a065450252c12f3-edwards25519_scalarmuldouble_alt.o) has version 27.0.0, which is newer than target minimum of 11.0.0
         rust-lld: /Users/kooshapari/CodeProjects/Phenotype/repos/Tracera/target/debug/deps/libaws_lc_sys-a3b019717e25f3b6.rlib(2ee72d5a85c036ff-bignum_emontredc_8n.o) has version 27.0.0, which is newer than target minimum of 11.0.0
         rust-lld: /Users/kooshapari/CodeProjects/Phenotype/repos/Tracera/target/debug/deps/libaws_lc_sys-a3b019717e25f3b6.rlib(2ee72d5a85c036ff-bignum_kmul_16_32.o) has version 27.0.0, which is newer than target minimum of 11.0.0
         rust-lld: /Users/kooshapari/CodeProjects/Phenotype/repos/Tracera/target/debug/deps/libaws_lc_sys-a3b019717e25f3b6.rlib(2ee72d5a85c036ff-bignum_kmul_32_64.o) has version 27.0.0, which is newer than target minimum of 11.0.0
         rust-lld: /Users/kooshapari/CodeProjects/Phenotype/repos/Tracera/target/debug/deps/libaws_lc_sys-a3b019717e25f3b6.rlib(2ee72d5a85c036ff-bignum_ksqr_16_32.o) has version 27.0.0, which is newer than target minimum of 11.0.0
         rust-lld: /Users/kooshapari/CodeProjects/Phenotype/repos/Tracera/target/debug/deps/libaws_lc_sys-a3b019717e25f3b6.rlib(2ee72d5a85c036ff-bignum_ksqr_32_64.o) has version 27.0.0, which is newer than target minimum of 11.0.0
         rust-lld: /Users/kooshapari/CodeProjects/Phenotype/repos/Tracera/target/debug/deps/libaws_lc_sys-a3b019717e25f3b6.rlib(2eb9bba22ef5252d-bignum_copy_row_from_table.o) has version 27.0.0, which is newer than target minimum of 11.0.0
         rust-lld: /Users/kooshapari/CodeProjects/Phenotype/repos/Tracera/target/debug/deps/libaws_lc_sys-a3b019717e25f3b6.rlib(2eb9bba22ef5252d-bignum_copy_row_from_table_16.o) has version 27.0.0, which is newer than target minimum of 11.0.0
         rust-lld: /Users/kooshapari/CodeProjects/Phenotype/repos/Tracera/target/debug/deps/libaws_lc_sys-a3b019717e25f3b6.rlib(2eb9bba22ef5252d-bignum_copy_row_from_table_32.o) has version 27.0.0, which is newer than target minimum of 11.0.0
         rust-lld: /Users/kooshapari/CodeProjects/Phenotype/repos/Tracera/target/debug/deps/libaws_lc_sys-a3b019717e25f3b6.rlib(2eb9bba22ef5252d-bignum_copy_row_from_table_8n.o) has version 27.0.0, which is newer than target minimum of 11.0.0
         rust-lld: /Users/kooshapari/CodeProjects/Phenotype/repos/Tracera/target/debug/deps/libaws_lc_sys-a3b019717e25f3b6.rlib(2eb9bba22ef5252d-bignum_ge.o) has version 27.0.0, which is newer than target minimum of 11.0.0
         rust-lld: /Users/kooshapari/CodeProjects/Phenotype/repos/Tracera/target/debug/deps/libaws_lc_sys-a3b019717e25f3b6.rlib(2eb9bba22ef5252d-bignum_mul.o) has version 27.0.0, which is newer than target minimum of 11.0.0
         rust-lld: /Users/kooshapari/CodeProjects/Phenotype/repos/Tracera/target/debug/deps/libaws_lc_sys-a3b019717e25f3b6.rlib(2eb9bba22ef5252d-bignum_optsub.o) has version 27.0.0, which is newer than target minimum of 11.0.0
         rust-lld: /Users/kooshapari/CodeProjects/Phenotype/repos/Tracera/target/debug/deps/libaws_lc_sys-a3b019717e25f3b6.rlib(2eb9bba22ef5252d-bignum_sqr.o) has version 27.0.0, which is newer than target minimum of 11.0.0
         rust-lld: /Users/kooshapari/CodeProjects/Phenotype/repos/Tracera/target/debug/deps/libaws_lc_sys-a3b019717e25f3b6.rlib(46b3cee15136b9e3-bignum_montinv_p256.o) has version 27.0.0, which is newer than target minimum of 11.0.0
         rust-lld: /Users/kooshapari/CodeProjects/Phenotype/repos/Tracera/target/debug/deps/libaws_lc_sys-a3b019717e25f3b6.rlib(46b3cee15136b9e3-p256_montjscalarmul.o) has version 27.0.0, which is newer than target minimum of 11.0.0
         rust-lld: /Users/kooshapari/CodeProjects/Phenotype/repos/Tracera/target/debug/deps/libaws_lc_sys-a3b019717e25f3b6.rlib(46b3cee15136b9e3-p256_montjscalarmul_alt.o) has version 27.0.0, which is newer than target minimum of 11.0.0
         rust-lld: /Users/kooshapari/CodeProjects/Phenotype/repos/Tracera/target/debug/deps/libaws_lc_sys-a3b019717e25f3b6.rlib(33b0e8a9ff3ac954-bignum_add_p384.o) has version 27.0.0, which is newer than target minimum of 11.0.0
         rust-lld: /Users/kooshapari/CodeProjects/Phenotype/repos/Tracera/target/debug/deps/libaws_lc_sys-a3b019717e25f3b6.rlib(33b0e8a9ff3ac954-bignum_deamont_p384.o) has version 27.0.0, which is newer than target minimum of 11.0.0
         rust-lld: /Users/kooshapari/CodeProjects/Phenotype/repos/Tracera/target/debug/deps/libaws_lc_sys-a3b019717e25f3b6.rlib(33b0e8a9ff3ac954-bignum_littleendian_6.o) has version 27.0.0, which is newer than target minimum of 11.0.0
         rust-lld: /Users/kooshapari/CodeProjects/Phenotype/repos/Tracera/target/debug/deps/libaws_lc_sys-a3b019717e25f3b6.rlib(33b0e8a9ff3ac954-bignum_montinv_p384.o) has version 27.0.0, which is newer than target minimum of 11.0.0
         rust-lld: /Users/kooshapari/CodeProjects/Phenotype/repos/Tracera/target/debug/deps/libaws_lc_sys-a3b019717e25f3b6.rlib(33b0e8a9ff3ac954-bignum_montmul_p384.o) has version 27.0.0, which is newer than target minimum of 11.0.0
         rust-lld: /Users/kooshapari/CodeProjects/Phenotype/repos/Tracera/target/debug/deps/libaws_lc_sys-a3b019717e25f3b6.rlib(33b0e8a9ff3ac954-bignum_montmul_p384_alt.o) has version 27.0.0, which is newer than target minimum of 11.0.0
         rust-lld: /Users/kooshapari/CodeProjects/Phenotype/repos/Tracera/target/debug/deps/libaws_lc_sys-a3b019717e25f3b6.rlib(33b0e8a9ff3ac954-bignum_montsqr_p384.o) has version 27.0.0, which is newer than target minimum of 11.0.0
         rust-lld: /Users/kooshapari/CodeProjects/Phenotype/repos/Tracera/target/debug/deps/libaws_lc_sys-a3b019717e25f3b6.rlib(33b0e8a9ff3ac954-bignum_montsqr_p384_alt.o) has version 27.0.0, which is newer than target minimum of 11.0.0
         rust-lld: /Users/kooshapari/CodeProjects/Phenotype/repos/Tracera/target/debug/deps/libaws_lc_sys-a3b019717e25f3b6.rlib(33b0e8a9ff3ac954-bignum_neg_p384.o) has version 27.0.0, which is newer than target minimum of 11.0.0
         rust-lld: /Users/kooshapari/CodeProjects/Phenotype/repos/Tracera/target/debug/deps/libaws_lc_sys-a3b019717e25f3b6.rlib(33b0e8a9ff3ac954-bignum_nonzero_6.o) has version 27.0.0, which is newer than target minimum of 11.0.0
         rust-lld: /Users/kooshapari/CodeProjects/Phenotype/repos/Tracera/target/debug/deps/libaws_lc_sys-a3b019717e25f3b6.rlib(33b0e8a9ff3ac954-bignum_sub_p384.o) has version 27.0.0, which is newer than target minimum of 11.0.0
         rust-lld: /Users/kooshapari/CodeProjects/Phenotype/repos/Tracera/target/debug/deps/libaws_lc_sys-a3b019717e25f3b6.rlib(33b0e8a9ff3ac954-bignum_tomont_p384.o) has version 27.0.0, which is newer than target minimum of 11.0.0
         rust-lld: /Users/kooshapari/CodeProjects/Phenotype/repos/Tracera/target/debug/deps/libaws_lc_sys-a3b019717e25f3b6.rlib(33b0e8a9ff3ac954-p384_montjdouble.o) has version 27.0.0, which is newer than target minimum of 11.0.0
         rust-lld: /Users/kooshapari/CodeProjects/Phenotype/repos/Tracera/target/debug/deps/libaws_lc_sys-a3b019717e25f3b6.rlib(33b0e8a9ff3ac954-p384_montjdouble_alt.o) has version 27.0.0, which is newer than target minimum of 11.0.0
         rust-lld: /Users/kooshapari/CodeProjects/Phenotype/repos/Tracera/target/debug/deps/libaws_lc_sys-a3b019717e25f3b6.rlib(33b0e8a9ff3ac954-p384_montjscalarmul.o) has version 27.0.0, which is newer than target minimum of 11.0.0
         rust-lld: /Users/kooshapari/CodeProjects/Phenotype/repos/Tracera/target/debug/deps/libaws_lc_sys-a3b019717e25f3b6.rlib(33b0e8a9ff3ac954-p384_montjscalarmul_alt.o) has version 27.0.0, which is newer than target minimum of 11.0.0
         rust-lld: /Users/kooshapari/CodeProjects/Phenotype/repos/Tracera/target/debug/deps/libaws_lc_sys-a3b019717e25f3b6.rlib(ccbabe9886131d80-bignum_add_p521.o) has version 27.0.0, which is newer than target minimum of 11.0.0
         rust-lld: /Users/kooshapari/CodeProjects/Phenotype/repos/Tracera/target/debug/deps/libaws_lc_sys-a3b019717e25f3b6.rlib(ccbabe9886131d80-bignum_fromlebytes_p521.o) has version 27.0.0, which is newer than target minimum of 11.0.0
         rust-lld: /Users/kooshapari/CodeProjects/Phenotype/repos/Tracera/target/debug/deps/libaws_lc_sys-a3b019717e25f3b6.rlib(ccbabe9886131d80-bignum_inv_p521.o) has version 27.0.0, which is newer than target minimum of 11.0.0
         rust-lld: /Users/kooshapari/CodeProjects/Phenotype/repos/Tracera/target/debug/deps/libaws_lc_sys-a3b019717e25f3b6.rlib(ccbabe9886131d80-bignum_mul_p521.o) has version 27.0.0, which is newer than target minimum of 11.0.0
         rust-lld: /Users/kooshapari/CodeProjects/Phenotype/repos/Tracera/target/debug/deps/libaws_lc_sys-a3b019717e25f3b6.rlib(ccbabe9886131d80-bignum_mul_p521_alt.o) has version 27.0.0, which is newer than target minimum of 11.0.0
         rust-lld: /Users/kooshapari/CodeProjects/Phenotype/repos/Tracera/target/debug/deps/libaws_lc_sys-a3b019717e25f3b6.rlib(ccbabe9886131d80-bignum_neg_p521.o) has version 27.0.0, which is newer than target minimum of 11.0.0
         rust-lld: /Users/kooshapari/CodeProjects/Phenotype/repos/Tracera/target/debug/deps/libaws_lc_sys-a3b019717e25f3b6.rlib(ccbabe9886131d80-bignum_sqr_p521.o) has version 27.0.0, which is newer than target minimum of 11.0.0
         rust-lld: /Users/kooshapari/CodeProjects/Phenotype/repos/Tracera/target/debug/deps/libaws_lc_sys-a3b019717e25f3b6.rlib(ccbabe9886131d80-bignum_sqr_p521_alt.o) has version 27.0.0, which is newer than target minimum of 11.0.0
         rust-lld: /Users/kooshapari/CodeProjects/Phenotype/repos/Tracera/target/debug/deps/libaws_lc_sys-a3b019717e25f3b6.rlib(ccbabe9886131d80-bignum_sub_p521.o) has version 27.0.0, which is newer than target minimum of 11.0.0
         rust-lld: /Users/kooshapari/CodeProjects/Phenotype/repos/Tracera/target/debug/deps/libaws_lc_sys-a3b019717e25f3b6.rlib(ccbabe9886131d80-bignum_tolebytes_p521.o) has version 27.0.0, which is newer than target minimum of 11.0.0
         rust-lld: /Users/kooshapari/CodeProjects/Phenotype/repos/Tracera/target/debug/deps/libaws_lc_sys-a3b019717e25f3b6.rlib(ccbabe9886131d80-p521_jdouble.o) has version 27.0.0, which is newer than target minimum of 11.0.0
         rust-lld: /Users/kooshapari/CodeProjects/Phenotype/repos/Tracera/target/debug/deps/libaws_lc_sys-a3b019717e25f3b6.rlib(ccbabe9886131d80-p521_jdouble_alt.o) has version 27.0.0, which is newer than target minimum of 11.0.0
         rust-lld: /Users/kooshapari/CodeProjects/Phenotype/repos/Tracera/target/debug/deps/libaws_lc_sys-a3b019717e25f3b6.rlib(ccbabe9886131d80-p521_jscalarmul.o) has version 27.0.0, which is newer than target minimum of 11.0.0
         rust-lld: /Users/kooshapari/CodeProjects/Phenotype/repos/Tracera/target/debug/deps/libaws_lc_sys-a3b019717e25f3b6.rlib(ccbabe9886131d80-p521_jscalarmul_alt.o) has version 27.0.0, which is newer than target minimum of 11.0.0
         rust-lld: /Users/kooshapari/CodeProjects/Phenotype/repos/Tracera/target/debug/deps/libaws_lc_sys-a3b019717e25f3b6.rlib(ac9a06e0f1f9cd7d-sha3_keccak2_f1600.o) has version 27.0.0, which is newer than target minimum of 11.0.0
         rust-lld: /Users/kooshapari/CodeProjects/Phenotype/repos/Tracera/target/debug/deps/libaws_lc_sys-a3b019717e25f3b6.rlib(ac9a06e0f1f9cd7d-sha3_keccak4_f1600_alt.o) has version 27.0.0, which is newer than target minimum of 11.0.0
         rust-lld: /Users/kooshapari/CodeProjects/Phenotype/repos/Tracera/target/debug/deps/libaws_lc_sys-a3b019717e25f3b6.rlib(ac9a06e0f1f9cd7d-sha3_keccak4_f1600_alt2.o) has version 27.0.0, which is newer than target minimum of 11.0.0
         rust-lld: /Users/kooshapari/CodeProjects/Phenotype/repos/Tracera/target/debug/deps/libaws_lc_sys-a3b019717e25f3b6.rlib(ac9a06e0f1f9cd7d-sha3_keccak_f1600.o) has version 27.0.0, which is newer than target minimum of 11.0.0
         rust-lld: /Users/kooshapari/CodeProjects/Phenotype/repos/Tracera/target/debug/deps/libaws_lc_sys-a3b019717e25f3b6.rlib(ac9a06e0f1f9cd7d-sha3_keccak_f1600_alt.o) has version 27.0.0, which is newer than target minimum of 11.0.0
         rust-lld: /Users/kooshapari/CodeProjects/Phenotype/repos/Tracera/target/debug/deps/libaws_lc_sys-a3b019717e25f3b6.rlib(e9338ebcd69164a9-aes-xts-dec.o) has version 27.0.0, which is newer than target minimum of 11.0.0
         rust-lld: /Users/kooshapari/CodeProjects/Phenotype/repos/Tracera/target/debug/deps/libaws_lc_sys-a3b019717e25f3b6.rlib(e9338ebcd69164a9-aes-xts-enc.o) has version 27.0.0, which is newer than target minimum of 11.0.0
         rust-lld: /Users/kooshapari/CodeProjects/Phenotype/repos/Tracera/target/debug/deps/libaws_lc_sys-a3b019717e25f3b6.rlib(2d40dbbd793ef942-jitterentropy-base.o) has version 27.0.0, which is newer than target minimum of 11.0.0
         rust-lld: /Users/kooshapari/CodeProjects/Phenotype/repos/Tracera/target/debug/deps/libaws_lc_sys-a3b019717e25f3b6.rlib(2d40dbbd793ef942-jitterentropy-gcd.o) has version 27.0.0, which is newer than target minimum of 11.0.0
         rust-lld: /Users/kooshapari/CodeProjects/Phenotype/repos/Tracera/target/debug/deps/libaws_lc_sys-a3b019717e25f3b6.rlib(2d40dbbd793ef942-jitterentropy-health.o) has version 27.0.0, which is newer than target minimum of 11.0.0
         rust-lld: /Users/kooshapari/CodeProjects/Phenotype/repos/Tracera/target/debug/deps/libaws_lc_sys-a3b019717e25f3b6.rlib(2d40dbbd793ef942-jitterentropy-noise.o) has version 27.0.0, which is newer than target minimum of 11.0.0
         rust-lld: /Users/kooshapari/CodeProjects/Phenotype/repos/Tracera/target/debug/deps/libaws_lc_sys-a3b019717e25f3b6.rlib(2d40dbbd793ef942-jitterentropy-sha3.o) has version 27.0.0, which is newer than target minimum of 11.0.0
         rust-lld: /Users/kooshapari/CodeProjects/Phenotype/repos/Tracera/target/debug/deps/liblibsqlite3_sys-f36a1e6826713229.rlib(c877a2978823c39d-sqlite3.o) has version 27.0.0, which is newer than target minimum of 11.0.0
         rust-lld: Option `-no_compact_unwind' is undocumented. Should lld implement it?
  |
  = note: `#[warn(linker_messages)]` on by default

warning: `tracera-server` (bin "tracera-server" test) generated 1 warning
warning: `tracera-edge` (lib test) generated 1 warning (1 duplicate)
warning: field `root` is never read
  --> crates/tracera-cli/src/bundle.rs:25:9
   |
22 | pub struct BundleLayout {
   |            ------------ field in this struct
...
25 |     pub root: PathBuf,
   |         ^^^^
   |
   = note: `BundleLayout` has derived impls for the traits `Clone` and `Debug`, but these are intentionally ignored during dead code analysis
   = note: `#[warn(dead_code)]` (part of `#[warn(unused)]`) on by default

warning: function `pick_free_port` is never used
   --> crates/tracera-cli/src/runtime.rs:163:8
    |
163 | pub fn pick_free_port() -> anyhow::Result<u16> {
    |        ^^^^^^^^^^^^^^

warning: linker stderr: rust-lld: /Users/kooshapari/CodeProjects/Phenotype/repos/Tracera/target/debug/deps/libaws_lc_sys-a3b019717e25f3b6.rlib(7a596fe31a02c0e2-convert.o) has version 27.0.0, which is newer than target minimum of 11.0.0
         rust-lld: /Users/kooshapari/CodeProjects/Phenotype/repos/Tracera/target/debug/deps/libaws_lc_sys-a3b019717e25f3b6.rlib(76322f89f5cc2d96-bio.o) has version 27.0.0, which is newer than target minimum of 11.0.0
         rust-lld: /Users/kooshapari/CodeProjects/Phenotype/repos/Tracera/target/debug/deps/libaws_lc_sys-a3b019717e25f3b6.rlib(76322f89f5cc2d96-file.o) has version 27.0.0, which is newer than target minimum of 11.0.0
         rust-lld: /Users/kooshapari/CodeProjects/Phenotype/repos/Tracera/target/debug/deps/libaws_lc_sys-a3b019717e25f3b6.rlib(c4fcddba145918af-cbb.o) has version 27.0.0, which is newer than target minimum of 11.0.0
         rust-lld: /Users/kooshapari/CodeProjects/Phenotype/repos/Tracera/target/debug/deps/libaws_lc_sys-a3b019717e25f3b6.rlib(c4fcddba145918af-cbs.o) has version 27.0.0, which is newer than target minimum of 11.0.0
         rust-lld: /Users/kooshapari/CodeProjects/Phenotype/repos/Tracera/target/debug/deps/libaws_lc_sys-a3b019717e25f3b6.rlib(bc1b343226bc6a17-posix_time.o) has version 27.0.0, which is newer than target minimum of 11.0.0
         rust-lld: /Users/kooshapari/CodeProjects/Phenotype/repos/Tracera/target/debug/deps/libaws_lc_sys-a3b019717e25f3b6.rlib(a6455f51a2435c3f-chacha.o) has version 27.0.0, which is newer than target minimum of 11.0.0
         rust-lld: /Users/kooshapari/CodeProjects/Phenotype/repos/Tracera/target/debug/deps/libaws_lc_sys-a3b019717e25f3b6.rlib(89981633f66afe17-e_aesgcmsiv.o) has version 27.0.0, which is newer than target minimum of 11.0.0
         rust-lld: /Users/kooshapari/CodeProjects/Phenotype/repos/Tracera/target/debug/deps/libaws_lc_sys-a3b019717e25f3b6.rlib(89981633f66afe17-e_chacha20poly1305.o) has version 27.0.0, which is newer than target minimum of 11.0.0
         rust-lld: /Users/kooshapari/CodeProjects/Phenotype/repos/Tracera/target/debug/deps/libaws_lc_sys-a3b019717e25f3b6.rlib(89981633f66afe17-e_des.o) has version 27.0.0, which is newer than target minimum of 11.0.0
         rust-lld: /Users/kooshapari/CodeProjects/Phenotype/repos/Tracera/target/debug/deps/libaws_lc_sys-a3b019717e25f3b6.rlib(30a9a10d3f98970e-crypto.o) has version 27.0.0, which is newer than target minimum of 11.0.0
         rust-lld: /Users/kooshapari/CodeProjects/Phenotype/repos/Tracera/target/debug/deps/libaws_lc_sys-a3b019717e25f3b6.rlib(175e87304cd4663c-cfb.o) has version 27.0.0, which is newer than target minimum of 11.0.0
         rust-lld: /Users/kooshapari/CodeProjects/Phenotype/repos/Tracera/target/debug/deps/libaws_lc_sys-a3b019717e25f3b6.rlib(da5030c6f3330e8d-des.o) has version 27.0.0, which is newer than target minimum of 11.0.0
         rust-lld: /Users/kooshapari/CodeProjects/Phenotype/repos/Tracera/target/debug/deps/libaws_lc_sys-a3b019717e25f3b6.rlib(0c919c82d61b4518-ecdsa_asn1.o) has version 27.0.0, which is newer than target minimum of 11.0.0
         rust-lld: /Users/kooshapari/CodeProjects/Phenotype/repos/Tracera/target/debug/deps/libaws_lc_sys-a3b019717e25f3b6.rlib(7a596fe31a02c0e2-bn_asn1.o) has version 27.0.0, which is newer than target minimum of 11.0.0
         rust-lld: /Users/kooshapari/CodeProjects/Phenotype/repos/Tracera/target/debug/deps/libaws_lc_sys-a3b019717e25f3b6.rlib(c4fcddba145918af-asn1_compat.o) has version 27.0.0, which is newer than target minimum of 11.0.0
         rust-lld: /Users/kooshapari/CodeProjects/Phenotype/repos/Tracera/target/debug/deps/libaws_lc_sys-a3b019717e25f3b6.rlib(dfe446faf29f8012-ec_asn1.o) has version 27.0.0, which is newer than target minimum of 11.0.0
         rust-lld: /Users/kooshapari/CodeProjects/Phenotype/repos/Tracera/target/debug/deps/libaws_lc_sys-a3b019717e25f3b6.rlib(a3e95cd5f24d649a-err.o) has version 27.0.0, which is newer than target minimum of 11.0.0
         rust-lld: /Users/kooshapari/CodeProjects/Phenotype/repos/Tracera/target/debug/deps/libaws_lc_sys-a3b019717e25f3b6.rlib(7510312e0f5aa0be-evp_asn1.o) has version 27.0.0, which is newer than target minimum of 11.0.0
         rust-lld: /Users/kooshapari/CodeProjects/Phenotype/repos/Tracera/target/debug/deps/libaws_lc_sys-a3b019717e25f3b6.rlib(fb1f39df2ea6f08f-dsa.o) has version 27.0.0, which is newer than target minimum of 11.0.0
         rust-lld: /Users/kooshapari/CodeProjects/Phenotype/repos/Tracera/target/debug/deps/libaws_lc_sys-a3b019717e25f3b6.rlib(fb1f39df2ea6f08f-dsa_asn1.o) has version 27.0.0, which is newer than target minimum of 11.0.0
         rust-lld: /Users/kooshapari/CodeProjects/Phenotype/repos/Tracera/target/debug/deps/libaws_lc_sys-a3b019717e25f3b6.rlib(7510312e0f5aa0be-print.o) has version 27.0.0, which is newer than target minimum of 11.0.0
         rust-lld: /Users/kooshapari/CodeProjects/Phenotype/repos/Tracera/target/debug/deps/libaws_lc_sys-a3b019717e25f3b6.rlib(76322f89f5cc2d96-printf.o) has version 27.0.0, which is newer than target minimum of 11.0.0
         rust-lld: /Users/kooshapari/CodeProjects/Phenotype/repos/Tracera/target/debug/deps/libaws_lc_sys-a3b019717e25f3b6.rlib(7510312e0f5aa0be-p_methods.o) has version 27.0.0, which is newer than target minimum of 11.0.0
         rust-lld: /Users/kooshapari/CodeProjects/Phenotype/repos/Tracera/target/debug/deps/libaws_lc_sys-a3b019717e25f3b6.rlib(7510312e0f5aa0be-p_dh_asn1.o) has version 27.0.0, which is newer than target minimum of 11.0.0
         rust-lld: /Users/kooshapari/CodeProjects/Phenotype/repos/Tracera/target/debug/deps/libaws_lc_sys-a3b019717e25f3b6.rlib(c1300545a7d60e2b-dh_asn1.o) has version 27.0.0, which is newer than target minimum of 11.0.0
         rust-lld: /Users/kooshapari/CodeProjects/Phenotype/repos/Tracera/target/debug/deps/libaws_lc_sys-a3b019717e25f3b6.rlib(7510312e0f5aa0be-p_dh.o) has version 27.0.0, which is newer than target minimum of 11.0.0
         rust-lld: /Users/kooshapari/CodeProjects/Phenotype/repos/Tracera/target/debug/deps/libaws_lc_sys-a3b019717e25f3b6.rlib(c1300545a7d60e2b-params.o) has version 27.0.0, which is newer than target minimum of 11.0.0
         rust-lld: /Users/kooshapari/CodeProjects/Phenotype/repos/Tracera/target/debug/deps/libaws_lc_sys-a3b019717e25f3b6.rlib(7510312e0f5aa0be-p_dsa_asn1.o) has version 27.0.0, which is newer than target minimum of 11.0.0
         rust-lld: /Users/kooshapari/CodeProjects/Phenotype/repos/Tracera/target/debug/deps/libaws_lc_sys-a3b019717e25f3b6.rlib(7510312e0f5aa0be-p_dsa.o) has version 27.0.0, which is newer than target minimum of 11.0.0
         rust-lld: /Users/kooshapari/CodeProjects/Phenotype/repos/Tracera/target/debug/deps/libaws_lc_sys-a3b019717e25f3b6.rlib(e71c6558e17b1ce7-digest_extra.o) has version 27.0.0, which is newer than target minimum of 11.0.0
         rust-lld: /Users/kooshapari/CodeProjects/Phenotype/repos/Tracera/target/debug/deps/libaws_lc_sys-a3b019717e25f3b6.rlib(62e235b24f99f4ff-blake2.o) has version 27.0.0, which is newer than target minimum of 11.0.0
         rust-lld: /Users/kooshapari/CodeProjects/Phenotype/repos/Tracera/target/debug/deps/libaws_lc_sys-a3b019717e25f3b6.rlib(7510312e0f5aa0be-p_ec_asn1.o) has version 27.0.0, which is newer than target minimum of 11.0.0
         rust-lld: /Users/kooshapari/CodeProjects/Phenotype/repos/Tracera/target/debug/deps/libaws_lc_sys-a3b019717e25f3b6.rlib(7510312e0f5aa0be-p_ed25519_asn1.o) has version 27.0.0, which is newer than target minimum of 11.0.0
         rust-lld: /Users/kooshapari/CodeProjects/Phenotype/repos/Tracera/target/debug/deps/libaws_lc_sys-a3b019717e25f3b6.rlib(7510312e0f5aa0be-p_hmac_asn1.o) has version 27.0.0, which is newer than target minimum of 11.0.0
         rust-lld: /Users/kooshapari/CodeProjects/Phenotype/repos/Tracera/target/debug/deps/libaws_lc_sys-a3b019717e25f3b6.rlib(7510312e0f5aa0be-p_kem_asn1.o) has version 27.0.0, which is newer than target minimum of 11.0.0
         rust-lld: /Users/kooshapari/CodeProjects/Phenotype/repos/Tracera/target/debug/deps/libaws_lc_sys-a3b019717e25f3b6.rlib(7510312e0f5aa0be-p_pqdsa_asn1.o) has version 27.0.0, which is newer than target minimum of 11.0.0
         rust-lld: /Users/kooshapari/CodeProjects/Phenotype/repos/Tracera/target/debug/deps/libaws_lc_sys-a3b019717e25f3b6.rlib(7510312e0f5aa0be-p_rsa_asn1.o) has version 27.0.0, which is newer than target minimum of 11.0.0
         rust-lld: /Users/kooshapari/CodeProjects/Phenotype/repos/Tracera/target/debug/deps/libaws_lc_sys-a3b019717e25f3b6.rlib(7510312e0f5aa0be-p_x25519.o) has version 27.0.0, which is newer than target minimum of 11.0.0
         rust-lld: /Users/kooshapari/CodeProjects/Phenotype/repos/Tracera/target/debug/deps/libaws_lc_sys-a3b019717e25f3b6.rlib(7510312e0f5aa0be-p_x25519_asn1.o) has version 27.0.0, which is newer than target minimum of 11.0.0
         rust-lld: /Users/kooshapari/CodeProjects/Phenotype/repos/Tracera/target/debug/deps/libaws_lc_sys-a3b019717e25f3b6.rlib(30a9a10d3f98970e-ex_data.o) has version 27.0.0, which is newer than target minimum of 11.0.0
         rust-lld: /Users/kooshapari/CodeProjects/Phenotype/repos/Tracera/target/debug/deps/libaws_lc_sys-a3b019717e25f3b6.rlib(f8e4fd781484bd36-bcm.o) has version 27.0.0, which is newer than target minimum of 11.0.0
         rust-lld: /Users/kooshapari/CodeProjects/Phenotype/repos/Tracera/target/debug/deps/libaws_lc_sys-a3b019717e25f3b6.rlib(dcb7d53a9be33b0c-engine.o) has version 27.0.0, which is newer than target minimum of 11.0.0
         rust-lld: /Users/kooshapari/CodeProjects/Phenotype/repos/Tracera/target/debug/deps/libaws_lc_sys-a3b019717e25f3b6.rlib(199386740f3660f1-ripemd.o) has version 27.0.0, which is newer than target minimum of 11.0.0
         rust-lld: /Users/kooshapari/CodeProjects/Phenotype/repos/Tracera/target/debug/deps/libaws_lc_sys-a3b019717e25f3b6.rlib(763c374fde874a6d-console.o) has version 27.0.0, which is newer than target minimum of 11.0.0
         rust-lld: /Users/kooshapari/CodeProjects/Phenotype/repos/Tracera/target/debug/deps/libaws_lc_sys-a3b019717e25f3b6.rlib(001247bc65c2f5e5-cpucap.o) has version 27.0.0, which is newer than target minimum of 11.0.0
         rust-lld: /Users/kooshapari/CodeProjects/Phenotype/repos/Tracera/target/debug/deps/libaws_lc_sys-a3b019717e25f3b6.rlib(6e985d8b17b56a49-md4.o) has version 27.0.0, which is newer than target minimum of 11.0.0
         rust-lld: /Users/kooshapari/CodeProjects/Phenotype/repos/Tracera/target/debug/deps/libaws_lc_sys-a3b019717e25f3b6.rlib(30a9a10d3f98970e-mem.o) has version 27.0.0, which is newer than target minimum of 11.0.0
         rust-lld: /Users/kooshapari/CodeProjects/Phenotype/repos/Tracera/target/debug/deps/libaws_lc_sys-a3b019717e25f3b6.rlib(7ac4c9359514b807-obj.o) has version 27.0.0, which is newer than target minimum of 11.0.0
         rust-lld: /Users/kooshapari/CodeProjects/Phenotype/repos/Tracera/target/debug/deps/libaws_lc_sys-a3b019717e25f3b6.rlib(bc1b343226bc6a17-a_object.o) has version 27.0.0, which is newer than target minimum of 11.0.0
         rust-lld: /Users/kooshapari/CodeProjects/Phenotype/repos/Tracera/target/debug/deps/libaws_lc_sys-a3b019717e25f3b6.rlib(ea2b51a0b6630529-lhash.o) has version 27.0.0, which is newer than target minimum of 11.0.0
         rust-lld: /Users/kooshapari/CodeProjects/Phenotype/repos/Tracera/target/debug/deps/libaws_lc_sys-a3b019717e25f3b6.rlib(7ac4c9359514b807-obj_xref.o) has version 27.0.0, which is newer than target minimum of 11.0.0
         rust-lld: /Users/kooshapari/CodeProjects/Phenotype/repos/Tracera/target/debug/deps/libaws_lc_sys-a3b019717e25f3b6.rlib(5d4700fda13603f0-poly1305.o) has version 27.0.0, which is newer than target minimum of 11.0.0
         rust-lld: /Users/kooshapari/CodeProjects/Phenotype/repos/Tracera/target/debug/deps/libaws_lc_sys-a3b019717e25f3b6.rlib(7bf3e571b6558a6b-getentropy.o) has version 27.0.0, which is newer than target minimum of 11.0.0
         rust-lld: /Users/kooshapari/CodeProjects/Phenotype/repos/Tracera/target/debug/deps/libaws_lc_sys-a3b019717e25f3b6.rlib(7bf3e571b6558a6b-vm_ube_fallback.o) has version 27.0.0, which is newer than target minimum of 11.0.0
         rust-lld: /Users/kooshapari/CodeProjects/Phenotype/repos/Tracera/target/debug/deps/libaws_lc_sys-a3b019717e25f3b6.rlib(30a9a10d3f98970e-refcount_c11.o) has version 27.0.0, which is newer than target minimum of 11.0.0
         rust-lld: /Users/kooshapari/CodeProjects/Phenotype/repos/Tracera/target/debug/deps/libaws_lc_sys-a3b019717e25f3b6.rlib(b0fd2550ab09b04e-rsassa_pss_asn1.o) has version 27.0.0, which is newer than target minimum of 11.0.0
         rust-lld: /Users/kooshapari/CodeProjects/Phenotype/repos/Tracera/target/debug/deps/libaws_lc_sys-a3b019717e25f3b6.rlib(b0fd2550ab09b04e-rsa_asn1.o) has version 27.0.0, which is newer than target minimum of 11.0.0
         rust-lld: /Users/kooshapari/CodeProjects/Phenotype/repos/Tracera/target/debug/deps/libaws_lc_sys-a3b019717e25f3b6.rlib(b0fd2550ab09b04e-rsa_crypt.o) has version 27.0.0, which is newer than target minimum of 11.0.0
         rust-lld: /Users/kooshapari/CodeProjects/Phenotype/repos/Tracera/target/debug/deps/libaws_lc_sys-a3b019717e25f3b6.rlib(60df219e9fcbc210-stack.o) has version 27.0.0, which is newer than target minimum of 11.0.0
         rust-lld: /Users/kooshapari/CodeProjects/Phenotype/repos/Tracera/target/debug/deps/libaws_lc_sys-a3b019717e25f3b6.rlib(30a9a10d3f98970e-thread_pthread.o) has version 27.0.0, which is newer than target minimum of 11.0.0
         rust-lld: /Users/kooshapari/CodeProjects/Phenotype/repos/Tracera/target/debug/deps/libaws_lc_sys-a3b019717e25f3b6.rlib(45070f5a112d041b-fork_ube_detect.o) has version 27.0.0, which is newer than target minimum of 11.0.0
         rust-lld: /Users/kooshapari/CodeProjects/Phenotype/repos/Tracera/target/debug/deps/libaws_lc_sys-a3b019717e25f3b6.rlib(45070f5a112d041b-ube.o) has version 27.0.0, which is newer than target minimum of 11.0.0
         rust-lld: /Users/kooshapari/CodeProjects/Phenotype/repos/Tracera/target/debug/deps/libaws_lc_sys-a3b019717e25f3b6.rlib(45070f5a112d041b-vm_ube_detect.o) has version 27.0.0, which is newer than target minimum of 11.0.0
         rust-lld: /Users/kooshapari/CodeProjects/Phenotype/repos/Tracera/target/debug/deps/libaws_lc_sys-a3b019717e25f3b6.rlib(c2f744a0f6403e0c-err_data.o) has version 27.0.0, which is newer than target minimum of 11.0.0
         rust-lld: /Users/kooshapari/CodeProjects/Phenotype/repos/Tracera/target/debug/deps/libaws_lc_sys-a3b019717e25f3b6.rlib(044d1b1af49c8a28-intt_aarch64_asm.o) has version 27.0.0, which is newer than target minimum of 11.0.0
         rust-lld: /Users/kooshapari/CodeProjects/Phenotype/repos/Tracera/target/debug/deps/libaws_lc_sys-a3b019717e25f3b6.rlib(044d1b1af49c8a28-mld_polyvecl_pointwise_acc_montgomery_l4_aarch64_asm.o) has version 27.0.0, which is newer than target minimum of 11.0.0
         rust-lld: /Users/kooshapari/CodeProjects/Phenotype/repos/Tracera/target/debug/deps/libaws_lc_sys-a3b019717e25f3b6.rlib(044d1b1af49c8a28-mld_polyvecl_pointwise_acc_montgomery_l5_aarch64_asm.o) has version 27.0.0, which is newer than target minimum of 11.0.0
         rust-lld: /Users/kooshapari/CodeProjects/Phenotype/repos/Tracera/target/debug/deps/libaws_lc_sys-a3b019717e25f3b6.rlib(044d1b1af49c8a28-mld_polyvecl_pointwise_acc_montgomery_l7_aarch64_asm.o) has version 27.0.0, which is newer than target minimum of 11.0.0
         rust-lld: /Users/kooshapari/CodeProjects/Phenotype/repos/Tracera/target/debug/deps/libaws_lc_sys-a3b019717e25f3b6.rlib(044d1b1af49c8a28-ntt_aarch64_asm.o) has version 27.0.0, which is newer than target minimum of 11.0.0
         rust-lld: /Users/kooshapari/CodeProjects/Phenotype/repos/Tracera/target/debug/deps/libaws_lc_sys-a3b019717e25f3b6.rlib(044d1b1af49c8a28-pointwise_montgomery_aarch64_asm.o) has version 27.0.0, which is newer than target minimum of 11.0.0
         rust-lld: /Users/kooshapari/CodeProjects/Phenotype/repos/Tracera/target/debug/deps/libaws_lc_sys-a3b019717e25f3b6.rlib(044d1b1af49c8a28-polyz_unpack_17_aarch64_asm.o) has version 27.0.0, which is newer than target minimum of 11.0.0
         rust-lld: /Users/kooshapari/CodeProjects/Phenotype/repos/Tracera/target/debug/deps/libaws_lc_sys-a3b019717e25f3b6.rlib(044d1b1af49c8a28-polyz_unpack_19_aarch64_asm.o) has version 27.0.0, which is newer than target minimum of 11.0.0
         rust-lld: /Users/kooshapari/CodeProjects/Phenotype/repos/Tracera/target/debug/deps/libaws_lc_sys-a3b019717e25f3b6.rlib(044d1b1af49c8a28-poly_caddq_aarch64_asm.o) has version 27.0.0, which is newer than target minimum of 11.0.0
         rust-lld: /Users/kooshapari/CodeProjects/Phenotype/repos/Tracera/target/debug/deps/libaws_lc_sys-a3b019717e25f3b6.rlib(044d1b1af49c8a28-poly_chknorm_aarch64_asm.o) has version 27.0.0, which is newer than target minimum of 11.0.0
         rust-lld: /Users/kooshapari/CodeProjects/Phenotype/repos/Tracera/target/debug/deps/libaws_lc_sys-a3b019717e25f3b6.rlib(044d1b1af49c8a28-poly_decompose_32_aarch64_asm.o) has version 27.0.0, which is newer than target minimum of 11.0.0
         rust-lld: /Users/kooshapari/CodeProjects/Phenotype/repos/Tracera/target/debug/deps/libaws_lc_sys-a3b019717e25f3b6.rlib(044d1b1af49c8a28-poly_decompose_88_aarch64_asm.o) has version 27.0.0, which is newer than target minimum of 11.0.0
         rust-lld: /Users/kooshapari/CodeProjects/Phenotype/repos/Tracera/target/debug/deps/libaws_lc_sys-a3b019717e25f3b6.rlib(044d1b1af49c8a28-poly_use_hint_32_aarch64_asm.o) has version 27.0.0, which is newer than target minimum of 11.0.0
         rust-lld: /Users/kooshapari/CodeProjects/Phenotype/repos/Tracera/target/debug/deps/libaws_lc_sys-a3b019717e25f3b6.rlib(044d1b1af49c8a28-poly_use_hint_88_aarch64_asm.o) has version 27.0.0, which is newer than target minimum of 11.0.0
         rust-lld: /Users/kooshapari/CodeProjects/Phenotype/repos/Tracera/target/debug/deps/libaws_lc_sys-a3b019717e25f3b6.rlib(044d1b1af49c8a28-rej_uniform_aarch64_asm.o) has version 27.0.0, which is newer than target minimum of 11.0.0
         rust-lld: /Users/kooshapari/CodeProjects/Phenotype/repos/Tracera/target/debug/deps/libaws_lc_sys-a3b019717e25f3b6.rlib(044d1b1af49c8a28-rej_uniform_eta2_aarch64_asm.o) has version 27.0.0, which is newer than target minimum of 11.0.0
         rust-lld: /Users/kooshapari/CodeProjects/Phenotype/repos/Tracera/target/debug/deps/libaws_lc_sys-a3b019717e25f3b6.rlib(044d1b1af49c8a28-rej_uniform_eta4_aarch64_asm.o) has version 27.0.0, which is newer than target minimum of 11.0.0
         rust-lld: /Users/kooshapari/CodeProjects/Phenotype/repos/Tracera/target/debug/deps/libaws_lc_sys-a3b019717e25f3b6.rlib(7a51880ffa82f69b-intt.o) has version 27.0.0, which is newer than target minimum of 11.0.0
         rust-lld: /Users/kooshapari/CodeProjects/Phenotype/repos/Tracera/target/debug/deps/libaws_lc_sys-a3b019717e25f3b6.rlib(7a51880ffa82f69b-ntt.o) has version 27.0.0, which is newer than target minimum of 11.0.0
         rust-lld: /Users/kooshapari/CodeProjects/Phenotype/repos/Tracera/target/debug/deps/libaws_lc_sys-a3b019717e25f3b6.rlib(7a51880ffa82f69b-polyvec_basemul_acc_montgomery_cached_asm_k2.o) has version 27.0.0, which is newer than target minimum of 11.0.0
         rust-lld: /Users/kooshapari/CodeProjects/Phenotype/repos/Tracera/target/debug/deps/libaws_lc_sys-a3b019717e25f3b6.rlib(7a51880ffa82f69b-polyvec_basemul_acc_montgomery_cached_asm_k3.o) has version 27.0.0, which is newer than target minimum of 11.0.0
         rust-lld: /Users/kooshapari/CodeProjects/Phenotype/repos/Tracera/target/debug/deps/libaws_lc_sys-a3b019717e25f3b6.rlib(7a51880ffa82f69b-polyvec_basemul_acc_montgomery_cached_asm_k4.o) has version 27.0.0, which is newer than target minimum of 11.0.0
         rust-lld: /Users/kooshapari/CodeProjects/Phenotype/repos/Tracera/target/debug/deps/libaws_lc_sys-a3b019717e25f3b6.rlib(7a51880ffa82f69b-poly_mulcache_compute_asm.o) has version 27.0.0, which is newer than target minimum of 11.0.0
         rust-lld: /Users/kooshapari/CodeProjects/Phenotype/repos/Tracera/target/debug/deps/libaws_lc_sys-a3b019717e25f3b6.rlib(7a51880ffa82f69b-poly_reduce_asm.o) has version 27.0.0, which is newer than target minimum of 11.0.0
         rust-lld: /Users/kooshapari/CodeProjects/Phenotype/repos/Tracera/target/debug/deps/libaws_lc_sys-a3b019717e25f3b6.rlib(7a51880ffa82f69b-poly_tobytes_asm.o) has version 27.0.0, which is newer than target minimum of 11.0.0
         rust-lld: /Users/kooshapari/CodeProjects/Phenotype/repos/Tracera/target/debug/deps/libaws_lc_sys-a3b019717e25f3b6.rlib(7a51880ffa82f69b-poly_tomont_asm.o) has version 27.0.0, which is newer than target minimum of 11.0.0
         rust-lld: /Users/kooshapari/CodeProjects/Phenotype/repos/Tracera/target/debug/deps/libaws_lc_sys-a3b019717e25f3b6.rlib(7a51880ffa82f69b-rej_uniform_asm.o) has version 27.0.0, which is newer than target minimum of 11.0.0
         rust-lld: /Users/kooshapari/CodeProjects/Phenotype/repos/Tracera/target/debug/deps/libaws_lc_sys-a3b019717e25f3b6.rlib(6cb977b152c40450-chacha-armv8.o) has version 27.0.0, which is newer than target minimum of 11.0.0
         rust-lld: /Users/kooshapari/CodeProjects/Phenotype/repos/Tracera/target/debug/deps/libaws_lc_sys-a3b019717e25f3b6.rlib(c53e8c40df789e0d-chacha20_poly1305_armv8.o) has version 27.0.0, which is newer than target minimum of 11.0.0
         rust-lld: /Users/kooshapari/CodeProjects/Phenotype/repos/Tracera/target/debug/deps/libaws_lc_sys-a3b019717e25f3b6.rlib(c4391ac3c46825d6-aesv8-armx.o) has version 27.0.0, which is newer than target minimum of 11.0.0
         rust-lld: /Users/kooshapari/CodeProjects/Phenotype/repos/Tracera/target/debug/deps/libaws_lc_sys-a3b019717e25f3b6.rlib(c4391ac3c46825d6-aesv8-gcm-armv8-unroll8.o) has version 27.0.0, which is newer than target minimum of 11.0.0
         rust-lld: /Users/kooshapari/CodeProjects/Phenotype/repos/Tracera/target/debug/deps/libaws_lc_sys-a3b019717e25f3b6.rlib(c4391ac3c46825d6-aesv8-gcm-armv8.o) has version 27.0.0, which is newer than target minimum of 11.0.0
         rust-lld: /Users/kooshapari/CodeProjects/Phenotype/repos/Tracera/target/debug/deps/libaws_lc_sys-a3b019717e25f3b6.rlib(c4391ac3c46825d6-armv8-mont.o) has version 27.0.0, which is newer than target minimum of 11.0.0
         rust-lld: /Users/kooshapari/CodeProjects/Phenotype/repos/Tracera/target/debug/deps/libaws_lc_sys-a3b019717e25f3b6.rlib(c4391ac3c46825d6-bn-armv8.o) has version 27.0.0, which is newer than target minimum of 11.0.0
         rust-lld: /Users/kooshapari/CodeProjects/Phenotype/repos/Tracera/target/debug/deps/libaws_lc_sys-a3b019717e25f3b6.rlib(c4391ac3c46825d6-ghash-neon-armv8.o) has version 27.0.0, which is newer than target minimum of 11.0.0
         rust-lld: /Users/kooshapari/CodeProjects/Phenotype/repos/Tracera/target/debug/deps/libaws_lc_sys-a3b019717e25f3b6.rlib(c4391ac3c46825d6-ghashv8-armx.o) has version 27.0.0, which is newer than target minimum of 11.0.0
         rust-lld: /Users/kooshapari/CodeProjects/Phenotype/repos/Tracera/target/debug/deps/libaws_lc_sys-a3b019717e25f3b6.rlib(c4391ac3c46825d6-keccak1600-armv8.o) has version 27.0.0, which is newer than target minimum of 11.0.0
         rust-lld: /Users/kooshapari/CodeProjects/Phenotype/repos/Tracera/target/debug/deps/libaws_lc_sys-a3b019717e25f3b6.rlib(c4391ac3c46825d6-md5-armv8.o) has version 27.0.0, which is newer than target minimum of 11.0.0
         rust-lld: /Users/kooshapari/CodeProjects/Phenotype/repos/Tracera/target/debug/deps/libaws_lc_sys-a3b019717e25f3b6.rlib(c4391ac3c46825d6-p256-armv8-asm.o) has version 27.0.0, which is newer than target minimum of 11.0.0
         rust-lld: /Users/kooshapari/CodeProjects/Phenotype/repos/Tracera/target/debug/deps/libaws_lc_sys-a3b019717e25f3b6.rlib(c4391ac3c46825d6-p256_beeu-armv8-asm.o) has version 27.0.0, which is newer than target minimum of 11.0.0
         rust-lld: /Users/kooshapari/CodeProjects/Phenotype/repos/Tracera/target/debug/deps/libaws_lc_sys-a3b019717e25f3b6.rlib(c4391ac3c46825d6-rndr-armv8.o) has version 27.0.0, which is newer than target minimum of 11.0.0
         rust-lld: /Users/kooshapari/CodeProjects/Phenotype/repos/Tracera/target/debug/deps/libaws_lc_sys-a3b019717e25f3b6.rlib(c4391ac3c46825d6-sha1-armv8.o) has version 27.0.0, which is newer than target minimum of 11.0.0
         rust-lld: /Users/kooshapari/CodeProjects/Phenotype/repos/Tracera/target/debug/deps/libaws_lc_sys-a3b019717e25f3b6.rlib(c4391ac3c46825d6-sha256-armv8.o) has version 27.0.0, which is newer than target minimum of 11.0.0
         rust-lld: /Users/kooshapari/CodeProjects/Phenotype/repos/Tracera/target/debug/deps/libaws_lc_sys-a3b019717e25f3b6.rlib(c4391ac3c46825d6-sha512-armv8.o) has version 27.0.0, which is newer than target minimum of 11.0.0
         rust-lld: /Users/kooshapari/CodeProjects/Phenotype/repos/Tracera/target/debug/deps/libaws_lc_sys-a3b019717e25f3b6.rlib(c4391ac3c46825d6-vpaes-armv8.o) has version 27.0.0, which is newer than target minimum of 11.0.0
         rust-lld: /Users/kooshapari/CodeProjects/Phenotype/repos/Tracera/target/debug/deps/libaws_lc_sys-a3b019717e25f3b6.rlib(2a065450252c12f3-bignum_madd_n25519.o) has version 27.0.0, which is newer than target minimum of 11.0.0
         rust-lld: /Users/kooshapari/CodeProjects/Phenotype/repos/Tracera/target/debug/deps/libaws_lc_sys-a3b019717e25f3b6.rlib(2a065450252c12f3-bignum_madd_n25519_alt.o) has version 27.0.0, which is newer than target minimum of 11.0.0
         rust-lld: /Users/kooshapari/CodeProjects/Phenotype/repos/Tracera/target/debug/deps/libaws_lc_sys-a3b019717e25f3b6.rlib(2a065450252c12f3-bignum_mod_n25519.o) has version 27.0.0, which is newer than target minimum of 11.0.0
         rust-lld: /Users/kooshapari/CodeProjects/Phenotype/repos/Tracera/target/debug/deps/libaws_lc_sys-a3b019717e25f3b6.rlib(2a065450252c12f3-bignum_neg_p25519.o) has version 27.0.0, which is newer than target minimum of 11.0.0
         rust-lld: /Users/kooshapari/CodeProjects/Phenotype/repos/Tracera/target/debug/deps/libaws_lc_sys-a3b019717e25f3b6.rlib(2a065450252c12f3-curve25519_x25519base_byte.o) has version 27.0.0, which is newer than target minimum of 11.0.0
         rust-lld: /Users/kooshapari/CodeProjects/Phenotype/repos/Tracera/target/debug/deps/libaws_lc_sys-a3b019717e25f3b6.rlib(2a065450252c12f3-curve25519_x25519base_byte_alt.o) has version 27.0.0, which is newer than target minimum of 11.0.0
         rust-lld: /Users/kooshapari/CodeProjects/Phenotype/repos/Tracera/target/debug/deps/libaws_lc_sys-a3b019717e25f3b6.rlib(2a065450252c12f3-curve25519_x25519_byte.o) has version 27.0.0, which is newer than target minimum of 11.0.0
         rust-lld: /Users/kooshapari/CodeProjects/Phenotype/repos/Tracera/target/debug/deps/libaws_lc_sys-a3b019717e25f3b6.rlib(2a065450252c12f3-curve25519_x25519_byte_alt.o) has version 27.0.0, which is newer than target minimum of 11.0.0
         rust-lld: /Users/kooshapari/CodeProjects/Phenotype/repos/Tracera/target/debug/deps/libaws_lc_sys-a3b019717e25f3b6.rlib(2a065450252c12f3-edwards25519_decode.o) has version 27.0.0, which is newer than target minimum of 11.0.0
         rust-lld: /Users/kooshapari/CodeProjects/Phenotype/repos/Tracera/target/debug/deps/libaws_lc_sys-a3b019717e25f3b6.rlib(2a065450252c12f3-edwards25519_decode_alt.o) has version 27.0.0, which is newer than target minimum of 11.0.0
         rust-lld: /Users/kooshapari/CodeProjects/Phenotype/repos/Tracera/target/debug/deps/libaws_lc_sys-a3b019717e25f3b6.rlib(2a065450252c12f3-edwards25519_encode.o) has version 27.0.0, which is newer than target minimum of 11.0.0
         rust-lld: /Users/kooshapari/CodeProjects/Phenotype/repos/Tracera/target/debug/deps/libaws_lc_sys-a3b019717e25f3b6.rlib(2a065450252c12f3-edwards25519_scalarmulbase.o) has version 27.0.0, which is newer than target minimum of 11.0.0
         rust-lld: /Users/kooshapari/CodeProjects/Phenotype/repos/Tracera/target/debug/deps/libaws_lc_sys-a3b019717e25f3b6.rlib(2a065450252c12f3-edwards25519_scalarmulbase_alt.o) has version 27.0.0, which is newer than target minimum of 11.0.0
         rust-lld: /Users/kooshapari/CodeProjects/Phenotype/repos/Tracera/target/debug/deps/libaws_lc_sys-a3b019717e25f3b6.rlib(2a065450252c12f3-edwards25519_scalarmuldouble.o) has version 27.0.0, which is newer than target minimum of 11.0.0
         rust-lld: /Users/kooshapari/CodeProjects/Phenotype/repos/Tracera/target/debug/deps/libaws_lc_sys-a3b019717e25f3b6.rlib(2a065450252c12f3-edwards25519_scalarmuldouble_alt.o) has version 27.0.0, which is newer than target minimum of 11.0.0
         rust-lld: /Users/kooshapari/CodeProjects/Phenotype/repos/Tracera/target/debug/deps/libaws_lc_sys-a3b019717e25f3b6.rlib(2ee72d5a85c036ff-bignum_emontredc_8n.o) has version 27.0.0, which is newer than target minimum of 11.0.0
         rust-lld: /Users/kooshapari/CodeProjects/Phenotype/repos/Tracera/target/debug/deps/libaws_lc_sys-a3b019717e25f3b6.rlib(2ee72d5a85c036ff-bignum_kmul_16_32.o) has version 27.0.0, which is newer than target minimum of 11.0.0
         rust-lld: /Users/kooshapari/CodeProjects/Phenotype/repos/Tracera/target/debug/deps/libaws_lc_sys-a3b019717e25f3b6.rlib(2ee72d5a85c036ff-bignum_kmul_32_64.o) has version 27.0.0, which is newer than target minimum of 11.0.0
         rust-lld: /Users/kooshapari/CodeProjects/Phenotype/repos/Tracera/target/debug/deps/libaws_lc_sys-a3b019717e25f3b6.rlib(2ee72d5a85c036ff-bignum_ksqr_16_32.o) has version 27.0.0, which is newer than target minimum of 11.0.0
         rust-lld: /Users/kooshapari/CodeProjects/Phenotype/repos/Tracera/target/debug/deps/libaws_lc_sys-a3b019717e25f3b6.rlib(2ee72d5a85c036ff-bignum_ksqr_32_64.o) has version 27.0.0, which is newer than target minimum of 11.0.0
         rust-lld: /Users/kooshapari/CodeProjects/Phenotype/repos/Tracera/target/debug/deps/libaws_lc_sys-a3b019717e25f3b6.rlib(2eb9bba22ef5252d-bignum_copy_row_from_table.o) has version 27.0.0, which is newer than target minimum of 11.0.0
         rust-lld: /Users/kooshapari/CodeProjects/Phenotype/repos/Tracera/target/debug/deps/libaws_lc_sys-a3b019717e25f3b6.rlib(2eb9bba22ef5252d-bignum_copy_row_from_table_16.o) has version 27.0.0, which is newer than target minimum of 11.0.0
         rust-lld: /Users/kooshapari/CodeProjects/Phenotype/repos/Tracera/target/debug/deps/libaws_lc_sys-a3b019717e25f3b6.rlib(2eb9bba22ef5252d-bignum_copy_row_from_table_32.o) has version 27.0.0, which is newer than target minimum of 11.0.0
         rust-lld: /Users/kooshapari/CodeProjects/Phenotype/repos/Tracera/target/debug/deps/libaws_lc_sys-a3b019717e25f3b6.rlib(2eb9bba22ef5252d-bignum_copy_row_from_table_8n.o) has version 27.0.0, which is newer than target minimum of 11.0.0
         rust-lld: /Users/kooshapari/CodeProjects/Phenotype/repos/Tracera/target/debug/deps/libaws_lc_sys-a3b019717e25f3b6.rlib(2eb9bba22ef5252d-bignum_ge.o) has version 27.0.0, which is newer than target minimum of 11.0.0
         rust-lld: /Users/kooshapari/CodeProjects/Phenotype/repos/Tracera/target/debug/deps/libaws_lc_sys-a3b019717e25f3b6.rlib(2eb9bba22ef5252d-bignum_mul.o) has version 27.0.0, which is newer than target minimum of 11.0.0
         rust-lld: /Users/kooshapari/CodeProjects/Phenotype/repos/Tracera/target/debug/deps/libaws_lc_sys-a3b019717e25f3b6.rlib(2eb9bba22ef5252d-bignum_optsub.o) has version 27.0.0, which is newer than target minimum of 11.0.0
         rust-lld: /Users/kooshapari/CodeProjects/Phenotype/repos/Tracera/target/debug/deps/libaws_lc_sys-a3b019717e25f3b6.rlib(2eb9bba22ef5252d-bignum_sqr.o) has version 27.0.0, which is newer than target minimum of 11.0.0
         rust-lld: /Users/kooshapari/CodeProjects/Phenotype/repos/Tracera/target/debug/deps/libaws_lc_sys-a3b019717e25f3b6.rlib(46b3cee15136b9e3-bignum_montinv_p256.o) has version 27.0.0, which is newer than target minimum of 11.0.0
         rust-lld: /Users/kooshapari/CodeProjects/Phenotype/repos/Tracera/target/debug/deps/libaws_lc_sys-a3b019717e25f3b6.rlib(46b3cee15136b9e3-p256_montjscalarmul.o) has version 27.0.0, which is newer than target minimum of 11.0.0
         rust-lld: /Users/kooshapari/CodeProjects/Phenotype/repos/Tracera/target/debug/deps/libaws_lc_sys-a3b019717e25f3b6.rlib(46b3cee15136b9e3-p256_montjscalarmul_alt.o) has version 27.0.0, which is newer than target minimum of 11.0.0
         rust-lld: /Users/kooshapari/CodeProjects/Phenotype/repos/Tracera/target/debug/deps/libaws_lc_sys-a3b019717e25f3b6.rlib(33b0e8a9ff3ac954-bignum_add_p384.o) has version 27.0.0, which is newer than target minimum of 11.0.0
         rust-lld: /Users/kooshapari/CodeProjects/Phenotype/repos/Tracera/target/debug/deps/libaws_lc_sys-a3b019717e25f3b6.rlib(33b0e8a9ff3ac954-bignum_deamont_p384.o) has version 27.0.0, which is newer than target minimum of 11.0.0
         rust-lld: /Users/kooshapari/CodeProjects/Phenotype/repos/Tracera/target/debug/deps/libaws_lc_sys-a3b019717e25f3b6.rlib(33b0e8a9ff3ac954-bignum_littleendian_6.o) has version 27.0.0, which is newer than target minimum of 11.0.0
         rust-lld: /Users/kooshapari/CodeProjects/Phenotype/repos/Tracera/target/debug/deps/libaws_lc_sys-a3b019717e25f3b6.rlib(33b0e8a9ff3ac954-bignum_montinv_p384.o) has version 27.0.0, which is newer than target minimum of 11.0.0
         rust-lld: /Users/kooshapari/CodeProjects/Phenotype/repos/Tracera/target/debug/deps/libaws_lc_sys-a3b019717e25f3b6.rlib(33b0e8a9ff3ac954-bignum_montmul_p384.o) has version 27.0.0, which is newer than target minimum of 11.0.0
         rust-lld: /Users/kooshapari/CodeProjects/Phenotype/repos/Tracera/target/debug/deps/libaws_lc_sys-a3b019717e25f3b6.rlib(33b0e8a9ff3ac954-bignum_montmul_p384_alt.o) has version 27.0.0, which is newer than target minimum of 11.0.0
         rust-lld: /Users/kooshapari/CodeProjects/Phenotype/repos/Tracera/target/debug/deps/libaws_lc_sys-a3b019717e25f3b6.rlib(33b0e8a9ff3ac954-bignum_montsqr_p384.o) has version 27.0.0, which is newer than target minimum of 11.0.0
         rust-lld: /Users/kooshapari/CodeProjects/Phenotype/repos/Tracera/target/debug/deps/libaws_lc_sys-a3b019717e25f3b6.rlib(33b0e8a9ff3ac954-bignum_montsqr_p384_alt.o) has version 27.0.0, which is newer than target minimum of 11.0.0
         rust-lld: /Users/kooshapari/CodeProjects/Phenotype/repos/Tracera/target/debug/deps/libaws_lc_sys-a3b019717e25f3b6.rlib(33b0e8a9ff3ac954-bignum_neg_p384.o) has version 27.0.0, which is newer than target minimum of 11.0.0
         rust-lld: /Users/kooshapari/CodeProjects/Phenotype/repos/Tracera/target/debug/deps/libaws_lc_sys-a3b019717e25f3b6.rlib(33b0e8a9ff3ac954-bignum_nonzero_6.o) has version 27.0.0, which is newer than target minimum of 11.0.0
         rust-lld: /Users/kooshapari/CodeProjects/Phenotype/repos/Tracera/target/debug/deps/libaws_lc_sys-a3b019717e25f3b6.rlib(33b0e8a9ff3ac954-bignum_sub_p384.o) has version 27.0.0, which is newer than target minimum of 11.0.0
         rust-lld: /Users/kooshapari/CodeProjects/Phenotype/repos/Tracera/target/debug/deps/libaws_lc_sys-a3b019717e25f3b6.rlib(33b0e8a9ff3ac954-bignum_tomont_p384.o) has version 27.0.0, which is newer than target minimum of 11.0.0
         rust-lld: /Users/kooshapari/CodeProjects/Phenotype/repos/Tracera/target/debug/deps/libaws_lc_sys-a3b019717e25f3b6.rlib(33b0e8a9ff3ac954-p384_montjdouble.o) has version 27.0.0, which is newer than target minimum of 11.0.0
         rust-lld: /Users/kooshapari/CodeProjects/Phenotype/repos/Tracera/target/debug/deps/libaws_lc_sys-a3b019717e25f3b6.rlib(33b0e8a9ff3ac954-p384_montjdouble_alt.o) has version 27.0.0, which is newer than target minimum of 11.0.0
         rust-lld: /Users/kooshapari/CodeProjects/Phenotype/repos/Tracera/target/debug/deps/libaws_lc_sys-a3b019717e25f3b6.rlib(33b0e8a9ff3ac954-p384_montjscalarmul.o) has version 27.0.0, which is newer than target minimum of 11.0.0
         rust-lld: /Users/kooshapari/CodeProjects/Phenotype/repos/Tracera/target/debug/deps/libaws_lc_sys-a3b019717e25f3b6.rlib(33b0e8a9ff3ac954-p384_montjscalarmul_alt.o) has version 27.0.0, which is newer than target minimum of 11.0.0
         rust-lld: /Users/kooshapari/CodeProjects/Phenotype/repos/Tracera/target/debug/deps/libaws_lc_sys-a3b019717e25f3b6.rlib(ccbabe9886131d80-bignum_add_p521.o) has version 27.0.0, which is newer than target minimum of 11.0.0
         rust-lld: /Users/kooshapari/CodeProjects/Phenotype/repos/Tracera/target/debug/deps/libaws_lc_sys-a3b019717e25f3b6.rlib(ccbabe9886131d80-bignum_fromlebytes_p521.o) has version 27.0.0, which is newer than target minimum of 11.0.0
         rust-lld: /Users/kooshapari/CodeProjects/Phenotype/repos/Tracera/target/debug/deps/libaws_lc_sys-a3b019717e25f3b6.rlib(ccbabe9886131d80-bignum_inv_p521.o) has version 27.0.0, which is newer than target minimum of 11.0.0
         rust-lld: /Users/kooshapari/CodeProjects/Phenotype/repos/Tracera/target/debug/deps/libaws_lc_sys-a3b019717e25f3b6.rlib(ccbabe9886131d80-bignum_mul_p521.o) has version 27.0.0, which is newer than target minimum of 11.0.0
         rust-lld: /Users/kooshapari/CodeProjects/Phenotype/repos/Tracera/target/debug/deps/libaws_lc_sys-a3b019717e25f3b6.rlib(ccbabe9886131d80-bignum_mul_p521_alt.o) has version 27.0.0, which is newer than target minimum of 11.0.0
         rust-lld: /Users/kooshapari/CodeProjects/Phenotype/repos/Tracera/target/debug/deps/libaws_lc_sys-a3b019717e25f3b6.rlib(ccbabe9886131d80-bignum_neg_p521.o) has version 27.0.0, which is newer than target minimum of 11.0.0
         rust-lld: /Users/kooshapari/CodeProjects/Phenotype/repos/Tracera/target/debug/deps/libaws_lc_sys-a3b019717e25f3b6.rlib(ccbabe9886131d80-bignum_sqr_p521.o) has version 27.0.0, which is newer than target minimum of 11.0.0
         rust-lld: /Users/kooshapari/CodeProjects/Phenotype/repos/Tracera/target/debug/deps/libaws_lc_sys-a3b019717e25f3b6.rlib(ccbabe9886131d80-bignum_sqr_p521_alt.o) has version 27.0.0, which is newer than target minimum of 11.0.0
         rust-lld: /Users/kooshapari/CodeProjects/Phenotype/repos/Tracera/target/debug/deps/libaws_lc_sys-a3b019717e25f3b6.rlib(ccbabe9886131d80-bignum_sub_p521.o) has version 27.0.0, which is newer than target minimum of 11.0.0
         rust-lld: /Users/kooshapari/CodeProjects/Phenotype/repos/Tracera/target/debug/deps/libaws_lc_sys-a3b019717e25f3b6.rlib(ccbabe9886131d80-bignum_tolebytes_p521.o) has version 27.0.0, which is newer than target minimum of 11.0.0
         rust-lld: /Users/kooshapari/CodeProjects/Phenotype/repos/Tracera/target/debug/deps/libaws_lc_sys-a3b019717e25f3b6.rlib(ccbabe9886131d80-p521_jdouble.o) has version 27.0.0, which is newer than target minimum of 11.0.0
         rust-lld: /Users/kooshapari/CodeProjects/Phenotype/repos/Tracera/target/debug/deps/libaws_lc_sys-a3b019717e25f3b6.rlib(ccbabe9886131d80-p521_jdouble_alt.o) has version 27.0.0, which is newer than target minimum of 11.0.0
         rust-lld: /Users/kooshapari/CodeProjects/Phenotype/repos/Tracera/target/debug/deps/libaws_lc_sys-a3b019717e25f3b6.rlib(ccbabe9886131d80-p521_jscalarmul.o) has version 27.0.0, which is newer than target minimum of 11.0.0
         rust-lld: /Users/kooshapari/CodeProjects/Phenotype/repos/Tracera/target/debug/deps/libaws_lc_sys-a3b019717e25f3b6.rlib(ccbabe9886131d80-p521_jscalarmul_alt.o) has version 27.0.0, which is newer than target minimum of 11.0.0
         rust-lld: /Users/kooshapari/CodeProjects/Phenotype/repos/Tracera/target/debug/deps/libaws_lc_sys-a3b019717e25f3b6.rlib(ac9a06e0f1f9cd7d-sha3_keccak2_f1600.o) has version 27.0.0, which is newer than target minimum of 11.0.0
         rust-lld: /Users/kooshapari/CodeProjects/Phenotype/repos/Tracera/target/debug/deps/libaws_lc_sys-a3b019717e25f3b6.rlib(ac9a06e0f1f9cd7d-sha3_keccak4_f1600_alt.o) has version 27.0.0, which is newer than target minimum of 11.0.0
         rust-lld: /Users/kooshapari/CodeProjects/Phenotype/repos/Tracera/target/debug/deps/libaws_lc_sys-a3b019717e25f3b6.rlib(ac9a06e0f1f9cd7d-sha3_keccak4_f1600_alt2.o) has version 27.0.0, which is newer than target minimum of 11.0.0
         rust-lld: /Users/kooshapari/CodeProjects/Phenotype/repos/Tracera/target/debug/deps/libaws_lc_sys-a3b019717e25f3b6.rlib(ac9a06e0f1f9cd7d-sha3_keccak_f1600.o) has version 27.0.0, which is newer than target minimum of 11.0.0
         rust-lld: /Users/kooshapari/CodeProjects/Phenotype/repos/Tracera/target/debug/deps/libaws_lc_sys-a3b019717e25f3b6.rlib(ac9a06e0f1f9cd7d-sha3_keccak_f1600_alt.o) has version 27.0.0, which is newer than target minimum of 11.0.0
         rust-lld: /Users/kooshapari/CodeProjects/Phenotype/repos/Tracera/target/debug/deps/libaws_lc_sys-a3b019717e25f3b6.rlib(e9338ebcd69164a9-aes-xts-dec.o) has version 27.0.0, which is newer than target minimum of 11.0.0
         rust-lld: /Users/kooshapari/CodeProjects/Phenotype/repos/Tracera/target/debug/deps/libaws_lc_sys-a3b019717e25f3b6.rlib(e9338ebcd69164a9-aes-xts-enc.o) has version 27.0.0, which is newer than target minimum of 11.0.0
         rust-lld: /Users/kooshapari/CodeProjects/Phenotype/repos/Tracera/target/debug/deps/libaws_lc_sys-a3b019717e25f3b6.rlib(2d40dbbd793ef942-jitterentropy-base.o) has version 27.0.0, which is newer than target minimum of 11.0.0
         rust-lld: /Users/kooshapari/CodeProjects/Phenotype/repos/Tracera/target/debug/deps/libaws_lc_sys-a3b019717e25f3b6.rlib(2d40dbbd793ef942-jitterentropy-gcd.o) has version 27.0.0, which is newer than target minimum of 11.0.0
         rust-lld: /Users/kooshapari/CodeProjects/Phenotype/repos/Tracera/target/debug/deps/libaws_lc_sys-a3b019717e25f3b6.rlib(2d40dbbd793ef942-jitterentropy-health.o) has version 27.0.0, which is newer than target minimum of 11.0.0
         rust-lld: /Users/kooshapari/CodeProjects/Phenotype/repos/Tracera/target/debug/deps/libaws_lc_sys-a3b019717e25f3b6.rlib(2d40dbbd793ef942-jitterentropy-noise.o) has version 27.0.0, which is newer than target minimum of 11.0.0
         rust-lld: /Users/kooshapari/CodeProjects/Phenotype/repos/Tracera/target/debug/deps/libaws_lc_sys-a3b019717e25f3b6.rlib(2d40dbbd793ef942-jitterentropy-sha3.o) has version 27.0.0, which is newer than target minimum of 11.0.0
         rust-lld: Option `-no_compact_unwind' is undocumented. Should lld implement it?
  |
  = note: `#[warn(linker_messages)]` on by default

warning: `tracera-cli` (bin "tracera" test) generated 3 warnings
    Finished `test` profile [unoptimized + debuginfo] target(s) in 0.61s
     Running unittests src/main.rs (target/debug/deps/tracera-b6c1bea7597e8c5e)
     Running unittests src/lib.rs (target/debug/deps/tracera_edge-02c3ecacd6eac335)
     Running unittests src/main.rs (target/debug/deps/tracera_server-23540d47ebedc48f)
     Running unittests src/main.rs (target/debug/deps/tracertm_mcp-9036f34d754adca9)
